"Chromosome","Start","End","Midpoint","House_pi","Bactrianus_pi","Spanish_pi","Italian_pi","Tree_pi","House_vs_Bactrianus_fst","House_vs_Spanish_fst","House_vs_Italian_fst","House_vs_Tree_fst","Bactrianus_vs_Spanish_fst","Bactrianus_vs_Italian_fst","Bactrianus_vs_Tree_fst","Spanish_vs_Italian_fst","Spanish_vs_Tree_fst","Italian_vs_Tree_fst","House_vs_Bactrianus_dxy","House_vs_Spanish_dxy","House_vs_Italian_dxy","House_vs_Tree_dxy","Bactrianus_vs_Spanish_dxy","Bactrianus_vs_Italian_dxy","Bactrianus_vs_Tree_dxy","Spanish_vs_Italian_dxy","Spanish_vs_Tree_dxy","Italian_vs_Tree_dxy"
"chr8",1,1e+05,50000,0.000151145832326604,0.000145783410091566,0.000154329517259538,0.000130473192254474,3.36894306149332e-05,0.101901651429797,0.0709313505895262,0.0013997257535972,0.469977817314252,0.231188580334958,0.113928849940699,0.486290989341462,0.0375402628880737,0.50658040240714,0.454316939822611,0.000161067364431572,0.000159900992248526,0.00013698610491827,0.000210432184282368,0.000189417609987176,0.000151202362340129,0.000188043333372521,0.000142974535172366,0.000230698300353241,0.000186425425473909
"chr8",75001,175000,125000,0.000121513542025059,0.000125260234901728,0.000112002683487,9.0726815916e-05,1.17907923912543e-05,0.0388933737090039,0.107362594372734,0.0175891963313789,0.292421498648686,0.202854912458579,0.0701415878821265,0.35368203098754,0.0693678106455048,0.36811139682247,0.300189317643559,0.000128011496781542,0.000130170248695254,0.000106360624669374,0.000110962621319064,0.000146573882773064,0.00011458113019023,0.000118318942248542,0.000107065237980648,0.000117146346022499,9.74378365961027e-05
"chr8",150001,250000,2e+05,0.000105790310446664,0.000100424077595808,0.000101718654671419,8.7439582332114e-05,2.53182053634907e-05,0.0760696059045603,0.0377443909037258,0.0197278575157359,0.524737381657065,0.159128438729064,0.135925498169228,0.514839622425251,0.0138271309450415,0.580594295235772,0.572254313080518,0.000104948252595997,0.000101996466253173,9.16071590576561e-05,0.000165825323004393,0.000112989557402276,0.00010215795780265,0.000141215974524159,9.0121083764895e-05,0.000185499438113467,0.000160887087233925
"chr8",225001,325000,275000,0.000121262718540638,0.000116645630190807,0.000121426392350871,0.000106556427872506,2.01071341796437e-05,0.0832677911862216,0.0323350941208723,0.0102024970732927,0.460536488858282,0.159538722586718,0.133849414462707,0.405378520794774,0.0131754706199472,0.517449932974887,0.492403694008671,0.00012603540291478,0.000121479638275909,0.000110578709706886,0.00016619721509772,0.000136169976267728,0.000124208943811504,0.000130601414542576,0.000111445699150426,0.000185835490237047,0.000162805378833042
"chr8",300001,4e+05,350000,9.45656133971464e-05,9.64596958040981e-05,9.76699641827333e-05,8.08295136278004e-05,1.06324037980631e-05,0.0771146704803434,0.0679807815633841,0.011473478770451,0.469911100316932,0.110100003085862,0.0953484970643362,0.377349426364129,0.0396245099439132,0.444640743814767,0.451979329628303,0.000102235572633549,0.00010166670336385,8.66220547351249e-05,0.000128347594177131,0.000106964043518966,9.65519623354293e-05,0.000102787220978021,9.13234917199234e-05,0.000125217877944729,0.000116199325990138
"chr8",375001,475000,425000,0.00010227821476039,0.000114217257199248,0.000113031357337123,9.14566904024578e-05,1.81069594941e-05,0.0578527416998398,0.0797091065387658,0.0393255061759339,0.457175480824732,0.12768591241058,0.0923451375411326,0.441474228919965,0.0290178903168313,0.488158632790662,0.493311955557603,0.000111439780913602,0.000113130411302376,9.67453055672872e-05,0.000136913377727319,0.000126335297564337,0.000108421377944867,0.000134107597572635,0.000101456255157035,0.000156915171766681,0.000140003812061292
"chr8",450001,550000,5e+05,0.000157907481324035,0.000174951780229892,0.000173017609587034,NA,3.07410876112575e-05,0.0383699781979948,0.101890219183038,0.0228186630285015,0.393932782997964,0.134698754862608,0.0626773249264403,0.401440607407102,0.0370236876470255,0.47429993533289,0.428581219515707,0.000168694211072529,0.00017887021070854,0.000145970409405409,0.000194796807480988,0.000195565722606347,0.000160481699151021,0.000194066161002855,0.000154836439570646,0.000238733158199464,0.000191013776940364
"chr8",525001,625000,575000,0.000167069637272157,0.000168683095370063,0.000170207750730153,0.000136611285027959,2.65302157311862e-05,0.0828270022520082,0.0684761149217571,0.0150176577688323,0.506229893752917,0.127311057459069,0.0866323772858385,0.445930232653787,0.0257069189378336,0.506342306115325,0.48815647222185,0.000177316669732266,0.000175707598158933,0.000147120245336409,0.000236547059961243,0.000188368781684781,0.000160295986649734,0.000196114029458398,0.000150954334246588,0.000245815515165123,0.000204655959833584
"chr8",600001,7e+05,650000,NA,0.000190948402025646,0.000172336659561245,0.000155008745390971,6.95369622643804e-05,NA,NA,NA,NA,NA,NA,NA,NA,NA,NA,NA,NA,NA,NA,NA,NA,NA,NA,NA,NA
"chr8",675001,775000,725000,0.000269477579070487,0.000272559575503657,0.000244057384298208,0.000223133877696493,9.11210414856046e-05,0.0533981221141456,0.0624812285720629,0.0287899894406848,0.424613670600252,0.114551230748445,0.084532918120212,0.420578014544495,0.0151274192288884,0.482285493270438,0.461196263050634,0.000275181946208008,0.000263388363522778,0.000241285145101207,0.000357315962521032,0.000278332142370255,0.000255892021430628,0.000338907267975743,0.000229067862616017,0.000370083713509769,0.000341401271875702
"chr8",750001,850000,8e+05,0.000114042556850491,0.000115013542107317,0.000108635452525862,9.12535879409482e-05,1.63696100032529e-05,0.0475154879449597,0.0573893508761439,0.0171300405847346,0.48973045416018,0.113435934051673,0.083065488258069,0.482695088274165,0.01463869923045,0.516184486965639,0.516920235679575,0.000116370629909014,0.000114007342005633,9.90681274681592e-05,0.00016207622192013,0.000122884651237605,0.0001068260486634,0.000147675430808709,9.80618375494071e-05,0.00016178539754281,0.000144645264568556
"chr8",825001,925000,875000,6.44266534695389e-05,6.33509522746928e-05,6.14181141327833e-05,4.95947926350785e-05,1.21058091936042e-05,0.0551251501563082,0.0667574292167252,0.0297545348309766,0.469526288312295,0.135338958839471,0.0745939286966517,0.424734940349941,0.0163752787182062,0.507966050372754,0.46642409434274,6.51512089964813e-05,6.51169894183492e-05,5.6391936035593e-05,8.60957928459499e-05,6.83224742442695e-05,5.79350262077038e-05,7.33088222006367e-05,5.41094401691168e-05,9.25383015797665e-05,7.55987517925579e-05
"chr8",900001,1e+06,950000,NA,0.000146509629270372,0.000119205371688502,0.000107458055436488,1.80021157223373e-05,NA,NA,NA,NA,NA,NA,NA,NA,NA,NA,NA,NA,NA,NA,NA,NA,NA,NA,NA,NA
"chr8",975001,1075000,1025000,0.000102436876724892,NA,NA,8.12911202958253e-05,NA,0.0611792013655325,0.0627725196619248,0.0222020041527067,0.47803709116894,0.118071228885099,0.0550112566965824,0.469789930115489,0.0197280811408542,0.521490075321666,0.491833265053296,0.0001039226111583,0.000106047377890392,9.09895697955304e-05,0.000131766111632875,0.000108024380788752,9.1034103606489e-05,0.000110335548739362,8.9887074598071e-05,0.000142923795218693,0.000116076410828474
"chr8",1050001,1150000,1100000,0.000113102285745563,0.000111579981253743,0.000119950017647239,9.10030618248566e-05,2.76342856529263e-05,0.0890632331581653,0.019811751824887,0.00485127278782518,0.433479576651444,0.120971103803964,0.0921080099189048,0.379729142457432,0.0060287811657698,0.463268627481,0.465711393225744,0.000121382904947145,0.000117221829798176,9.98824712470887e-05,0.000149566344033048,0.000128909728754369,0.000108238055457654,0.000129430592537698,0.000102550856033094,0.000166013196446873,0.000139916454497685
"chr8",1125001,1225000,1175000,0.000184285486705414,NA,NA,0.000129777860584727,NA,0.0661976820316715,0.0621149247885704,0.0258997398122792,0.441603111223087,0.117208601469815,0.0803656317710477,0.428232905838364,0.0140768710941485,0.484530721615056,0.487344511010362,0.000198132408055118,0.000178543086518691,0.000153646867833936,0.000234301269573314,0.000194196791419706,0.000167519458003225,0.000225129137793421,0.000142193987567853,0.000231720631651937,0.000207760736497649
"chr8",1200001,1300000,1250000,0.000202623650212188,0.000219578038538863,0.000178804719532151,0.000153218858460551,3.28481164684716e-05,0.0471351122140927,0.0376519788348468,0.00894021026055998,0.532406926926485,0.0701021523635919,0.0340956091385507,0.504866273042391,0.0137587017936026,0.568350963677669,0.536588138745128,0.000213025990964719,0.000191098643946585,0.000170184961933522,0.000310356982974491,0.000205361492237356,0.000182693809607847,0.000289213187466239,0.000161082564889201,0.000310621436195046,0.000265424400637607
"chr8",1275001,1375000,1325000,0.00012695725195144,0.000142535483654722,0.000123491414396972,0.000102512126619946,2.98454840861194e-05,0.0424775119482273,0.0311204656057213,0.00635689427332712,0.554761518927637,0.0508983809051693,0.0456369580469618,0.526322025598411,0.0141704956048168,0.585147387992355,0.568562565790322,0.000133862844784316,0.00012440812885462,0.000108865683037934,0.000214908098440133,0.000134132662969533,0.000120340323419565,0.000205320530175567,0.000108934905803721,0.000222728390087099,0.000193873365058348
"chr8",1350001,1450000,1400000,0.000207038371977595,0.000210139128979145,0.000204842371551929,NA,3.28476029145931e-05,0.0623706072414728,0.0260830075920776,0.0146515513170639,0.539989351184063,0.0811511228998347,0.0528140395747913,0.497939200390953,0.0145818551789366,0.533859734586929,0.541923854926261,0.000214162213370375,0.000203304183834434,0.000175849202317591,0.000315473163233705,0.000217570939187444,0.000184719805792935,0.000276489954471282,0.000175211585521181,0.000315293286722461,0.000271710058531764
"chr8",1425001,1525000,1475000,0.00035684745922459,0.000320341451309138,0.000317279817086437,0.000255657532188318,4.60643488946425e-05,0.0690769865840572,0.0318481578176905,0.0184275087016782,0.506126979547355,0.080558634575241,0.0661906320040469,0.493161784344245,0.0200535548631642,0.522691326909206,0.52860187293934,0.000351679546243491,0.000336300939362799,0.000294334551164851,0.000489404489538027,0.000335135640919333,0.000294049517082568,0.00040591644719743,0.00027836414948359,0.000482962761619584,0.000420853839342377
"chr8",1500001,1600000,1550000,0.000202721642453566,0.000180268271964733,0.000185038716366799,0.000155516485476886,2.70578053161428e-05,0.076094575386845,0.0227929673955165,0.0139014763046564,0.500919162295118,0.0632812138975142,0.0585865195492868,0.506382453095067,0.0033001157435403,0.497542350844185,0.502724421250015,0.000201503231655602,0.000194059187953252,0.000174703641686267,0.000268900808571107,0.000190420842426753,0.000172308346958702,0.000233702339901175,0.000165833238143749,0.000262781445259956,0.000234493534657772
"chr8",1575001,1675000,1625000,0.000317584959695352,0.000164450548598054,0.000152137627332601,0.000128153503167157,1.82133618486499e-05,0.0816839076498853,0.0772573542268208,0.0735838310671146,0.162585401268909,0.100500895364203,0.0847604954606985,0.192541376514183,0.076250269206714,0.176898009070962,0.162208188573431,0.000313976643911983,0.000300230135231613,0.000307742347591618,0.000316658913448361,0.000301571283061635,0.000308690333958547,0.000318015564164217,0.000295019323603446,0.000303906983052277,0.000311307434678066
"chr8",1650001,1750000,1700000,0.000276642035955475,0.000262643043634807,0.000264226626956877,0.000216052544772926,4.79584089516187e-05,0.0449676140982208,0.0270885416352231,0.0168881639279164,0.513924937785257,0.065110778495041,0.0479340930096818,0.520176634700245,0.0092033152598169,0.525611833482684,0.524255405037304,0.000271301893031456,0.000268425215558889,0.000238305536478974,0.000400954073521323,0.000270856969167264,0.000238298171274696,0.000361971321084765,0.000231554857093527,0.000405622792333304,0.000355260204973091
"chr8",1725001,1825000,1775000,0.000381834174822537,0.000365297372876662,0.000346589258787905,0.000309875672771905,6.07035781626749e-05,0.0466776706783694,0.0500131297190859,0.01562764044968,0.461862199427129,0.0607910509032653,0.0423227863855204,0.478691136840506,0.0181009048832152,0.500110266777253,0.479622166671085,0.000380269710784804,0.000372621885894123,0.000337995918253423,0.00048118498177561,0.000367980078702408,0.000339487341161507,0.000444543270838119,0.000323689447091304,0.000496972554143991,0.000438795307233634
"chr8",1800001,1900000,1850000,0.00038647877862858,0.000401299862206829,0.000327586229740667,0.000301198764431376,7.03916502972297e-05,0.0534853529875824,0.0544743882935678,0.0160941220147623,0.489708736408923,0.0578966209208667,0.0339149468503115,0.503820480297722,0.0132447593354631,0.531776120299455,0.509187245812152,0.000401118811430946,0.000365050081422815,0.000333627956344441,0.000521716098097117,0.000369508317622679,0.000343916420623414,0.000512281805653843,0.000307126955363127,0.000513588292260056,0.000460504697944026
"chr8",1875001,1975000,1925000,0.000372569886265719,0.000822399711434931,0.000797092880561593,0.000296093526141969,0.000703640178124322,0.0460151631768222,0.04700589238061,0.0132944412411494,0.513056837448644,0.0739211661602188,0.0497567945014811,0.507366919921441,0.023535694930436,0.556695011349405,0.530594131581126,0.000382795755793742,0.000358053976636978,0.000320964594660832,0.000531418861394796,0.000373560063528354,0.000340194956546065,0.000516157007204319,0.000309413470028418,0.000553929262026067,0.00048043583997574
"chr8",1950001,2050000,2e+06,0.000416889305712507,NA,NA,0.000333942443808118,NA,0.0631602093293392,0.0385086770772682,0.00839271494755984,0.537457693621036,0.101074081692901,0.0725245017492047,0.500772516182307,0.0185901502365921,0.569249374987538,0.552036643714606,0.000437545834269367,0.00039716640142087,0.000360208511366927,0.000616389433794485,0.000432879562779947,0.000391488114540101,0.000560683027058865,0.000345893627018857,0.000639283190136208,0.000555763492447552
"chr8",2025001,2125000,2075000,0.000318684242591012,0.000317208076455688,0.000291983999947862,0.000229729368619161,3.3534651797918e-05,0.0590105114204188,0.0417774282297156,0.0147284165950673,0.529946134393339,0.0850781033804197,0.0686182122634031,0.479822338254308,0.0143741986290692,0.533814392265838,0.545119164317592,0.000326300261252757,0.000307500433498152,0.000261578089190795,0.000461743024138124,0.000322316017726799,0.000277391952051016,0.000398101444238684,0.000252133804329352,0.000457922844504585,0.000386965167182471
"chr8",2100001,2200000,2150000,0.000309386288525069,0.000301669353793414,0.0002665145745121,0.000221658420398697,3.04292124651321e-05,0.0538244750891535,0.0539260505461396,0.0180587225479779,0.426807512368711,0.0935263132058979,0.0574059488774311,0.43798691096422,0.0106196334925819,0.464776527263721,0.456274419711626,0.000317872985041338,0.000297375777986164,0.000259381844296474,0.000363015517230733,0.000305795817284272,0.000267676414324362,0.000340274396758777,0.000240021138071709,0.000353724931603272,0.000309382464282246
"chr8",2175001,2275000,2225000,0.000251609735560474,0.000254111877066022,0.000240853178347777,0.000191609670163722,4.22206637193625e-05,0.0467434121613367,0.0326740694329857,0.00878967506017524,0.547479161323662,0.0994788616989696,0.0605815040268675,0.544886757281307,0.0122131390161109,0.569843574266007,0.558574188254938,0.000251210859547312,0.000242340712655565,0.000209452103012784,0.000398802637070088,0.000260326179980063,0.00022106857300682,0.000362323439711784,0.00020736509514212,0.000408908728175606,0.000340565894444796
"chr8",2250001,2350000,2300000,0.00034966041789571,0.000302900924361482,0.000285174340974286,NA,6.34422557012475e-05,0.0671377121647642,0.0407635116588441,0.0169239638188945,0.529241845150789,0.107464677183564,0.0758592728304186,0.524600705022844,0.0175724121044719,0.56697057359422,0.543054619342235,0.000332529308892457,0.000317097898526346,0.000287639292223017,0.000507665368329914,0.00031261823743117,0.000280764410325091,0.000420979104027061,0.000259560974390141,0.000490672124392389,0.000429726255445811
"chr8",2325001,2425000,2375000,0.000278866672643433,0.000272673716607008,0.000260138637580127,0.000233491642599214,5.70160725307618e-05,0.0590748355370985,0.0446586846060986,0.0157232952236632,0.502843827179929,0.10084270208801,0.0760361637291398,0.497780219695816,0.012639035414127,0.534448100450472,0.512441193942452,0.000281735972493943,0.000273289638008708,0.000250166125008598,0.000390655584287791,0.00028527111426203,0.000262444660762399,0.000360722483876585,0.000241976124036772,0.000409565885491887,0.000362300145518872
"chr8",2400001,2500000,2450000,0.000270909594455625,0.000221485388229323,0.000225480945007401,NA,5.364414014629e-05,0.137773312912235,0.0306555315896527,0.00560627134394244,0.555580704573181,0.211202491794068,0.146827737609105,0.565512962762986,0.0118690873777498,0.61495062212707,0.567091038263776,0.000270014616513043,0.00024433233001772,0.000230627739062983,0.000434344460122988,0.000264562592785159,0.000238883537430362,0.000350364866151788,0.000212620522269403,0.000443536280647426,0.00038508091235007
"chr8",2475001,2575000,2525000,0.000281715719011558,0.000213602053052389,0.000231951548286711,0.000214145071066653,3.99042508555987e-05,0.120127376537971,0.0469088298957923,0.00974361599215252,0.57010550203581,0.200118268926848,0.141340096464861,0.588859600374253,0.0109263417796781,0.630625157669497,0.593713891538488,0.000269321693867803,0.000258041376261341,0.000236814704115133,0.000460002315036259,0.000262230277756558,0.000234930421969417,0.000346153461426396,0.000215950356702917,0.000464478262104588,0.000406328046574689
"chr8",2550001,2650000,2600000,0.000188558861914801,0.000181394425341281,0.000159817353626443,0.000139945464936503,1.83186404326189e-05,0.153596771177575,0.0442502863127262,0.0092969074121704,0.55174473883756,0.241847119775224,0.167132172953071,0.473691628207045,0.0157676679392677,0.619571392552082,0.57868119705581,0.000211372870400295,0.000172137685129318,0.00015445946858772,0.000287425609123728,0.000212700337911226,0.000180675329515304,0.000213898175811784,0.00014372866573347,0.000301787545238087,0.000252636133373952
"chr8",2625001,2725000,2675000,0.0003408461284282,0.000255695407760751,0.000258686045584479,0.000244190275143014,5.16985364628672e-05,0.113304686064491,0.130486885100237,0.0445108562897039,0.515905246427922,0.191317690797192,0.111573281630119,0.554164311246923,0.0229859442154486,0.600498735809203,0.545081648755606,0.000325126361111978,0.000332355123219802,0.00029283243312482,0.00047805208655966,0.000304600096940141,0.000269760701822868,0.000373804483758458,0.000248182076515826,0.00047412700586379,0.000409991301736995
"chr8",2700001,2800000,2750000,0.000421133445856005,0.000305038457522798,0.000285094426202601,0.000294094584028857,6.84956496838697e-05,0.0972149579854452,0.0923773744143594,0.0263824837126445,0.46999855668711,0.225101108056053,0.145672016832984,0.47624600349297,0.0347184590971074,0.582486012199175,0.507081788146483,0.000394251952017137,0.000375734318423711,0.000352271836565377,0.000541552722280625,0.000369033892376852,0.000342228237949281,0.000395505563813496,0.000291684010312441,0.000519380861307047,0.000464676532596086
"chr8",2775001,2875000,2825000,0.000413141514382361,0.000872327723617193,0.000880779917471542,NA,0.000801142995524954,0.106624069946573,0.0465021755673476,0.00725494722217926,0.545119804725165,0.186648993454821,0.103373434174242,0.526784736321263,0.0322510330977272,0.587190780985661,0.533020075836416,0.00040595347201621,0.000371341438515494,0.000345519468949481,0.000635563505736847,0.000394669462885953,0.000348806171104296,0.000500152169352262,0.000315408253940802,0.000614013915701393,0.000530926290561153
"chr8",2850001,2950000,2900000,0.000350359006417792,0.000327962155186033,0.000275559292526389,0.000272126260867145,5.90682131518062e-05,0.111679546145972,0.0513146186926202,0.00659276281810467,0.518277067818495,0.237132194678886,0.136115587020601,0.479836542255806,0.0312645834718712,0.597300473333992,0.523878201564086,0.000368169004861605,0.000316427183142279,0.000299470363120456,0.000506554853977346,0.000375047702120032,0.000330999696714553,0.000424968528812129,0.000272264048420338,0.000520012278886219,0.000444082010156726
"chr8",2925001,3025000,2975000,0.000402289740303247,0.000404166800540266,0.0003399718085366,0.000318528337922627,7.61807489615306e-05,0.0885244679560687,0.116688872736538,0.0254137502534812,0.537737080337466,0.178876482314967,0.100690651905088,0.535920419276869,0.0405847514508486,0.588708821670522,0.54092846614521,0.000419987893864317,0.000399558556666462,0.000349886519252276,0.000612775217772025,0.000426342341009708,0.000375230292017422,0.000569527422116467,0.000326968758356201,0.000607489755961328,0.000535750064973906
"chr8",3000001,3100000,3050000,0.000482180171062546,0.000474394911752849,0.000397393653172442,NA,9.94584961380461e-05,0.069853123556675,0.0993131981303056,0.0167204827634618,0.5633163110527,0.15474506074385,0.0726516560119325,0.534690520420811,0.053855330248814,0.622353259000853,0.569622087500141,0.00048856308741759,0.000461326786350642,0.000407626279294179,0.000774227222999219,0.000484536671038726,0.000424888911571679,0.000681429749255851,0.000384052733918653,0.000788204530829202,0.000676519785397294
"chr8",3075001,3175000,3125000,0.000401473191728959,0.00081601763221314,0.000821467661615152,0.000297513552143138,0.000717942254138625,0.0833151024589837,0.0946399577619408,0.0323298309955809,0.525688277415478,0.139485960841732,0.0778759246777624,0.539990394765091,0.0266311070813866,0.585537912528594,0.541901811200106,0.000386672558411338,0.000382175697041321,0.000342787153994323,0.000580504763732997,0.000364526442086981,0.000327721282622037,0.000503574987507889,0.000306940411284688,0.000578643386613659,0.00050731484093155
"chr8",3150001,3250000,3200000,0.000421197542147494,0.000402999545924857,0.000331469807271699,0.000321148135909411,0.000122728618908158,0.100133758951434,0.0977864699753287,0.0238483042774651,0.546758761228724,0.164541665727137,0.0875587469892863,0.507723582095364,0.0268706842038899,0.616380528147272,0.557162671570806,0.000434355253919963,0.000395493217941046,0.00035650197472123,0.000684682462297796,0.000408769736447669,0.000368672297080863,0.000586035334356063,0.000319282688135939,0.000677249428956124,0.000589304651353783
"chr8",3225001,3325000,3275000,0.000409346883101677,0.000861775212730642,0.000856398287517611,0.000311507796118728,0.000761088146659587,0.0975083963702704,0.0545603552450962,0.00547631559147653,0.531439252716207,0.164045014620607,0.100670999597443,0.480956467962765,0.0201927141269092,0.581968995168331,0.549101044786528,0.000427055353441179,0.000391751540278889,0.000343520648399049,0.000625743842701172,0.000430232862710372,0.000370142983951461,0.000526733779615429,0.000327650256480278,0.000662947309777085,0.00055244243967217
"chr8",3300001,3400000,3350000,0.000542222830481265,0.000548865809447962,0.000458036963361301,NA,0.000101202221309776,0.0553906112527432,0.0507139084242276,0.012769574079287,0.522343716422736,0.13669501382282,0.0845378521480026,0.501054336886792,0.0117179192870076,0.570295073393467,0.547583584957175,0.000555177183259237,0.000504388314930069,0.000451406544868223,0.000789407776803973,0.000552945504077216,0.00048731745326244,0.000731648523187495,0.000414623246194983,0.000798729457738563,0.000690506718084088
"chr8",3375001,3475000,3425000,0.000555418784496543,0.000525236764479956,0.000494867921604626,0.00044152320625556,9.86245015065906e-05,0.080949986744278,0.0419121057370471,0.0130016035027401,0.501790012447449,0.146047769597228,0.0921989160314124,0.483071183717407,0.0159692389706978,0.548283137189236,0.519529566133391,0.000570525932632552,0.000528334749146416,0.000482458998458164,0.000780344412203677,0.000573841477490523,0.000508665667148075,0.00066976016892713,0.000457555364086439,0.000802558466161273,0.00071883648958287
"chr8",3450001,3550000,3500000,0.000547945294479665,0.000531742324176018,0.000477349453984451,0.000412227681508846,0.00011304830137424,0.068903226026391,0.0527805384949903,0.0255838922942208,0.464176048105642,0.149032967646901,0.0965950029131194,0.438278022555649,0.0147507671502822,0.522832523224042,0.492916066626255,0.000567765150177198,0.000524734619470257,0.00047258654866273,0.000723252860464754,0.000574898257085962,0.000502790789196931,0.000634444073171321,0.000435503725886232,0.000739818342960472,0.000639879828846493
"chr8",3525001,3625000,3575000,0.000429955269724209,0.000382050836887187,0.000326661941006212,NA,8.6031840837093e-05,0.0441656437705937,0.0837165319524322,0.0225123995072702,0.46031472489209,0.146357699301267,0.0604490707569779,0.451230478057067,0.0341933459697436,0.546126594463153,0.476214096154348,0.000418201143419844,0.00040246168649964,0.000360839517494267,0.000555330826004739,0.00040222910452068,0.000352306567071876,0.000477004783211023,0.000316323713292251,0.000545035840090628,0.000454486916977437
"chr8",3600001,3700000,3650000,0.000393808128697128,0.00078109498663159,0.000783019376397748,0.000310898950752896,0.000685906218940935,0.0534154907726325,0.0869808603190781,0.0176017694136007,0.476210576757388,0.180934049591944,0.0876790473098788,0.45902535664284,0.0408619920306371,0.577730966313205,0.506473771068224,0.00038437915112663,0.000377355755949704,0.000344368918181316,0.000534841056921514,0.000394281163503031,0.000350685929174506,0.000450623589333165,0.000317680224220456,0.000570192395084134,0.00049220056651299
"chr8",3675001,3775000,3725000,0.000444782844049469,0.000425975974113651,0.000380704454144107,0.000322229636274418,7.45569665508278e-05,0.064719226271178,0.0572585221921727,0.0322728480945523,0.53968612729227,0.121968230516713,0.0975567259363065,0.508713461687118,0.0109829139185331,0.587994000583782,0.577984202658753,0.000449597128444427,0.000420104446926229,0.000373805307787908,0.000660788072887471,0.000441437643464326,0.000389815439450376,0.000548725720685912,0.000338770440195816,0.000675105917177339,0.000576992758073801
"chr8",3750001,3850000,3800000,0.000536620761431222,0.0005430463520091,0.000443400067505186,0.000386868304106947,9.02015380389048e-05,0.0636814806155913,0.0529900137027877,0.0206094272656024,0.51591943687596,0.124398308976653,0.0793991562415218,0.462983371201654,0.0126438108477676,0.568636963717567,0.537353894801534,0.000558426018172557,0.000494903517964775,0.000444368110065937,0.000750898531737691,0.000540170121716375,0.000477947828058536,0.000648680396312624,0.000401540430535668,0.000758017025393312,0.000646134857403577
"chr8",3825001,3925000,3875000,0.000406009132646003,0.000411469866174941,0.00035435392682675,NA,9.29220999552237e-05,0.0546929111028988,0.0569266087261547,0.0206856636494252,0.490082070387976,0.120889010941859,0.0603887421319346,0.458793967144253,0.0193047629640296,0.54714314858982,0.514087597698885,0.000419306443623175,0.000388815081837419,0.00035166519431709,0.000580267162073882,0.000419589253279052,0.000367315716811304,0.000521047505269708,0.000328495416680713,0.000600313639578763,0.000522405072265467
"chr8",3900001,4e+06,3950000,0.000294925143298328,0.000268568817521326,0.00027595245884987,NA,2.53739031511808e-05,0.0354143980485096,0.0490030584214411,0.0250326637979134,0.458070117277984,0.103111750694101,0.0635307041348762,0.478171470624895,0.0163765022504426,0.524052432080113,0.514055072012346,0.000287071718712927,0.000293487979662712,0.000256176048028972,0.000377265569274603,0.000296772639479988,0.000254564224010199,0.000331021041098903,0.000244952873936977,0.000418621008920441,0.000356372798289124
"chr8",3975001,4075000,4025000,0.000241161861427642,0.000235823196595036,0.0002116228702821,0.000174639899559155,3.38507960096282e-05,0.0314522893159356,0.108244220563853,0.0359456695901579,0.440697688054176,0.168733403153985,0.0785941302123755,0.440648876225838,0.0285246469161809,0.543640029465691,0.485261164292621,0.00024173950895379,0.000249881738467998,0.000208422554055013,0.000304016829825041,0.00026275615863633,0.000214895417478572,0.000275833273278445,0.000194050987706582,0.000340045750905225,0.000269866179147041
"chr8",4050001,4150000,4100000,0.000328319814433727,0.000293710355803144,0.000262947104446414,0.000243603789923251,2.99036371088342e-05,0.0734727283019714,0.10877999470894,0.0454537240404553,0.44801059396202,0.168375662071572,0.0891869972841993,0.449631153155606,0.0275439043902473,0.542522530065807,0.473348086853948,0.000330303870785781,0.000323586228593351,0.000289646993697659,0.000405966837719023,0.000323204068562093,0.000286942678713395,0.000340172108952417,0.000253602717476696,0.000404882075510714,0.000349786776908758
"chr8",4125001,4225000,4175000,0.000299441194893532,0.000253817044749535,0.000290957048960102,0.00025494312331339,4.17481514597665e-05,0.0773836811333962,0.123024736098243,0.0377565673998541,0.525080294405613,0.198710653898327,0.0936837207105271,0.537080191969736,0.0346443754166163,0.558076938029141,0.506208611722029,0.000286820974062593,0.000322193640613999,0.000274928099359932,0.000448858920226612,0.000323960917168835,0.000270149356488724,0.000370040691313582,0.000271449053682634,0.000477402841691336,0.000398881031755534
"chr8",4200001,4300000,4250000,0.00035147386876596,0.000351825052539687,0.000300273108665203,0.000258864905633119,3.98542167498691e-05,0.0751671758050761,0.151679188143244,0.0754737469277492,0.552169868825286,0.188298469155875,0.101269678575322,0.530471059619151,0.0201508732966769,0.618418840692848,0.580186311651797,0.000365978331368149,0.000366744738492816,0.000310197020535382,0.000548624589324041,0.000379740651063739,0.000317851172841184,0.000484505392360154,0.000271953380535671,0.000568758872681064,0.000470682352779167
"chr8",4275001,4375000,4325000,0.000364180699580619,0.000384819441853408,0.000318237975162276,0.000270911340119066,5.7809037479526e-05,0.0827997388040941,0.0645918781593788,0.0272121599603037,0.539638970170518,0.207938620168111,0.149180895036114,0.49848482431525,0.0137553706566806,0.621843539573217,0.592515419313185,0.000389996356978648,0.000347032689974439,0.000303857273037285,0.000557272926309466,0.000418953551998651,0.000358544127539678,0.000497917300446961,0.000281031577748433,0.000615896485653527,0.000513677499469503
"chr8",4350001,4450000,4400000,0.000387507254108773,0.000347865034625853,0.000294093941198842,0.000275191624469095,8.28690333374645e-05,0.0736126746239586,0.0670069914403326,0.00429948671358022,0.485138807176287,0.197757406361144,0.0985777276121177,0.47308910903561,0.0353863406187809,0.592731396425572,0.515892151317251,0.000385203121930649,0.000350725687145708,0.000316796084789865,0.000544369052042027,0.000380466230289821,0.000331501573441168,0.00046529945985247,0.000283111307282384,0.000564456607021906,0.000469990216471637
"chr8",4425001,4525000,4475000,0.00035553867382886,0.000327993283403486,0.000321265391092079,0.000275912122212442,8.28157088290233e-05,0.06666503379497,0.0405029420582647,0.0110723454226662,0.533095851524677,0.116310762984365,0.0683109979553488,0.532386482685547,0.0211376681584671,0.572952355987715,0.527251403353481,0.000348260192777685,0.000337812291874921,0.000302095413977165,0.000538574520077739,0.000348538050964738,0.000306310880699629,0.000481146087699339,0.000291364528963393,0.000558008235645812,0.000461768051108953
"chr8",4500001,4600000,4550000,0.000152628920629824,0.000170643862450737,0.000161363665947133,0.000140596335466866,5.13747212158123e-05,0.06806797576241,0.0543102524686287,0.0186247828575116,0.486714554819238,0.105876953456592,0.0543160371011829,0.485250873413846,0.0153660765296734,0.521758749561281,0.47121408917862,0.000164714304325977,0.00015820793792046,0.000142250004520378,0.000227988603780338,0.000176057967417836,0.000155113559462207,0.000232550916865328,0.000147018910760429,0.000257054214779425,0.000218221201442691
"chr8",4575001,4675000,4625000,9.85215717459591e-05,0.000105693679943638,0.000121892312335415,9.58267447691517e-05,2.45288577537325e-05,0.0569825013864378,0.0380940973718025,0.0138233323432576,0.473056357829469,0.076353716389519,0.054981932062746,0.504507576143234,0.00839659233041533,0.475589969897172,0.476851867260992,0.000105058109797842,0.00010948610758357,9.44069645475677e-05,0.00015099263509087,0.000118492400602908,0.000101853537398146,0.000144052626758416,0.000105455751364744,0.00016921953948148,0.000146783072149445
"chr8",4650001,4750000,4700000,0.000415724240905175,0.000416954458441055,0.000368422745307446,0.000340207210042899,8.19235351205826e-05,0.0737516636587318,0.0775836736073739,0.0263661062812086,0.510109937358297,0.12718609284904,0.0739564394121345,0.517225143391745,0.0210968964692649,0.566191579334204,0.528105499829224,0.000429685170438144,0.000405783090012702,0.000368472251032207,0.000606893946343016,0.000429365131765198,0.000388299062391331,0.000568577169418212,0.000346989256431659,0.000627108715905108,0.000560286874913256
"chr8",4725001,4825000,4775000,0.000480419786676438,0.000439965947405291,0.000389214750257105,0.000363423610164208,0.000101671161135733,0.0657765688990706,0.0564310725124363,0.0203445610210642,0.522848679564634,0.126955975037907,0.0806586336592279,0.530644915238392,0.016407157879961,0.579556366527201,0.544625423858065,0.000471781929151911,0.00044242806653144,0.000409626108949486,0.000724613516128368,0.000449335190262976,0.000412303413857995,0.000645783297755186,0.000367270162870324,0.000715322504822565,0.000634862624859185
"chr8",4800001,4900000,4850000,0.000452368395099843,0.000417620230936535,0.000392528010311681,0.000372900319573881,0.000103045301968808,0.0495107260171651,0.0486433188236855,0.0139155191727679,0.553331385781784,0.0971286140614686,0.0573071914297628,0.552044724661523,0.0215939620921294,0.592983881236826,0.558919140160221,0.000430625734815682,0.000422144534046531,0.000394904038396382,0.00072191660418071,0.000420792458725098,0.000392843179490086,0.000643600229472736,0.000372645690790889,0.000730233634691511,0.000651016938240547
"chr8",4875001,4975000,4925000,0.000532849626579054,0.0010999025578875,0.00110297749517233,NA,0.000971086642733761,0.0462889250215515,0.0836563226712716,0.0237469260622769,0.540677901030405,0.123445941197212,0.0729523086185519,0.553371617653624,0.0273251443171027,0.600767020216436,0.574312993905261,0.000510695753943242,0.00051198519513535,0.000457101949606981,0.000832272063619282,0.000511369836288907,0.000460118772150968,0.000755308928314401,0.000422663400813408,0.000854394294448539,0.000763156714878812
"chr8",4950001,5050000,5e+06,0.00063310373084108,NA,NA,0.000483744229398233,NA,0.043123317684445,0.0665845244317114,0.0259947697675196,0.551147662653919,0.0928941645892504,0.0489604117238645,0.56506609604454,0.0159400321995212,0.590145879192372,0.566551641911812,0.000608692495553989,0.000607123711286895,0.000543387372919181,0.000981348611493836,0.00059262217724861,0.000528332188538535,0.000911665313320508,0.000501323153433313,0.00100179658882896,0.00085858194320344
"chr8",5025001,5125000,5075000,0.000564313784114594,NA,NA,0.000449869022014775,NA,0.0539146403744901,0.0477684510620278,0.0200104281449702,0.463485440927599,0.0884022937580924,0.0496588617326928,0.454585126322981,0.0179525294505251,0.492351296154344,0.456561797756764,0.000567362778477866,0.000543691056381015,0.000500921853082165,0.000742896409503524,0.000550716011644298,0.000502493351501605,0.00068096486132377,0.000471185077336126,0.00073905410227122,0.0006478090155717
"chr8",5100001,5200000,5150000,0.000571958694382895,0.000531901997650216,0.000507954243166879,0.000461469812732547,0.000117520154153587,0.106384318937489,0.0899810670112027,0.0216301387632856,0.511213613068806,0.0853980080582912,0.0700529146360474,0.500270628285702,0.0341492141966314,0.534244519358691,0.506463418067781,0.000595486163970018,0.000572283465060942,0.000504469409691456,0.000827108285164094,0.000544770034985643,0.000510266906242283,0.000712670736290296,0.000482575255440631,0.000805732299159843,0.000723513294330366
"chr8",5175001,5275000,5225000,0.000540263070224798,0.000505081906455034,0.000478119728155194,0.000430047450784649,0.000107722797966472,0.0896704425793577,0.0842867325047825,0.0322556360310593,0.515799394558967,0.0689647285572436,0.0556639945307136,0.529466039109581,0.0273057410757579,0.546089157523384,0.520380200215757,0.000549991344155518,0.000533773146399853,0.000478063514984516,0.000783959411887372,0.000504233749804808,0.000469056548320462,0.000725103191249733,0.000447694692144192,0.000798213841585102,0.000697230892278006
"chr8",5250001,5350000,5300000,0.000590267688443317,0.000574100739285553,0.000498144170851006,0.000483680447325664,0.000149754658270296,0.0663527705234949,0.0854696832770134,0.0206142900714362,0.572908631528055,0.0815449654028772,0.0470008750552191,0.560882356723973,0.0363112608302438,0.593921405057143,0.553264966407232,0.000591240900400255,0.000566136552050171,0.000519022322981875,0.000975468138447427,0.000552482303848513,0.000523306581889086,0.000894118228046197,0.000487089374246153,0.00094700747370506,0.000863743712031864
"chr8",5325001,5425000,5375000,0.000597939857648032,0.000559430497034227,0.000470628901777589,0.000456771681895692,0.000165232971381154,0.0368594586173757,0.112057430637552,0.0321397652047685,0.56370296516995,0.102961202283524,0.042662129161048,0.562490199459471,0.0292553455573016,0.622799948458662,0.569820247043218,0.000567168640235908,0.000568731095101152,0.000512262486930972,0.000995369148534168,0.00053815842576186,0.00049363010106175,0.000887645547977768,0.000453680029580692,0.000976480672084065,0.000851188020506999
"chr8",5400001,5500000,5450000,0.000585408825828515,0.000535881604392474,0.000456183590565479,0.000426607201333724,0.000104939673114761,0.0619663350694936,0.0956090311825602,0.0284827985820129,0.593552767836437,0.101706435269342,0.0628707611666297,0.60182688963677,0.0292138859877085,0.644350120229242,0.621071438818466,0.000557194673829008,0.000542699392959518,0.000484214587702012,0.000987673584986061,0.000513847413448116,0.000470975608790455,0.000880720632162218,0.000426864443788745,0.000970846176368127,0.000866983416373063
"chr8",5475001,5575000,5525000,0.000615395191048646,0.000593226860322818,0.00051311658635871,0.000481171394573623,0.000139069959509105,0.053153253295994,0.124307479604859,0.0249313266423784,0.558799458978243,0.116665790572354,0.0459767162023831,0.560036613576886,0.0588135616618913,0.62258582554172,0.564233853361442,0.000604104155280789,0.000612154978838517,0.000530489825914723,0.000997017429811439,0.000586906378119756,0.000527853093852319,0.000915545090771269,0.000501358372439291,0.00103873032282004,0.000876274490172543
"chr8",5550001,5650000,5600000,0.000612028645170263,0.0005386492270229,0.000477621028971142,0.000475899359176812,0.000137111221368752,0.0480113627279087,0.131169995329787,0.0313331716074159,0.506795583850702,0.110491483531724,0.0437383532141926,0.522377225418568,0.0487027528718078,0.59224304885111,0.520964006625278,0.000580942084238416,0.000600803244387503,0.000535550820451374,0.000891047558616149,0.000545066924493957,0.000505425108564447,0.000782184450187173,0.000482250393425463,0.000905155569646812,0.000786946812079899
"chr8",5625001,5725000,5675000,0.000535310940454946,0.000519755433505061,0.000489383716824007,0.000423889615821518,0.000118782792290702,0.0721320555455197,0.0521070991484141,0.021929400631005,0.518295979687126,0.097286894054025,0.0718811914591328,0.498401292312787,0.0160930356822779,0.545153963758665,0.526038775364213,0.000544407120605238,0.000518897011178552,0.000465686847717382,0.000802289071341908,0.000534651174108993,0.000479514706615719,0.000709208861907442,0.000443846776164888,0.000806388588222919,0.000694105398140033
"chr8",5700001,5800000,5750000,0.000652654235075748,0.000614405034703647,0.000573053801788442,0.000494617403228838,8.72097615950539e-05,0.059066801927172,0.0745737117346324,0.0260585938851777,0.497563915642646,0.0909143182778683,0.0596998932343314,0.490238284540698,0.026319722171629,0.529562001110658,0.510749003852441,0.00065805655297543,0.000645644430906544,0.000567023143622657,0.000877172827403188,0.000633332053021,0.000564385372909325,0.000786942696609423,0.000532488911755812,0.000876214552489215,0.000769003573915052
"chr8",5775001,5875000,5825000,0.000560682693723465,0.000491642645891819,0.000463540878090678,0.000424158999876347,9.31029904964912e-05,0.0798523399419558,0.103423974875571,0.0281770036725396,0.543837454971321,0.112695528603463,0.0805412331737828,0.545203036698523,0.0374485345086879,0.573631214158709,0.545131100911792,0.000551428246552574,0.000549696439574455,0.000484141000023686,0.000847420466838838,0.000515501044958052,0.000473280915507194,0.00072271428806323,0.000444544442573922,0.000812860358633799,0.00071348605952626
"chr8",5850001,5950000,5900000,0.000575804303979298,0.00053355229289704,0.000459785043447807,0.000431561820266237,0.000127159600462956,0.0290217069274003,0.0703994223123257,0.0154683726797623,0.55546853408652,0.104374784432925,0.0466128331989985,0.562240739999615,0.0299706139955204,0.606115971588466,0.566803406787571,0.000543208289190752,0.000529737132814057,0.000482739581862125,0.000926570240010698,0.000523309217038412,0.000476486946923779,0.000838313311510778,0.000437315596406582,0.000902017564801028,0.000793515028737748
"chr8",5925001,6025000,5975000,0.000456092404742137,0.000398083657213222,0.000352414878555496,0.00034150848136651,6.82897261924218e-05,0.0405887914702606,0.106070685396846,0.0337266321538236,0.545641231845274,0.131298405044423,0.0599720339929974,0.54999143939127,0.0333541655284789,0.606779191069733,0.555550584734902,0.000428296192813088,0.000430269254178589,0.000390905126034192,0.000679742500210779,0.000410049434322453,0.000373333211915871,0.000583973540496165,0.000343583334897914,0.000673301898101258,0.000590494115304462
"chr8",6000001,6100000,6050000,0.00067267010705934,NA,NA,0.000473023027863653,NA,0.0333980314019245,0.0923750253066803,0.0344296415664164,0.507340765343515,0.121738494780899,0.0670998377561811,0.504657508835674,0.026235990491519,0.58248499761537,0.543281392819145,0.000631074134867435,0.000626056919970235,0.000565889280031831,0.000893652436886774,0.000595350873121268,0.000540208816513736,0.000759496707628583,0.000482447354443883,0.000901205097133502,0.00079310010619625
"chr8",6075001,6175000,6125000,0.000425675773200343,0.00038848605223098,0.000335599912886297,NA,6.9495319200688e-05,0.0434159854619201,0.115107537103547,0.021698632456295,0.520010804476892,0.105165274753543,0.0396155061373865,0.525164379523163,0.0432291343189156,0.592656809824945,0.537281589901183,0.000409068506557411,0.000410642762295296,0.000360993563596414,0.000605475020635674,0.000385092822701491,0.00035013941360393,0.000546154134168287,0.000326784884861633,0.000615321224485101,0.000533270292440838
"chr8",6150001,6250000,6200000,0.000442336663464824,0.000891033772343453,0.000862435987460568,0.000325559321706769,0.000772353200109313,0.0513275156591161,0.194089662185339,0.0349273425638583,0.47367937763793,0.188615594186571,0.0468804604026695,0.517931312263323,0.0922884147775786,0.616283391129449,0.489105303257585,0.000416467319255319,0.000423943332263095,0.000381753252514759,0.000551602215367226,0.000377978709242353,0.000351628091152398,0.000500579621588485,0.000324614406854886,0.000528291310313678,0.000470991276951048
"chr8",6225001,6325000,6275000,0.000369047932074031,0.000312565002811033,0.000261768285614271,0.000276504582609168,7.53396285182448e-05,0.0570865571376127,0.111331330389938,0.0163558739600692,0.44803074737865,0.234562931035141,0.0936259478579199,0.478473794243634,0.0697713982572619,0.566825501907249,0.466927063547779,0.000349769595506912,0.000340476700984454,0.000315709948915031,0.000463503737525031,0.000353906440547434,0.000311470273550927,0.000410151804138503,0.000281758631410983,0.000459352926791044,0.000403161127499935
"chr8",6300001,6400000,6350000,0.000383507313485313,0.000325745808733841,0.000244592586414987,0.000266249296572486,5.76499905338189e-05,0.0687561448564994,0.174910804438101,0.0342518359894413,0.523694305439873,0.29305874195784,0.109055085110373,0.533992845521969,0.0637461597846734,0.676366387594711,0.560377770681458,0.000363592256391726,0.000356624392658681,0.000316275680267945,0.000542482876366226,0.000368547584063595,0.000311018691410494,0.000460500855742396,0.000258570594193251,0.000564416943209859,0.000470512404342951
"chr8",6375001,6475000,6425000,0.000442397494704384,0.000374156477241217,0.00029040369916785,0.000297762662789982,0.000102143518593595,0.0468348832846147,0.19390165078416,0.061779895665936,0.513903948256683,0.212056656227617,0.0818160779607516,0.535266191679046,0.0488292349668645,0.63935485483667,0.553042186003994,0.000410438326251754,0.000431027934823734,0.000372356567826886,0.000637722940072775,0.000393929669795976,0.000342598453138933,0.000555184015755186,0.000294458279712381,0.000631962015998899,0.000545878054048921
"chr8",6450001,6550000,6500000,0.000503547320839175,0.000433120161520314,0.000378376236281826,0.000347420629591221,6.48209459592881e-05,0.0406078309412085,0.122695085305308,0.0376328403927468,0.526290394839838,0.174107691310663,0.0807836261040807,0.534645522465306,0.0296337977743137,0.614980803567184,0.56215973675793,0.000463058671911141,0.000476884852901181,0.00041251181340076,0.000696329172293403,0.000464384413447056,0.000396583406891126,0.000591377335778107,0.000354103445683697,0.000711545420033748,0.000602188416948753
"chr8",6525001,6625000,6575000,0.000598160354827402,0.000461932079447802,0.000388782742469032,0.000392114846556187,0.000101733508442749,0.0607329269013725,0.156257210477992,0.0632933192080305,0.476327038864683,0.208114664813101,0.0953109025038499,0.517187352756432,0.0352489903300474,0.60819028155461,0.530051642826214,0.000541844185927627,0.000556934496986644,0.000499595876680734,0.000769683435701841,0.00050638642755527,0.000445602849669604,0.000650263502125074,0.000387761778618316,0.000760350084217905,0.000654274337660225
"chr8",6600001,6700000,6650000,0.00049631758130653,0.000413322502447692,0.000357212808962445,0.000322936364243263,8.44575649704562e-05,0.060302720951423,0.140392634366763,0.0573273783159774,0.46707142166341,0.246013150567742,0.14133865883323,0.503876254431421,0.0266659480780001,0.584987286362657,0.526401120908527,0.000470389424989664,0.000475764027798155,0.000410899456441298,0.000626084197095546,0.000483950405973849,0.000403963583638685,0.000546625182637464,0.000335493279815172,0.000655500027856489,0.000541200616362885
"chr8",6675001,6775000,6725000,0.000458665010637259,0.000365084639641988,0.000302092072087968,0.000292064872636145,0.000116518635873734,0.0833006243008063,0.106180996145956,0.0628128098513005,0.505564802542988,0.271396383198818,0.194925826471887,0.518472747631158,0.0119572598975984,0.618503418464591,0.574709340814175,0.000430570348478524,0.000401311066675716,0.000373713990099956,0.000656776189743028,0.000425109033042493,0.000379484693222576,0.00053715229247483,0.000285846824163109,0.000641911543578492,0.000566628402482692
"chr8",6750001,6850000,6800000,0.000429442929985596,0.000368332152250387,0.000304961097792625,0.000276748634444706,0.000119835225511888,0.0812140396339866,0.0760804666126627,0.0459494912560553,0.542134621041603,0.193470873708243,0.136698730291635,0.558776001899759,0.0104231720501976,0.620040446337528,0.600084350307314,0.000410419873249675,0.000375917439410262,0.000342024141198487,0.000676783927715525,0.000387234129682936,0.000342072960954124,0.000601881744147106,0.000275350447064256,0.0006426193774359,0.000573559277732411
"chr8",6825001,6925000,6875000,0.000463999577485334,0.000369258373836408,0.000327507237736411,0.000313969731804675,0.0001064677583561,0.0707186170411211,0.0842292403256703,0.0284523555537096,0.516935190496234,0.216117027146126,0.129346646025923,0.562999039873152,0.0278913479764076,0.616470444067038,0.562993833370301,0.000426271226455251,0.000411115613476285,0.000376393191899747,0.000677393138746715,0.000413830150605567,0.000369040072071935,0.000589082834653962,0.0003134956897261,0.000659158076951713,0.000570165199421708
"chr8",6900001,7e+06,6950000,0.000432836646146544,0.000397743590146164,0.000274064002352719,0.000309287915609298,8.24017503921981e-05,0.0655524841549187,0.119378792424948,0.0298526978786229,0.558802934918906,0.262845462111477,0.117958616613281,0.581747027088658,0.0487228694860896,0.682827387284698,0.587574836323485,0.000420316748158234,0.000372388585511262,0.000355605911273982,0.000688991812916347,0.000412455287544526,0.000371593456930965,0.000626409296589137,0.000288246779511404,0.000663852954567035,0.000589096073768816
"chr8",6975001,7075000,7025000,0.000355205400769587,0.000801035841903512,0.000785041263078527,NA,0.000723709875314427,0.0546914416880981,0.103288521391877,0.0243033309674195,0.524652674251842,0.217643268957144,0.109760439891912,0.566933811375665,0.0401727920189745,0.655290504048956,0.582646132359305,0.000336375049443115,0.000319985246046323,0.000298857244923536,0.000545434776585412,0.000330354677672228,0.000301673195146992,0.000499045670225941,0.0002554182807352,0.000565843324862185,0.000497386863047868
"chr8",7050001,7150000,7100000,0.000438304922901581,0.000356408087863489,0.000316289363792274,0.000323580880592261,0.00010736126544549,0.0712834018274032,0.102528954585562,0.0191165366430834,0.473296394557974,0.255064148300072,0.122709117517485,0.534348902380794,0.0383198163815963,0.627164713587574,0.53688980909643,0.000410717561552733,0.000401863701730511,0.000366732748182916,0.000600728268260682,0.000420901624427999,0.000365073827399856,0.000545530914676426,0.000317699750062884,0.000649794005050222,0.000547120588038874
"chr8",7125001,7225000,7175000,0.000458305961416677,0.000411778913897519,0.000301621597336827,NA,0.000134529974384019,0.0958656916587648,0.0917651312050745,0.0207476559289974,0.475551186515741,0.281216078364464,0.146210432429983,0.503500336581741,0.0335444688492322,0.636335250406208,0.548861682418782,0.000458919068995169,0.000397029429838801,0.000367352816332738,0.000623591910815055,0.000454934015616999,0.000390665761600392,0.00057736190194291,0.000299164360618219,0.000651307757418184,0.000553172508084905
"chr8",7200001,7300000,7250000,0.000398594173195694,0.000382769736331255,0.000297879367663219,0.000283554589785773,0.000103826075107951,0.058746612207154,0.107944365105581,0.0446234665287111,0.513734633574891,0.205283182582402,0.117920556297831,0.550441494983212,0.0238150420999219,0.652540026514142,0.602990112961297,0.000394947526770193,0.000370869719522741,0.000333440052799537,0.00060008797118392,0.000395009333172302,0.000347319041852683,0.000574941344574707,0.000277977399123114,0.000663034579465416,0.000574244290926915
"chr8",7275001,7375000,7325000,0.000398430124243415,0.000338971772028522,0.000332003935916931,0.000298216660991644,0.000110144062853299,0.0257520634863276,0.0755022209429796,0.028738812201143,0.496109695847864,0.125670534931638,0.0691484426258004,0.561031274791217,0.0158396955972562,0.588594891467753,0.558865977532959,0.000361420707120823,0.00037745169642443,0.000338304295209268,0.000589706581864851,0.000362496314053424,0.000321812466840829,0.000551109980549094,0.000303582108995465,0.000635423359440726,0.000545014633124675
"chr8",7350001,7450000,7400000,0.000376004676778639,0.000326365160326099,0.000271552407701609,0.000278412145333959,7.65508241401708e-05,0.0359176934211014,0.122586161379775,0.0251724642986762,0.505932969055774,0.227147793543959,0.107705774924888,0.556379456454523,0.0355448828280733,0.653466810924678,0.58209558174226,0.000350089245796233,0.000348144406213461,0.000315635901408315,0.000552245776850221,0.000359481757021778,0.00031707948129062,0.000509083382557792,0.000270772953418082,0.000606792257895343,0.000526026211942086
"chr8",7425001,7525000,7475000,0.000346371557216483,NA,NA,0.000278764313176542,NA,0.0368209533006883,0.106819993649981,0.0123417639821471,0.515448751547091,0.1549997529099,0.0483595601004192,0.515589079944938,0.0544568571545447,0.611794619043573,0.52674450262472,0.000333075063652829,0.000325574182246957,0.000300708752695094,0.000498301075119201,0.000327823979437556,0.000301287018438287,0.000447771549693223,0.000276498160739669,0.000517182611952232,0.000446197301651179
"chr8",7500001,7600000,7550000,0.000311618083360936,0.000268686763624327,0.000255542241067902,0.000233040010007707,4.70668928474802e-05,0.0962509721244621,0.0429228006576597,0.0041276226467741,0.483017706230624,0.180205282497103,0.121923494237277,0.459478582176658,0.0173573360120798,0.544565588707755,0.508518292820638,0.000312923377676316,0.000287307039425267,0.000261990025481469,0.000405952666120841,0.000308608681693798,0.000276108420736101,0.000322713118479852,0.000240948388950405,0.0004041495565573,0.00036032626550952
"chr8",7575001,7675000,7625000,0.000258817541226992,0.000213957012402928,0.000227012959671878,0.000213134870918513,5.980320953718e-05,0.072587372614204,0.0956692553582667,0.0143991562155107,0.497712594672167,0.199662322682817,0.0982532200362793,0.520132668729366,0.0449186760747737,0.540512805894935,0.501513244362607,0.00024497767969224,0.000257618867225384,0.000229019690302699,0.000368153062100282,0.00026390586409017,0.000228061504894422,0.000315236290043827,0.000221545669261177,0.00037450875691912,0.000338015349704793
"chr8",7650001,7750000,7700000,0.000361291103099078,0.000297341501736061,0.000301783194269128,0.000289631491401661,4.42239168522974e-05,0.095974584317464,0.0675820786893817,0.00757217435962761,0.509250364450722,0.235424222543757,0.118497386063735,0.491424906469018,0.0411718329678362,0.585502280641268,0.514287967805317,0.000354059255431873,0.000342394767440738,0.000315601650602908,0.000497576050878808,0.000377036003910845,0.000321620887054307,0.000387420966269133,0.000298023992062841,0.000532997949586355,0.000442556702947363
"chr8",7725001,7825000,7775000,0.000341091448853357,0.000727325406014213,0.000724851336906955,0.000256300607451351,0.000656858091182366,0.117190793596252,0.0446731550208255,0.00599485878460618,0.520614118857444,0.216284363896554,0.145395129091304,0.491039493031372,0.0233246944099819,0.594887457927604,0.547299316070225,0.000347263032006916,0.000305646532761397,0.000285012912245632,0.000517370133612612,0.000344824090122845,0.000308596513791138,0.000418315949669638,0.000256759107701454,0.000527102282890676,0.00045265051485791
"chr8",7800001,7900000,7850000,0.000335050464528089,0.00029784399959128,0.000309235912740891,0.00026366761211672,7.24448603004061e-05,0.150969873039409,0.0201239484713821,0.0102695048298804,0.528536572175104,0.194359276145883,0.154303232169183,0.487454695179382,0.0312116536101677,0.541878158107202,0.525190148940559,0.000358828171441591,0.00031676678299572,0.000288068044447707,0.000507563538581745,0.000362702006338466,0.000316106210191791,0.000401225021863064,0.000283585604366839,0.000508733170912322,0.000440971640865265
"chr8",7875001,7975000,7925000,0.000388385091334225,0.000321939377173516,0.000325682443740794,0.000303747951297181,4.73872712103057e-05,0.0850646283052611,0.0680147040143354,0.0105835986923096,0.499898743087325,0.188929411403641,0.0911965718928513,0.514362437296575,0.0676664011328862,0.576881871087743,0.511302742203796,0.000378886945467212,0.000371856761476892,0.000338095980909355,0.000528136803673331,0.000383941165585353,0.000332977201806438,0.000433924303873849,0.000325623448881581,0.000554321403684953,0.000460525820323385
"chr8",7950001,8050000,8e+06,0.00025184171515004,0.000238493989135847,0.00021571988414521,0.000213822031821165,2.90591851899231e-05,0.068451535534262,0.0838502156358649,0.0152861904338991,0.491863393013609,0.208699527756226,0.0751290121257794,0.482455486688236,0.0863897685991,0.598743328926737,0.511884583438406,0.000256107238227408,0.00024593467445671,0.000228235307195221,0.000338720338969795,0.000273461446337651,0.000237703081997525,0.000300488028356898,0.000225967683206532,0.000392586111187862,0.00032478182105289
"chr8",8025001,8125000,8075000,0.00032462319447957,0.000678550176009043,0.000671835787404429,0.000244939186207409,0.000574240457943416,0.0780166271909273,0.0472181139774389,0.0153685527742284,0.548097858020673,0.140410304704493,0.0800481419391051,0.560822539348876,0.0169028776446788,0.604709546747125,0.573952856497818,0.000322422789496792,0.000298815396698,0.00027319481732739,0.000470939900123692,0.000313218208795659,0.000278113177472184,0.000410169272995073,0.00025055060902768,0.000489800864374841,0.000421110617531369
"chr8",8100001,8200000,8150000,0.000331231856706186,0.000328674800569604,0.00030583691208836,0.0002924041595771,6.15983832793558e-05,0.064020907715511,0.0587210679799683,0.0215013679693694,0.480662680002266,0.153513634629174,0.0656403626425792,0.476340966183111,0.0313919711537485,0.548968415996196,0.490915004682521,0.000340089993284398,0.000326110076918135,0.000304857643105963,0.000453521162015412,0.00036137014937592,0.000321614489619879,0.000408336021935484,0.000298797335097046,0.000486152668558752,0.00042775446388149
"chr8",8175001,8275000,8225000,0.000468608740178674,0.000479859669392952,0.000427533691388444,0.000376537256988435,7.91354012507079e-05,0.0552367676008986,0.072001724007924,0.0223271466126195,0.515028448889103,0.146618963988792,0.0675457106568705,0.50666065637688,0.0314798387670168,0.59149999217426,0.541133282059179,0.000483036339869026,0.000462604142162685,0.000411694690149367,0.000675456737707206,0.000505982488752989,0.000435822654888293,0.000625156537781236,0.000397625592271159,0.000758732932031256,0.000624357969491836
"chr8",8250001,8350000,8300000,0.000402952744994087,0.000436459085802008,0.000375148939381987,0.000330691612667933,7.52373028758972e-05,0.0524254338760971,0.0516574474009426,0.0181823909227478,0.534308012408875,0.135944682508566,0.0811006631378015,0.519359305640831,0.0238819343741071,0.600766016423199,0.562569320519722,0.000425439117916785,0.000393277605361805,0.000355836178976716,0.000613343741341241,0.000446608218592869,0.000395321638261386,0.000587662240410663,0.000344467286994774,0.000690400395780444,0.00058083184616807
"chr8",8325001,8425000,8375000,0.000358094675172718,0.000385275461630263,0.000364012519496755,0.000295438323287821,6.15459262651373e-05,0.0485984964809216,0.0329631919381164,0.02022200791924,0.493325193131422,0.0940865613699576,0.0812293942925537,0.478700760930665,0.012735223906315,0.51892267345288,0.518101994334366,0.000378010501099933,0.00036225933080485,0.000321065709591678,0.000496845278465136,0.000399569420373014,0.000355400074074878,0.000483722873039492,0.000322120955065682,0.000544620564592312,0.000467376875348368
"chr8",8400001,8500000,8450000,0.000309223795391478,0.000343508480419318,0.00032934691198306,0.000274171952283736,9.57655667349907e-05,0.0769759946994686,0.0260826072167421,0.0150967577680425,0.502866520691707,0.11442752395024,0.0931185438267984,0.459559138989625,0.0170863374642067,0.51725531588496,0.511413768458745,0.000339458703926718,0.000314884248619143,0.000282615558036081,0.000478255492589572,0.000366089610846303,0.00032369347934732,0.00044504049678395,0.000295113227441346,0.000520704118004589,0.000457848972989259
"chr8",8475001,8575000,8525000,0.000317206860347747,0.00037874126109464,0.000289054686330037,0.000284263937219323,9.6977446741771e-05,0.0522295124696392,0.0635647520344179,0.0154679688626653,0.51276587946268,0.157458661349714,0.0857479046788364,0.48538396572571,0.0227646926313183,0.591334764947779,0.538375450733316,0.000349735352907514,0.000307496042521753,0.000288827306028304,0.00049434226665285,0.000374271738020044,0.000342663013700864,0.00048833075240025,0.000279922698417434,0.000550723322759849,0.000484128714801694
"chr8",8550001,8650000,8600000,0.000217808648301225,0.000252451981708304,0.000222624585521358,0.000202408871508041,5.58002431311348e-05,0.0450813424037412,0.0817819338448595,0.0241095898692529,0.443922513730193,0.152391347294896,0.089171956941556,0.449510433060464,0.0265449691694969,0.534066848923132,0.468502024861753,0.000239245136988437,0.00023256969489446,0.000207192175266485,0.000306759085731137,0.000269845527743919,0.000240613292074374,0.000305766877366513,0.000212162131130785,0.000355334165827814,0.000295524569466326
"chr8",8625001,8725000,8675000,0.000175582172109046,0.000173446818110043,0.000166705503129126,NA,2.84783366714225e-05,0.041463415430937,0.0723595165411594,0.0215924557548061,0.420177517445153,0.123577042093558,0.0811964636730564,0.449661873012612,0.0280079249204593,0.503824853782722,0.461252057681759,0.000178466612061434,0.000179444851381006,0.000156962702215192,0.00022505257709795,0.00018878941496277,0.000166890180402222,0.00021132764119339,0.000154900155453196,0.000246077357892878,0.000206561118231511
"chr8",8700001,8800000,8750000,0.000350020054226962,0.000291397101794875,0.000299421304531284,0.000268245756931671,8.1655340651498e-05,0.0553020269876787,0.0926395107652277,0.039562239535901,0.550938417521444,0.121704276241767,0.0757626976731103,0.584864785511763,0.0229909999897102,0.605943185819258,0.57668053869645,0.000323036852976343,0.000343403377000926,0.000304977068445136,0.000564363752167024,0.000317340526711805,0.000283801195483126,0.000489536794528514,0.000276910276529354,0.000586357970629914,0.000511971516353343
"chr8",8775001,8875000,8825000,0.000530682097802898,0.000445582782549919,0.000448278562148583,0.000992597153903801,0.000114311156547734,0.0580202871010457,0.0471137329990462,0.0233077708750794,0.551013123639473,0.121390408396215,0.093012254357951,0.57551099079999,0.0117700575322036,0.593506029238871,0.58458440792872,0.000490962079132836,0.000491105118840915,0.000444723098476073,0.000829446089585941,0.000479346402686446,0.000432110599923391,0.000723245348916879,0.000405175330845887,0.000840082343839822,0.000737688336227917
"chr8",8850001,8950000,8900000,0.000657935033952023,0.00059986664783263,0.000546141073306577,0.000477570988545974,0.000122380850998734,0.0636685299952296,0.0559051859465363,0.0219182652549474,0.557767960859664,0.131938916631689,0.0803810217636354,0.540041728363243,0.0178758358556029,0.591126417212886,0.574191209146578,0.000643856267882594,0.000608584641144012,0.000545849909642038,0.00104293065738106,0.000629488420486188,0.000550445435095167,0.000879273717334741,0.000497921754296883,0.00100954953292756,0.00088133495259087
"chr8",8925001,9025000,8975000,0.000548516041131569,0.000511006707330238,0.000433971231969013,0.000402400359078532,8.58274410337836e-05,0.0540355497658498,0.0863486386070021,0.0356102295994441,0.534691927938333,0.160719302996489,0.0973692464683976,0.547359835881952,0.0177470984507069,0.602671602876038,0.579435246862477,0.000537869288264372,0.000515678832348277,0.000465990033061038,0.000805437971333037,0.000534555720372021,0.00047486499926623,0.000729387646129854,0.000406563149290625,0.000810812347987227,0.000727784129840376
"chr8",9000001,9100000,9050000,0.000485246856879467,0.000475170637822913,0.000411118089899814,0.000394749726364862,0.000100876158930704,0.0726391279414027,0.0920880391090904,0.0395198689413555,0.562521701611268,0.132370999503599,0.0794106839138785,0.576150300216922,0.0205518096217614,0.61691814337951,0.578449324024231,0.000487374507598248,0.000464737794677696,0.000429184261981884,0.000800128293913286,0.000477263350334714,0.00044094869841469,0.000736893139642171,0.00038998152466609,0.000811423087478226,0.000731018875400878
"chr8",9075001,9175000,9125000,0.000461682112697678,0.000437836289631495,0.000363104149165091,0.000332100626643773,0.000107623792503434,0.0861886438255709,0.0907381530157922,0.0520292535962681,0.512217314012801,0.156295714736393,0.115077513984243,0.49695922143792,0.0121810688767315,0.57950760341731,0.547063061887932,0.000473166153029875,0.000432303524892286,0.000392099049625024,0.000668035894598708,0.000449228205883525,0.000407324785272305,0.000590006865130205,0.000335580407830565,0.000662812244181075,0.000590659499297492
"chr8",9150001,9250000,9200000,0.000274295494071576,0.000265601061357744,0.00024507175178936,0.000241251408027787,7.95991781279568e-05,0.0497084481386956,0.0919214577590016,0.026265293820277,0.481446190747315,0.119938677237438,0.0610596469867414,0.483251820474286,0.0595019047801651,0.547434060662393,0.487197892138824,0.000273653042692078,0.000274988237777506,0.000252263118369472,0.000401335286835964,0.000274369761326408,0.000256958644079105,0.00036218709410067,0.000248888579873375,0.00042203862542578,0.000375068541445217
"chr8",9225001,9325000,9275000,0.000150507680704896,0.000181252495908419,0.000150931311644754,0.000134507646067714,3.73738323901529e-05,0.0330651111049267,0.0936665820116484,0.0236212866356106,0.458248104881754,0.122932863255119,0.0573286807955176,0.45992881172466,0.0491373916040465,0.548477769403565,0.497874321836116,0.00016400998695349,0.000159370371755559,0.000139211675404028,0.000219929778887219,0.000180017672325527,0.000157762211596768,0.000222290772356468,0.000142821076187069,0.000248468477674678,0.000210576893567945
"chr8",9300001,9400000,9350000,0.000342812957589268,0.000320140737259198,0.000287641191049612,0.000265598178630547,6.42843988134606e-05,0.0549185703054677,0.0826695554443067,0.0182942957351184,0.502269311835662,0.154737880221115,0.085234301115901,0.476191170111065,0.0295602365149155,0.56647810838361,0.522289230192439,0.000338209733911515,0.000330759746516877,0.000296351972545338,0.000480577944996179,0.000343497765161479,0.000304682493950559,0.000409183997193833,0.000274061794248659,0.000492621775611796,0.000428984175513393
"chr8",9375001,9475000,9425000,0.000174327046775707,0.00016789215458414,0.000130853336909153,0.000135479384204717,2.59510398102637e-05,0.0119403311156819,0.133959598891737,0.039873133520637,0.396487912110245,0.175048377927668,0.0683616106182256,0.402554792395779,0.0632053872014905,0.56797308511096,0.46669083570906,0.000169258004571935,0.000170524186792781,0.000155384999080561,0.000201540740165108,0.000173865211197018,0.000156798736670558,0.000182837704339851,0.000138036803370939,0.000225192146002973,0.000191353523869698
"chr8",9450001,9550000,9500000,0.000243548715060145,0.000269731992353374,0.000249993522238279,0.000227941022328761,7.40171369150152e-05,0.058505709793259,0.162090962296038,0.0237998276867762,0.537727518245071,0.135064586807974,0.0354320700040217,0.570059354374849,0.0698273887091622,0.601302592063255,0.541395265485319,0.00025080311989214,0.000274094629104929,0.000225060718043201,0.00039054495078936,0.000278838629181819,0.000238615938216434,0.000415903397164463,0.000240681725141943,0.000468508628982184,0.0003816591754161
"chr8",9525001,9625000,9575000,0.00028556260015918,0.000313225622312457,0.000266128734641341,0.000262964182590913,5.1170835571838e-05,0.0693060721975084,0.16475570096708,0.037032789234601,0.476576605391535,0.114444771087861,0.0428806120936952,0.483769544990863,0.0567812205286268,0.565917424124689,0.48497034104512,0.000312810981570673,0.00032179588548118,0.00027610702918997,0.000391896037035462,0.000315957653985402,0.000289074138964507,0.000394209478670103,0.000272678272750562,0.000447969394526257,0.000383890401119213
"chr8",9600001,9700000,9650000,0.000208819989653062,0.000491167139946128,0.000483698958004455,0.000184320241360813,0.000424335854235653,0.039069932243353,0.056559287459508,0.0137734949938572,0.436291567599042,0.117650782467326,0.0798954977871994,0.451373708515622,0.0129311986191251,0.514869564474,0.484191010308721,0.000222468299924707,0.000219363704643194,0.00019089826385311,0.00028353903978154,0.000247101674329163,0.000216254366357893,0.000289677699999421,0.000196429462450195,0.000339991779202955,0.000286829848948231
"chr8",9675001,9775000,9725000,0.000273834174744062,0.000262856108082902,0.000245045404844143,0.000216071127786267,7.62276414272805e-05,0.050304726074362,0.0581726676039376,0.0160712405739496,0.511165033298328,0.116268431056329,0.0764395223538336,0.521989741037914,0.0128095091446137,0.560847613494758,0.541310973003697,0.000272447433820712,0.000266504136768027,0.0002378472635193,0.000429102890920184,0.000275696085476782,0.000246481360108299,0.000389696499429231,0.000224098324814642,0.000453661567333514,0.000389211457837421
"chr8",9750001,9850000,9800000,0.000365181067912055,0.000342109114684382,0.000311078482378985,0.000748171524140168,9.9081234766984e-05,0.0719068901891819,0.123646583376682,0.0199093253145534,0.538190748358523,0.216109773711491,0.105822567246413,0.545529247371693,0.0520750064720549,0.623782794826973,0.561290235894811,0.000359683326549554,0.000362783454492675,0.00032268946084971,0.0005926638137726,0.000389143385074911,0.000341883925336424,0.000525893720971129,0.0003109650685588,0.00065128795449959,0.000563613440469077
"chr8",9825001,9925000,9875000,0.000192147561844265,0.000182502725583057,0.000184545385345805,0.000164901603342309,3.23216822266965e-05,0.0964580972154062,0.137463035607659,0.0497217636296164,0.482369635806371,0.263418484211398,0.172308078630168,0.543496121251811,0.0323102274866006,0.557513493316003,0.519302536264367,0.000198228404320818,0.000207427979131686,0.00017723449266616,0.000272465689349514,0.000237288567616291,0.000199100165080073,0.000259704739108457,0.000173344838025387,0.000298396490068479,0.000257162813479139
"chr8",9900001,1e+07,9950000,0.000108469459744863,0.000135388951081955,0.000124777978528975,0.000109666028664049,2.97406332533547e-05,0.0582712199448587,0.0813169391270877,0.0202635911984651,0.449933078043555,0.179909297404483,0.0970747041520403,0.475953073469131,0.0201841089569413,0.542101491177007,0.482833355929744,0.00012486951773928,0.000120821501090913,0.000106228833854065,0.000160465301215412,0.000152987776291976,0.000130628873292557,0.00016739050485257,0.000115792116294662,0.000194611968466788,0.00016175334314441
"chr8",9975001,10075000,10025000,0.000203665533994069,0.00024745271937292,0.000198987329660244,0.000204294928455564,5.90619042979221e-05,0.0596764407268138,0.0519291436784944,0.00605402091333282,0.489758484039219,0.155004015229089,0.0410734878317202,0.440949019475652,0.0389495527306751,0.564585588576296,0.456979635378011,0.000230343498254962,0.000205113694236823,0.000197065186864243,0.000311814894823292,0.000254425858521079,0.00022827211544275,0.000302514803455454,0.000204181780031829,0.000350286002505694,0.000299763222548218
"chr8",10050001,10150000,10100000,0.000414686399265827,NA,NA,0.000349884998211926,NA,0.0605215430855557,0.0563852318178278,0.00986575390966937,0.60175603983531,0.138364994112773,0.0510260259574999,0.55130369518748,0.0286450977532955,0.642320732556053,0.580491915404401,0.00043812508325342,0.000389039279243604,0.000362423766189989,0.000719609730551372,0.000447324200156569,0.000398533329389483,0.00065408801204692,0.000347363146509918,0.000758839259779885,0.000644396682664384
"chr8",10125001,10225000,10175000,0.00050406184296805,0.000446065455234151,0.00036755805661747,0.000394141528146103,5.22853323793849e-05,0.0367499125559443,0.0916493742734886,0.016724707399092,0.520722187206007,0.13992172957852,0.0592381482696774,0.531391970213555,0.0305671850541636,0.609367001896124,0.532805914466681,0.00047654584654233,0.000460847713326852,0.000439322623826887,0.000705066913734113,0.000450003942869529,0.000428936901836442,0.000621098570107112,0.000380333828913695,0.000694680437562587,0.00062691398140484
"chr8",10200001,10300000,10250000,0.000298947604646019,0.000280096963823297,0.000238802534097795,0.000268278447726101,8.14458121584751e-05,0.047332712541779,0.147883299394528,0.0145969909456221,0.446442144213632,0.256993309570383,0.0804962454664059,0.470471502446219,0.0978817983733077,0.57663049958634,0.462227005153861,0.000294927000131497,0.000304276344134201,0.000278447200488846,0.000408514221877359,0.000334455617603022,0.00029085346782587,0.000367694997832907,0.000273871607621346,0.000448442432181774,0.000389196059393036
"chr8",10275001,10375000,10325000,0.000275004066886067,0.000245665066442942,0.00023552992856789,0.000248075728133579,6.24921325458658e-05,0.0586181234520635,0.201665749079853,0.0161052565751888,0.468183751852789,0.308630619840196,0.0534008445415089,0.509521984527185,0.141423102960617,0.61360477368943,0.469841055390146,0.000267995270568454,0.000307062008284281,0.000257593753152758,0.000382821125336847,0.000328939272777897,0.000252267862862899,0.00034201713063276,0.000271538098455011,0.000459602929020698,0.000361292028055811
"chr8",10350001,10450000,10400000,0.000348228127523667,0.000290775490666004,0.000249465033988517,0.000749893912937988,9.23494581419236e-05,0.0579317906459404,0.189415593945175,0.0195640650169625,0.467048240066749,0.285870546445785,0.0510909502909704,0.521449592080253,0.129586305747719,0.603471166675295,0.465520001949139,0.000325874188225165,0.000353903321584868,0.000311974759703405,0.000471684578192953,0.000354135465264754,0.000291866103407529,0.000427428507375306,0.00029567272273811,0.000495865927055893,0.000419429736938962
"chr8",10425001,10525000,10475000,0.000424224888668739,0.000348193135452825,0.000314068371891869,0.000343971765979343,5.46010550482361e-05,0.0408481059715128,0.145736576751517,0.0141546626645664,0.419456317464663,0.236889667078234,0.0347769594074884,0.462944473590368,0.125353072628744,0.549859402211171,0.416135894865932,0.00039875234941799,0.000422392745940367,0.000382707411289457,0.000499231884441034,0.000418956675174913,0.000352832085701772,0.000416276644996293,0.000368128121798162,0.000521857362399964,0.00042928166091673
"chr8",10500001,10600000,10550000,0.000385758680521992,0.000292982333630903,0.000219363031236226,0.000319277415078981,0.000103087420870664,0.048554953351348,0.215902570059501,0.0120478877361536,0.476830970222185,0.270070605991466,0.0469066543425377,0.538028513129565,0.158675808297463,0.653024161126436,0.46901128890823,0.000340615370309784,0.000361310187663377,0.000343167896211167,0.000536826769212655,0.00031988979406261,0.000307812308323386,0.000456192342275483,0.000307472159329555,0.000516183196915366,0.000461772207606817
"chr8",10575001,10675000,10625000,0.00031525674671329,0.000283107548202061,0.000232371199580072,0.00025650646806555,9.45515112790319e-05,0.0594359874491627,0.129600265749018,0.0178966938451833,0.452754382422553,0.19543981248578,0.0630753958911642,0.485772172547456,0.0865770072897511,0.581150614006557,0.473241882005896,0.000308138114517278,0.000299786134032461,0.000279543417557863,0.000435179388876656,0.000303963217762986,0.00027719872100962,0.000395802435033207,0.000257088490761428,0.000436144015950823,0.000395262132697204
"chr8",10650001,10750000,10700000,0.000267433678860964,0.000308076612333967,0.000250793912890815,0.000239631184644679,5.78010825753214e-05,0.0505586694798311,0.120196660774812,0.0201351414352012,0.398950904120533,0.202805668557474,0.0763369680246863,0.414874568002499,0.0504375737727274,0.524806229145194,0.428873405540326,0.000295072344496611,0.000285460992296719,0.000249861989619324,0.000331612718005362,0.000335264988076753,0.000285285490066105,0.000345640469918955,0.000251287989784938,0.000386219807532116,0.000325997037485787
"chr8",10725001,10825000,10775000,0.000290382852805811,0.000303464447707402,0.000267704406984828,0.000252860319826317,9.40747292377152e-05,0.060224898778141,0.108567871783068,0.0166517486243745,0.432331692420139,0.21523894259105,0.0944102874912262,0.414989406969454,0.047954338797138,0.54234869626543,0.461595058047778,0.000304703205972288,0.000301731013933654,0.000264958243644699,0.000395253857872789,0.000346149941732671,0.00029296511560457,0.000367946770445205,0.000262383664629486,0.000460527572426119,0.000383674416901841
"chr8",10800001,10900000,10850000,0.00036996943204872,0.00031038169033807,0.000335408352763755,0.000306715574582967,0.00011151268430459,0.0897209767898183,0.0539603218509932,0.0116009061915723,0.468885556958412,0.164772263193687,0.104479240540565,0.464957071462008,0.0263592202963953,0.522304316057324,0.475204625062064,0.000361324419227674,0.00036107535935029,0.000329706827197187,0.000494298838343181,0.000371253175268969,0.000331889482993582,0.00040854522387348,0.00031914429772466,0.000516922510609164,0.000457251757176491
"chr8",10875001,10975000,10925000,0.000509196177287475,0.000394194788315372,0.000391235009998693,0.000374546155850177,0.00014633586371334,0.0923051829935817,0.06384146504769,0.0051761797579809,0.488821553821147,0.18626621654052,0.107335421134942,0.505139029797342,0.030544235378053,0.539057559644181,0.495466011044667,0.000474041421910889,0.000460821351893443,0.000421364057409769,0.000706155345118166,0.000456892299987767,0.000408563910090519,0.00058102894699731,0.000379920089033853,0.000671310416289246,0.000602451191338219
"chr8",10950001,11050000,1.1e+07,0.00138742442521551,0.000484285646082664,0.000455056874842206,0.000474190293990633,0.000165828449231744,0.133861851433057,0.129490103080403,0.122974289340385,0.24817198229639,0.174216367021933,0.149310620510632,0.290120639432543,0.132989476874195,0.292198635800871,0.243092983915234,0.00128656415935645,0.00124328820995026,0.00126671094931907,0.0013102501090177,0.00124931917329086,0.0012710523971273,0.00131385518416992,0.00122722930053964,0.00127287773710251,0.00129160649218081
"chr8",11025001,11125000,11075000,0.000566553249476618,0.000448003929595248,0.000388922990189673,0.000427167847280513,0.000146078036424722,0.0875464488141164,0.100635119605252,0.00613329469495416,0.512515312972278,0.289102027332777,0.0914957977365686,0.540553230428443,0.0834305117318519,0.625773994294944,0.511929167874881,0.000531286970912584,0.000504567877556035,0.000476076586574516,0.000824639227028668,0.000550387128353504,0.000458974416314027,0.000698989342921345,0.000428270613148776,0.000815270610868646,0.000696013520949566
"chr8",11100001,11200000,11150000,0.000572964165060089,0.000470581829832448,0.000381948167730093,0.000442611800209253,0.00018141004631459,0.0564398706710767,0.159678262017312,0.0281743893211937,0.473188155521928,0.248027458091996,0.0726986812862383,0.494296175806304,0.107912262622269,0.600093915364802,0.469517481007421,0.000529914186844003,0.000536491329726154,0.000499971692383553,0.00078307392675703,0.000527903873654051,0.000470041973944507,0.00069038543560287,0.000442206780964994,0.000782014564769181,0.000669725570351855
"chr8",11175001,11275000,11225000,0.000577816161137615,0.000425585039603166,0.000346288595350189,0.000414844837946953,0.000144654098979528,0.0570814495093607,0.23727561906032,0.0459941210560821,0.410413593905457,0.314210852530936,0.106861585387734,0.442922939803961,0.0909905909494762,0.588705330440102,0.437111971683586,0.000517220729621752,0.000574421211405275,0.000501392481246875,0.000660730277409139,0.00053002241337011,0.000458056012221125,0.000537415644263318,0.000406791617802084,0.000665301599384269,0.000578285103810462
"chr8",11250001,11350000,11300000,0.00053671850883178,0.000433234558334302,0.000375389532216719,0.000389270299179171,0.000147615833138391,0.0696067591980998,0.156201887758367,0.0264547988701056,0.515638823193077,0.276098876840273,0.106253643428924,0.518901182150245,0.0676927391941773,0.633560276931857,0.530376979347666,0.000496425821850721,0.000511110254690846,0.000450681951631602,0.000777043870986177,0.000522440040433743,0.000435633181652588,0.000642345282972496,0.000391658335179978,0.000804663256403758,0.000661209962574483
"chr8",11325001,11425000,11375000,0.000490810587570723,0.000421866662554941,0.000371848062890912,0.000381637327306205,0.000125218164216408,0.0586278499252024,0.127463307684003,0.0156486509909262,0.52965297717446,0.209735306060527,0.0630908880399253,0.537700517640302,0.0657710020491367,0.613375283758959,0.517233418016371,0.000459092794023727,0.000466607604543629,0.000419804926587102,0.000726808006708199,0.0004682799056582,0.000406411939712997,0.000625686625758945,0.000384120291183662,0.000752822080988547,0.000624677402750941
"chr8",11400001,11500000,11450000,0.000512591048263082,0.000443750409033103,0.00039452166848358,0.00037408887701923,0.000123948341237892,0.0627289202635928,0.0767388876556604,0.016902619221416,0.545968154530474,0.156842604507141,0.0727199160004341,0.554431412626739,0.0303862492537831,0.614386394379855,0.563116888411343,0.00048546647774305,0.000467040520833186,0.000423816027822044,0.00079938065187584,0.000468942164473271,0.000416064606501224,0.000683318960758395,0.000378063331368086,0.000792947462396201,0.000690716922379881
"chr8",11475001,11575000,11525000,0.000649645434835665,NA,NA,0.000467446844729081,NA,0.0655134099495098,0.0850627728262908,0.0131915628795773,0.494745129376637,0.200769387008994,0.0724995030507648,0.519191115386078,0.0435797211024082,0.593900335413529,0.517065039572125,0.000605939909858625,0.000592964446848659,0.000538553897356838,0.000884473422628678,0.000600029106794342,0.000511052929950422,0.00074550965160282,0.000476531934978759,0.000908062970925568,0.000752099804759669
"chr8",11550001,11650000,11600000,0.000530502176463991,0.000452185193606971,0.000345402404111973,0.000382615576224107,0.000131377087256765,0.064878961511058,0.138601364876929,0.0157695541002375,0.492261398338289,0.24502372172102,0.0772150253873553,0.502741320136449,0.0752274788428213,0.613551279083586,0.513865387159319,0.000507151698025483,0.000481160951347771,0.000441892047551111,0.000736273707404071,0.000491921773128189,0.000430191065353192,0.000637235972149084,0.000378712095101584,0.000702847124823597,0.000632712194231399
"chr8",11625001,11725000,11675000,0.000681170824303107,0.000590706254104069,0.000481445211703001,0.000535297459984451,0.000141659842594324,0.0516894840058848,0.141295086931924,0.0132016787330589,0.525666296855079,0.238178329425332,0.0693577042042057,0.556682236380409,0.0823519907771517,0.629717698268598,0.535026955241561,0.000636493986354337,0.000639668687490763,0.000584466779801253,0.00101602256739068,0.000651816439034744,0.000570249919540813,0.000927829326452262,0.000527641827558909,0.00101964101458502,0.000908163715568075
"chr8",11700001,11800000,11750000,0.000596151324749789,NA,NA,0.000473705397827275,NA,0.0648352540773426,0.16148403506347,0.0202919962387553,0.536253508180246,0.286267684789272,0.0942735378136455,0.560271045779335,0.0894700939766085,0.625665682414879,0.532741880685012,0.000566417865791392,0.000587554856285759,0.000519571571463753,0.000910047470856083,0.000633608098112364,0.000519127397652759,0.000806565995465513,0.000483070510064118,0.000931841081099053,0.000795734007676324
"chr8",11775001,11875000,11825000,0.000511056386942299,0.000350167747875014,0.000329615737462166,0.000407628713558623,0.000141162538000287,0.124640773430894,0.191990271690777,0.0149787383642923,0.510762935913256,0.411937797760831,0.0981339610199796,0.566300931175587,0.163318958661817,0.655190889877582,0.487339659011704,0.000462430767034362,0.000485800992711516,0.000445549134930006,0.000748154007950256,0.000529525310369241,0.000402339505931708,0.000589144826648421,0.000421170743780949,0.000769798968885867,0.000622851086636719
"chr8",11850001,11950000,11900000,0.000537157383189383,0.000401765247557526,0.000279936373425184,0.000449365561957874,0.00013759402653411,0.146034358598114,0.224095011823363,0.0255341801777954,0.513217312726665,0.484988814519747,0.138823591428746,0.595539597315509,0.209218013197313,0.691663585572942,0.511431191187899,0.000519154941049057,0.000489391743664485,0.00048509283597382,0.000787735267590366,0.000587316652310759,0.000472102104411485,0.00069698050596168,0.000439407890659989,0.00074195750767534,0.000692878445619372
"chr8",11925001,12025000,11975000,0.00051777544098224,0.000378122572548725,0.000272723853164505,0.000421347840445858,7.03495646699431e-05,0.123117470040826,0.216974692866635,0.0117949304954096,0.529044034132264,0.4501528789875,0.127090557095621,0.607541601447315,0.17113764627492,0.710608160616288,0.529574995168776,0.00048353619853033,0.00046632838630644,0.000455547476833319,0.000737674845757118,0.000522042433257975,0.000438615077395834,0.000641750837889321,0.000398416840072592,0.000694375752888893,0.000653765929559062
"chr8",12000001,12100000,12050000,0.000508901657302775,0.000329391711717934,0.000275494179168362,0.000380576510062762,9.74624279970644e-05,0.148518350634407,0.213253527784216,0.016592010338239,0.545475723658287,0.509307979123015,0.181993947333692,0.650762372035992,0.163914787100518,0.712216154527944,0.543980768901751,0.000465807520324874,0.000458087629586509,0.000430010814351152,0.000754645968715446,0.000552152726338131,0.000417926534572375,0.000628503885759502,0.00037299432218753,0.000741044788872167,0.000648506755897409
"chr8",12075001,12175000,12125000,0.00044091171180609,0.000250894877637311,0.000202431156555585,0.000330357129072642,9.17719714499134e-05,0.311061589670646,0.186135034435976,0.0198342323022843,0.600242035292887,0.630069547857667,0.292185910755838,0.715021847146089,0.181097961977278,0.781080415188551,0.579972301042592,0.000466437975518193,0.000356706730636459,0.000372059227654606,0.000748859873090255,0.000527477411332613,0.000393238643232646,0.000587540972097289,0.000307427652053408,0.000739909102495067,0.000619818468234093
"chr8",12150001,12250000,12200000,0.000550630899680001,0.000295260385767392,0.000285934860375917,0.000391910476438391,9.45672833320582e-05,0.229174462784607,0.235552379534008,0.0166132507223211,0.548738706743363,0.573012107080356,0.265803043978016,0.68294942932899,0.153768600422936,0.727962990315212,0.553460060270372,0.000502968536333085,0.000497986425008714,0.000450656065995158,0.00080706390780233,0.000588159707258521,0.000440371787496561,0.000617356476175341,0.000379861124598691,0.000787654972220988,0.000678840141037773
"chr8",12225001,12325000,12275000,0.00051618629153258,0.000280709604426134,0.000303449654533445,0.000377907914890659,6.87185987598426e-05,0.144237299687183,0.314586221878097,0.0460686596262383,0.506213797944899,0.545136338488658,0.223798895434033,0.645611502515243,0.159421118463333,0.685467339596077,0.504589212202015,0.00042892776114238,0.00055644150080739,0.000447694977008692,0.000668146587960763,0.000573848060014147,0.000404590502893175,0.000514269320660701,0.000390166292898069,0.000716215575122813,0.000575467649291682
"chr8",12300001,12400000,12350000,0.000446468550109899,0.00031455085441287,0.000280164418256885,0.000355343981300062,7.76154061842207e-05,0.0508358571205277,0.385527820390366,0.101981526542881,0.543845113010373,0.459433714909962,0.161131861661967,0.606200475151461,0.140929369508111,0.688072841218915,0.525135927619185,0.00037511628282972,0.000546106846728743,0.000425670858564295,0.000668362098490254,0.000491160525061807,0.000376230637800178,0.000538389988374427,0.000356946751116775,0.000694255811000893,0.000577225182814278
"chr8",12375001,12475000,12425000,0.000431593756968177,0.000296942753254953,0.000321367923797451,0.000382835451633231,0.000108680204758982,0.0660071849537266,0.401282539838901,0.117238022447503,0.636353149498136,0.496950148021887,0.211218278990796,0.728712844191053,0.133757112250338,0.690099609080343,0.578812654151698,0.000346060814334624,0.000579389538316619,0.000434592597580298,0.000836270417966823,0.000540004145144933,0.000392575128195417,0.000732860413583704,0.000387715399592166,0.00079589637421969,0.000711936180905892
"chr8",12450001,12550000,12500000,0.000404813703814979,0.000307959257423844,0.000314343053481014,0.00038321940081703,9.60973269514879e-05,0.0531026389999115,0.428748358025126,0.134227461556723,0.642023635293164,0.462595663383958,0.182389961509852,0.687724333865601,0.140846460194366,0.654601206600084,0.5496819569963,0.000343056043480237,0.000583255519110984,0.0004320829698769,0.000766842498582948,0.000527789584203507,0.000396420402685923,0.000660915348595326,0.000389415013472737,0.000690161081104139,0.00064210760356906
"chr8",12525001,12625000,12575000,0.000383859060052642,NA,NA,NA,NA,0.089832465331151,0.306967380257122,0.0376781080563001,0.519161838536587,0.456761792556676,0.139625885806899,0.559515946206565,0.197860934322748,0.669293462491525,0.51696301945113,0.000353143252823757,0.000411607823112787,0.00033808006098267,0.000525039327007806,0.00043860913363495,0.000326457507701331,0.000444854899728044,0.000315525653849822,0.000516360275153296,0.000458560832629133
"chr8",12600001,12700000,12650000,0.00030708739627535,0.000274308220499329,0.000226071424014071,0.000309028355499474,3.54340737211959e-05,0.214338237406586,0.469284594374739,0.0608214636527814,0.573550424280183,0.427384292687526,0.138175986503921,0.515742628600904,0.283431755649576,0.63304119600769,0.471463876999877,0.000360349197960517,0.000477928508443283,0.000323669938754318,0.000491348301563374,0.000404942574463039,0.000330975794338509,0.000366047393104304,0.000364328343662844,0.000442495409935673,0.000413426785214619
"chr8",12675001,12775000,12725000,0.00026675261256454,0.000185014953302,0.000244875704504682,0.000242636530457523,4.0328745613854e-05,0.0912269044305339,0.349586649908901,0.0493681792656834,0.493723324424696,0.408226357174594,0.155880685111624,0.563072667859125,0.18595685497525,0.550138525121209,0.445685973356945,0.000236043042333239,0.000381395400049941,0.000262081409137066,0.000348820097701735,0.000350469614100183,0.000246973047206282,0.000279629314488736,0.00029141222259775,0.000393798552925375,0.000320466078233526
"chr8",12750001,12850000,12800000,0.000287620943837201,0.000221920252098739,0.000231081661798701,0.000270408191145645,2.32178521591418e-05,0.0975590472322707,0.405837633476484,0.0729863270439203,0.521520406820585,0.416439580069526,0.126440562949446,0.56175622619446,0.194367137148513,0.602022499811562,0.450471090221002,0.000269260427394501,0.000417698387413085,0.000295304650087238,0.000401803335852717,0.000369246335738411,0.000276039021374105,0.000316224526609456,0.000305467261673166,0.000411605869028222,0.00035658308348193
"chr8",12825001,12925000,12875000,0.000258284528538505,0.00021328912165716,0.000138179024359294,NA,4.29590532835458e-05,0.07429237753832,0.350174246820407,0.0872623810433662,0.582218118211034,0.392591299854125,0.11750114375041,0.61346475135937,0.145981677050034,0.720163468460704,0.550059445082204,0.000237680874228844,0.000279156089700428,0.000244858705238226,0.000415969936061525,0.000257283625609556,0.000227247249219522,0.000356685055957875,0.000196275261133458,0.000382802545251797,0.00035012428704017
"chr8",12900001,1.3e+07,12950000,0.000380455249122644,0.000262389512813079,0.000205653995150582,0.000309277362863714,6.61828038542296e-05,0.130912320069118,0.261132762683219,0.0369078808998852,0.531982527892502,0.507514350427381,0.16896207376991,0.65215122829706,0.16836376789417,0.691097165208813,0.50982947398982,0.000347633163499815,0.000365571738266387,0.000344564852109065,0.000545953029514438,0.000418187591875753,0.0003277695914658,0.000490265595243277,0.000296093073457812,0.000524639088634045,0.00046775378628454
"chr8",12975001,13075000,13025000,0.000391282302273084,0.000260325765835024,0.000191431479917701,0.000286525585361312,7.65490589177679e-05,0.17491327748568,0.202450270482617,0.00974619872161371,0.494808280510205,0.521173126743831,0.19295830482526,0.592920311097534,0.172041639833356,0.704963835792261,0.505672505048751,0.000375063761912055,0.000337097414755307,0.000326390080170512,0.000528959285983176,0.000418889050350677,0.000325966254746094,0.000440611388302337,0.000274307414779863,0.000525072462093545,0.000445392942544418
"chr8",13050001,13150000,13100000,0.000363513284837354,0.000216155466214774,0.000249149835478263,0.000280689377001623,9.22899657010897e-05,0.279330441765605,0.141313174448785,0.016450255250255,0.563440063560304,0.538987104030972,0.318612325295163,0.684774482808469,0.0898103079596271,0.673762936790242,0.556921677878042,0.000367309879037644,0.000332036236052634,0.000309324600943592,0.000592334293971853,0.000451024530532592,0.000341764927941241,0.000483844066075648,0.000276290984789103,0.000604722290571045,0.000508030114084346
"chr8",13125001,13225000,13175000,0.000501614085790709,NA,NA,0.000356913760472454,NA,0.265604708802139,0.172389832707772,0.00549820846687641,0.558790064510627,0.607679256067227,0.265879450378738,0.617885432882358,0.174956479400644,0.770892106923841,0.559901444062177,0.000529846632529966,0.000391089306124157,0.000402567017649872,0.000767330813919859,0.000596032577023414,0.000443015243285686,0.00059882667535432,0.000327872601258096,0.000743112609791631,0.000627863968043607
"chr8",13200001,13300000,13250000,0.000486264835626252,0.000339351770898891,0.000215931283999075,0.000375747692632748,8.28298685032395e-05,0.152123216006458,0.241113774958541,0.00157736206162328,0.560683844837275,0.525277220306203,0.155699777897938,0.635526704219235,0.248036272770643,0.762611749393969,0.555545593608586,0.000453696846762547,0.000421160358636587,0.000411677269504245,0.000742725495647457,0.000496427506281977,0.000399803057301107,0.000624691976506924,0.000372725010603038,0.000685364750005707,0.000632253901230377
"chr8",13275001,13375000,13325000,0.000452113665488581,0.0002432009467481,0.000223068669976029,0.000343573369256771,8.4827445127411e-05,0.160402512068857,0.252125780650124,0.000742567142545988,0.558787236271979,0.553595933994045,0.196156137654292,0.696191944699618,0.211785251084919,0.758313160594164,0.558264508010058,0.000375083898036154,0.000410388164765859,0.000378032433383626,0.000687784524455039,0.000447370298954754,0.000341877208206507,0.000536973122732601,0.000339385851986481,0.000711609138120242,0.000592641582213866
"chr8",13350001,13450000,13400000,0.000408438655308303,0.000275863859479316,0.000208260291843483,0.000314424042482883,9.71441566104914e-05,0.113767793700312,0.324142120542046,0.0149026101571925,0.579503838328598,0.520053288281927,0.131145726658432,0.669793680340708,0.226516988546471,0.741013740220788,0.560176224410188,0.000355235858883608,0.000412788581711115,0.000347051585670231,0.000675632533789551,0.000437361064890828,0.000319159552627535,0.00057577425577038,0.000320709390690892,0.000641849652047612,0.000574241501986094
"chr8",13425001,13525000,13475000,0.000461878630528821,0.000276673283923309,0.000296165240381721,0.000366203266085743,8.3875659941643e-05,0.12706445844139,0.281484995607256,0.0140316105762002,0.529108105785704,0.493236722960404,0.138762459982742,0.651454689601745,0.213673271195611,0.676959316793636,0.52093011299197,0.000396084165998417,0.000486914095886251,0.000400879848360709,0.000670442132822345,0.000512024856419273,0.000355993815871089,0.000540419157910343,0.000400134037132628,0.000695200365527286,0.00058345465625185
"chr8",13500001,13600000,13550000,0.000502040140994527,0.000323264441319384,0.000325889758352532,0.000375486257036185,9.55104607647871e-05,0.104535831290031,0.198000271380459,0.00288503597568246,0.441840372087197,0.408194074597426,0.116041924539074,0.536346554610868,0.157847824534489,0.625051620658011,0.44926784510616,0.000449411533885144,0.000488307922159547,0.000427235049980218,0.000620985608399164,0.000511278799165142,0.000387072170100532,0.000493135796615433,0.000404129369924229,0.000662705993374956,0.000528278567552553
"chr8",13575001,13675000,13625000,0.000513258926932006,0.000410374749844706,0.000392394827631651,0.000370464483120918,9.58399258388547e-05,0.100347543530394,0.077806178353044,0.0112448672341236,0.50740309327394,0.225798385978796,0.0932731535981595,0.545379296094166,0.0513619087440763,0.582529542608105,0.507707312500793,0.000495538901700439,0.00047296316299122,0.00042680973196729,0.000715548252745995,0.000495313716710608,0.000410779551388495,0.000605952730771972,0.000389417346917011,0.000705339337212935,0.000587260184455368
"chr8",13650001,13750000,13700000,0.000428683339014878,0.000340583527295614,0.000283669447827724,0.00030533565077147,6.31805798903164e-05,0.088843139209341,0.117682509187184,0.00577568744050176,0.485574526368853,0.300045630037171,0.131365978436957,0.53583484065654,0.067550564835562,0.62716691547152,0.516867092041273,0.000405552218828813,0.00038326058791141,0.00035014493657308,0.000564404874169206,0.000415890405463573,0.0003524259758925,0.000475311447613974,0.000302533223030908,0.000568931733698122,0.000484121086577304
"chr8",13725001,13825000,13775000,0.000476403804346989,0.000425562584231807,0.000354769998146174,0.00036574120882434,0.000138470173103511,0.0589040000778562,0.0824027915902447,0.00547625308761523,0.458673048242601,0.193648968130644,0.0954099562154689,0.456572266227798,0.0592967915986664,0.557188544702227,0.473627491081152,0.000463653980287417,0.000433963795579372,0.00040405261533298,0.000645378022565691,0.000457194879162638,0.000417398539815273,0.000560149017365409,0.000368968606627029,0.000635050381240913,0.000567218239526448
"chr8",13800001,13900000,13850000,0.000529895392452918,0.000473156437691961,0.00031819758434774,0.000415843826552072,0.000188184815812664,0.0860531189328392,0.213042341603789,0.0290078590449549,0.493322738602349,0.339899926701647,0.120238044394526,0.505424573521998,0.124556254739731,0.634909759057731,0.49544105519677,0.000526228792795341,0.000503393768105371,0.00046635635388532,0.000788328870836797,0.000547752089134955,0.000481642007420542,0.000710210110674823,0.00040341316124402,0.000754308291644122,0.000680985334899839
"chr8",13875001,13975000,13925000,0.000601275232085632,0.00058118136137289,0.000348964147289517,0.000465762075744414,0.000184142522204918,0.0525667387999533,0.221517026741769,0.0355544622041058,0.457847589948108,0.291800874177818,0.0731321131163128,0.44384228987969,0.111062271296198,0.65625141221086,0.478136287059676,0.000605515542394514,0.000571284183241025,0.000530909797634425,0.000810222089294231,0.000601403736700655,0.000538286724381955,0.000738740850435214,0.000440124744820073,0.0008500207793199,0.0007158901095858
"chr8",13950001,14050000,1.4e+07,0.000474653592988471,0.000464270960610789,0.000376016067823857,NA,0.000126206211788661,0.0328046696114923,0.157248307473566,0.0309103171690672,0.479761033976869,0.186364342634878,0.0464770717441193,0.474327873309656,0.0765016891226179,0.575059121216206,0.472151806353868,0.000467704616405761,0.000481959742394067,0.00042833541055672,0.000671888951798066,0.000487184994974028,0.00042732617606022,0.000618326450623048,0.000398046865064406,0.000694342724476917,0.000582468814874302
"chr8",14025001,14125000,14075000,0.000447151891105997,0.000404503065533935,0.000323786753778417,0.000341634786768427,0.000115041947927118,0.0561938159743268,0.114457670509719,0.0360356541447664,0.55552147644615,0.191360464485728,0.0872097322956445,0.591990731855047,0.0473339511057147,0.65411023093108,0.591036430121308,0.000423395252511895,0.000408585901349651,0.000382345524499113,0.000739441238600204,0.000414927565830983,0.000378265069859343,0.000680556605436075,0.00032746627091404,0.000752154460892117,0.000677681530458854
"chr8",14100001,14200000,14150000,0.000429429301568082,NA,NA,0.000334432914989553,NA,0.0731188481339029,0.108334448717263,0.0240966287505592,0.550085032028453,0.212267193961571,0.0961635258047,0.556330210201388,0.0476843407502153,0.665571872122611,0.577840668780209,0.000418973399620977,0.000385735263753483,0.000368912379382753,0.000676638483071625,0.000406952581519798,0.000376562995076667,0.00060199005702802,0.000316707627264574,0.000698922207229756,0.000621967248425859
"chr8",14175001,14275000,14225000,0.00072458605767783,0.000602956917660116,0.00054532593260774,0.000568016426182062,0.000122548967976538,0.0646065156328546,0.0831761590669187,0.0150308354716339,0.525393355660754,0.205049606591332,0.0871057506193741,0.543988926462556,0.0509824512734318,0.618677016420504,0.53242068784319,0.000678962266020568,0.000659006362834915,0.000628359426087947,0.00103931625874312,0.000677927914520464,0.000611909725114265,0.000876873121012294,0.000563221175181865,0.00105702013329942,0.000913056978479365
"chr8",14250001,14350000,14300000,0.000719347892599082,0.000602119792688603,0.000529965347886665,0.00130071404938557,0.000129225486467606,0.0730551124671409,0.0734477346180873,0.0176143522696481,0.559147478691983,0.187434735411357,0.0943834565244238,0.570350198805409,0.0384694067543053,0.642440028562997,0.583718033301635,0.000674705840873818,0.000634187802467815,0.000592782092943879,0.00112434788584346,0.000644921265550836,0.000582422812619524,0.000948475405588295,0.000516158671405605,0.0011322018433877,0.000982343714792175
"chr8",14325001,14425000,14375000,0.000569494727735097,NA,NA,0.000401736985310452,NA,0.0643937404764767,0.102318441179734,0.0237815357368736,0.519428792751405,0.202674460070206,0.0977189869622808,0.525711029929853,0.0393321781748427,0.642680803423657,0.562149374959376,0.000552444994994421,0.000492735482326921,0.00046751987744089,0.000809008193009181,0.000510620102097568,0.000473777326746286,0.000702514506950897,0.000385487136963952,0.000790451214889262,0.000713487726501058
"chr8",14400001,14500000,14450000,0.000603307318950765,0.00127566121466454,0.0012354131825167,0.000433911832786257,0.00108163714920891,0.0672529750349788,0.0595312813578342,0.00665157108557815,0.533157823061413,0.188676664940923,0.0848220779455175,0.541212564971649,0.038737289730027,0.609218675524714,0.543776936762257,0.000582978104262593,0.000528479428712553,0.000493449690909991,0.000861254023244594,0.000562214667238092,0.000497859102203602,0.000746401802622819,0.000435886198682278,0.000838605228608644,0.000729856594748498
"chr8",14475001,14575000,14525000,0.00047547491365903,0.000421572706695205,0.000340475848772344,0.000350294487090838,8.53533808995456e-05,0.0635157744099005,0.114009111450788,0.0241251066558147,0.433152061480335,0.212568281288474,0.0910894920748359,0.420766012023803,0.0501321213197166,0.540882775828269,0.455111753899836,0.000467990009868597,0.00044459261038568,0.000407069867910365,0.000556902169822926,0.000463881025250418,0.000410299612666021,0.000474638590138797,0.000353483133042864,0.000548381463581977,0.000481275689376586
"chr8",14550001,14650000,14600000,0.000260867300307939,0.000212021802951487,0.000177892685567179,0.000198638516471379,6.42793495245697e-05,0.0793367556885531,0.249738538400179,0.0930461989253702,0.514116765815466,0.301889428233217,0.134450135062179,0.5505494395758,0.0537621653980863,0.65554798382929,0.5489228513855,0.000242846542103329,0.000275053444776769,0.000238079930480995,0.000378007341072982,0.000256165094424117,0.000221235315495318,0.000326973509910143,0.000190378341511577,0.000410811003056037,0.000347076503915713
"chr8",14625001,14725000,14675000,0.00048533035426199,0.00036728311815145,0.000285891205873446,0.00038326518375911,5.83909138472868e-05,0.100499004269556,0.354495880005749,0.0896235842455263,0.527844660222393,0.459805271590624,0.17779117970006,0.591458924845649,0.124298942861884,0.694726749442389,0.53162208062336,0.000453942018170903,0.000560180014530143,0.000457933191475204,0.000691393216614927,0.000550175909461523,0.000435103002523326,0.000585037149083754,0.000370195941037031,0.00070536276561971,0.000612495606138427
"chr8",14700001,14800000,14750000,0.000429951155277825,0.00033201310505813,0.000250154154224058,0.00034603780360995,5.84944281819521e-05,0.11676361466454,0.289058372058662,0.0667668791011405,0.562430669448968,0.438843272885819,0.16274982879484,0.6082821393594,0.129719882393418,0.71936725409145,0.56444818998933,0.000405508756699699,0.000441095325430463,0.000395623655236703,0.000658009651713894,0.000464067447301836,0.000381974883110708,0.000551687664047369,0.000325624345780612,0.000682710845460218,0.000588485656542994
"chr8",14775001,14875000,14825000,0.000420989883783354,0.000282421789226503,0.000237446603525614,0.000294203470810641,5.72349927690142e-05,0.122713637762114,0.185634943752768,0.0392409893025378,0.532057984650313,0.413434386006146,0.200421984148494,0.62692655223686,0.0769595677494848,0.699159070656089,0.576503189412694,0.000380109714128359,0.000373586804549387,0.000350580705368786,0.000599059397288856,0.000401256898920184,0.000339468214827026,0.000499956586566737,0.000273264980754907,0.000595141965310728,0.000524765853073667
"chr8",14850001,14950000,14900000,0.000479551438559801,0.000333853227823382,0.000291317626296591,0.000366559523042705,6.50792147255518e-05,0.0790023623868218,0.217655785854597,0.0414457378318232,0.495545937704973,0.429656564439071,0.169312949147248,0.58302430143566,0.104445065272092,0.662418081335893,0.516424825491323,0.000425247553049464,0.000465816948122944,0.000425584017364646,0.000625720784111015,0.000510015784441737,0.000408217125740967,0.000532738134765342,0.000357915298554118,0.000641976836768425,0.000562496061523336
"chr8",14925001,15025000,14975000,0.000551237810421159,0.000406596870017397,0.000378355648098949,0.000440473946351844,8.41446339892718e-05,0.147475861243742,0.119243198326333,0.0057241665323788,0.479072421789076,0.389213096360779,0.16106772532669,0.512118685341874,0.0915556127422893,0.611605142226617,0.477672426681497,0.000544573421322159,0.000505716444656345,0.000484845801006295,0.000702028244903451,0.000607217005235833,0.000495059640698825,0.000559506606741778,0.000438172175219651,0.000731068214548537,0.000637142828243424
"chr8",15000001,15100000,15050000,0.000481776321835053,0.000372839720532091,0.000383338654628178,0.000357571865366907,8.72487228882623e-05,0.106201631336046,0.0592892996568846,0.0125532485607528,0.444509532911709,0.234689782927239,0.125130679752986,0.454777069024746,0.0353014469204603,0.513482248218823,0.452036351005827,0.000464818223604575,0.000446432868212678,0.000410348681732893,0.000576410031951102,0.000474009046841124,0.000405016698900424,0.000460545958320869,0.000373991398445567,0.000571513571388889,0.000493413147880479
"chr8",15075001,15175000,15125000,0.00108254674137639,0.000409420680448268,0.000422657101050406,0.000384315302850651,9.24629091306017e-05,0.107292675793226,0.0908969723343044,0.0971053293271031,0.192526186766874,0.124447825997529,0.12565690882113,0.239185692261972,0.0918940661350862,0.184617719937115,0.179004106311441,0.000996840098099384,0.000967298079748758,0.000983221062831889,0.00100539843389384,0.000972069996238955,0.000987995964512762,0.00101028680113019,0.000957105477311188,0.000978462744059484,0.00099349791043669
"chr8",15150001,15250000,15200000,0.000583686304931524,0.000494459200066769,0.000450594346269734,0.000432015988032511,0.000181207292400742,0.0659483673054892,0.0756133731607045,0.0132389155056901,0.457898561232836,0.127764614179151,0.0762696736291007,0.460710716287513,0.0362259908566199,0.528501424970884,0.466989480271516,0.000561917467612537,0.000543881310694584,0.000495970861466785,0.000768111008509662,0.000522676610794227,0.000485648550921646,0.000665333950773538,0.000445329420564963,0.000765050933458835,0.000667688756994437
"chr8",15225001,15325000,15275000,0.000497003746693103,0.000462396989904371,0.00042981213833503,0.000378533243805089,0.000124101828156299,0.0797603630489894,0.0407363000316124,0.00856104659975887,0.490786110888073,0.132610827632796,0.0957303358437658,0.463653473178588,0.024633255822887,0.526391718795428,0.483148530065171,0.000505127502470395,0.000466923064301725,0.000419989332970377,0.00070291956065788,0.000496676969920119,0.000446650656134537,0.000609024657790393,0.000398433081128767,0.000702652843118163,0.00059643261633135
"chr8",15300001,15400000,15350000,0.000342858162170209,0.000313274436730293,0.000311091333495946,0.000270587906169508,7.99720124280403e-05,0.12354841393791,0.0397594013175409,0.0111401272947946,0.563109269744203,0.171255933957758,0.117299076786938,0.57973505548412,0.0179009086397888,0.570227713271352,0.542791721300307,0.000355146488371117,0.000326376049695187,0.000292981650794347,0.000553092062710031,0.000358054203519248,0.000310639337426415,0.000513158730665727,0.000284618746999724,0.000541590002267945,0.000464595962348918
"chr8",15375001,15475000,15425000,0.000405305084737285,0.000341975629458593,0.000319527100831623,0.000284959049348336,0.000108879794863727,0.133797619000478,0.054562324301499,0.0185412703440667,0.502970372497131,0.229370036174451,0.176660003089307,0.508410593318479,0.023102999540613,0.557053113461025,0.52789368526886,0.000415555089223292,0.000370006847379926,0.000332634353502472,0.00057612268486262,0.000410668452864938,0.00036017461868948,0.000490460776301094,0.000298241272768333,0.000560596655895477,0.000490033270547821
"chr8",15450001,15550000,15500000,0.000605331878884041,0.000442886978029773,0.000431818321968012,0.000442880022347992,0.000130278641474969,0.117635914274723,0.109582715977919,0.0267565343938943,0.520975677054704,0.307488886581674,0.179413002885069,0.557736823846289,0.0434570208785837,0.621436927493046,0.548461937026963,0.00056699856891816,0.000556170659734078,0.000513378941720501,0.000867722624719198,0.000598176844871605,0.000516554819811465,0.00069324570829295,0.000440310500052181,0.000893101477550063,0.000765701618365704
"chr8",15525001,15625000,15575000,0.000462981253251525,NA,NA,0.000364280912398059,NA,0.136791031434814,0.133892934155646,0.0228675365358582,0.542387849006291,0.342903805252135,0.157592777365925,0.561187130493112,0.0788071090632919,0.667923700140166,0.54980469659177,0.000475396574359572,0.000420823427662144,0.000402272712599631,0.000714158641782743,0.00049632762137028,0.000432580808774392,0.000601011606822741,0.000350111423146218,0.000737796130225108,0.000637799270800647
"chr8",15600001,15700000,15650000,0.000292407829953508,0.000315589296900827,0.000216635788338329,0.000248162328477121,5.06443119935997e-05,0.212370375757454,0.115042355723685,0.00908942081151282,0.622875411339158,0.3351974231701,0.181710030305725,0.525024159732512,0.0719814567958924,0.706903767269661,0.599473652103129,0.000364511262994379,0.000264751063863812,0.000254861685062221,0.000546567938240355,0.000363963405993209,0.000324306290195071,0.000423983744949911,0.00023532751165117,0.000561779862937552,0.000484414576405548
"chr8",15675001,15775000,15725000,0.000349487701492834,0.000348986764192799,0.000292488161165166,0.000273076438231861,8.27639320470211e-05,0.124235336422297,0.0806152523800889,0.0237932112071927,0.543144306298373,0.270630954418644,0.195978545823656,0.507900170029274,0.0283680408828856,0.619624725685485,0.573528829170996,0.00037942887631894,0.000331581251714788,0.000299020712099055,0.000551096027139622,0.000415399458527265,0.000362352871067865,0.000476314721061628,0.000275361571612275,0.000594754569198294,0.000507849841982548
"chr8",15750001,15850000,15800000,0.000518963674160429,NA,NA,0.000397002311822051,NA,0.0872727515556118,0.0685631950103696,0.021872874391432,0.526904425197759,0.18485803508548,0.113339410503513,0.508451552802755,0.0309511694998947,0.578357336595025,0.534596605116661,0.000516126095435632,0.000491136973864788,0.000442945264095735,0.000776692361810104,0.000526540535667018,0.000461342818959665,0.000640245957425297,0.000410356498489007,0.000779103032960351,0.000672173632809663
"chr8",15825001,15925000,15875000,0.000616808652651887,0.000582619223973722,0.000522457543567429,0.000473658614139172,0.000146611172793011,0.113330796639907,0.0542720483767524,0.0111599599632778,0.527255314556587,0.15772834543255,0.108287837159795,0.482836010050295,0.0220094757828551,0.559601466375621,0.522289281923928,0.000651662554323336,0.000580882345653802,0.000526656637617019,0.000927661507391893,0.00062885371701557,0.000566452595105188,0.000773183584726742,0.000492204879559356,0.000901765689125115,0.000790996994501998
"chr8",15900001,1.6e+07,15950000,0.000555073945442826,0.000561496928309431,0.000487702782116451,0.000434702642021202,0.000179778594288317,0.107518584044121,0.0658521235103768,0.0209754284404974,0.542827479591251,0.166976216607602,0.123735564206609,0.484746101972799,0.0214407044774942,0.572693778410093,0.548397903552866,0.000595014339033208,0.000529952048657979,0.000473344254972955,0.000884580404976296,0.000594558005492984,0.000529985345324901,0.000753910177606,0.00044724283257443,0.000886070248134315,0.000776068423162697
"chr8",15975001,16075000,16025000,0.00115190301925527,NA,NA,0.000361699344558149,NA,0.117905929731169,0.111968750914127,0.122982268003581,0.207044897808606,0.135117480584644,0.14361933484156,0.239125549745414,0.104397152639349,0.221597748386883,0.225442127785113,0.00108261797524027,0.00104150973017385,0.00106657355404146,0.00109143490346581,0.00104746277713071,0.00107252043750651,0.00109812338624926,0.00102944499865856,0.00105569106396908,0.00107965177295418
"chr8",16050001,16150000,16100000,0.000492128650520954,0.000471955035379374,0.000381975393975345,0.000352099762108992,0.000166951623411051,0.0771043655323765,0.0537993327086047,0.0140533328057158,0.592476269415242,0.159026242708046,0.100199933344687,0.557808542798169,0.0172552486282465,0.64563858728367,0.610008827416102,0.000486891236026012,0.000428928766724383,0.000390484976111317,0.00087902489824027,0.000468461736962115,0.000416049921980764,0.000764683845939666,0.000346367390906547,0.000871101351924274,0.000750686045628728
"chr8",16125001,16225000,16175000,0.000574551147303554,0.000522461991557174,0.000459619947384436,0.0004256360350567,0.000135585266836281,0.0847448736627281,0.0589321460560371,0.016352528815376,0.524808847184181,0.159210003610861,0.102785787930948,0.489845440738758,0.014224461869764,0.58290320587544,0.549563354091105,0.000580985735230232,0.000526669739549523,0.000482876467241119,0.000855590980866874,0.000556820762867224,0.000500827037455834,0.000715395765046642,0.000429862737618767,0.000849374400575045,0.000740193750924032
"chr8",16200001,16300000,16250000,0.000924374211160098,NA,NA,NA,NA,0.11304417839757,0.113775109430524,0.107644467382333,0.202152417601006,0.151014576199776,0.13563425777327,0.24572685256043,0.11607584405466,0.227316407901266,0.21728783140637,0.000877359652494819,0.00084915759632473,0.000864055424312305,0.000887729667520661,0.000850763560517477,0.000864930458547559,0.000888714098668147,0.000836247229192007,0.000859355965715579,0.00087402724394106
"chr8",16275001,16375000,16325000,0.000551258687522952,0.000485674700111811,0.000476940259042185,0.000423430112699031,0.00011516039468158,0.0612482614755062,0.0630057976342816,0.0175136398200233,0.538163395062485,0.131893114104343,0.0937510994991213,0.543969462296578,0.0237093312367503,0.569976370586487,0.548353891307176,0.000528352773878392,0.000528812620592979,0.000471468145720153,0.000836712454129133,0.00053106025241307,0.000476715814167199,0.000718948294057839,0.000441801315122338,0.000835673729935958,0.000724250451089502
"chr8",16350001,16450000,16400000,0.000585183228730129,0.000536186370813409,0.000458758523115668,0.000412123176564367,9.71583781091273e-05,0.0644268652846329,0.055036451797829,0.0154374766195803,0.565307333200976,0.123554639450706,0.0781885607538564,0.545810465789654,0.02175525610296,0.612800702553503,0.583168792015968,0.000575838840253223,0.000527742523799107,0.000477421481599233,0.000921284283424949,0.000539298415786868,0.000487134563263566,0.000781255257154777,0.000425865905567307,0.000885786480949651,0.000774958601136501
"chr8",16425001,16525000,16475000,0.000491099170196224,0.000440036635041404,0.000400314832125454,0.000343300581765079,9.31507697602587e-05,0.0992339764062131,0.0467322537356787,0.0110153548917837,0.57382829342102,0.15838846395916,0.102126978330634,0.547413079105653,0.0327807742997955,0.6045548833967,0.584313964827302,0.000488282706969743,0.000444593251613093,0.000392907045398556,0.000770457797426908,0.000470217725423294,0.000406676273639662,0.000637745250627828,0.000363773289846251,0.000748019506960949,0.000633255819425498
"chr8",16500001,16600000,16550000,0.000401496278741387,0.000399065506107058,0.000363539944273831,0.000271429732323023,7.62420624404589e-05,0.108255913911217,0.0550988886647404,0.0170538712067693,0.602042938978812,0.157102834900316,0.15369081286252,0.562625393706362,0.0214315832491703,0.602709991203324,0.634942596849387,0.000430192330947792,0.000388440268529289,0.000316320767237814,0.000689577039243831,0.000431270531410846,0.000364368190586455,0.000606922396486631,0.000303794714541744,0.000695702568597013,0.000591922743609259
"chr8",16575001,16675000,16625000,0.000513245575960277,0.000507913779557671,0.00043194003568518,0.000382513182313003,0.000114575999561073,0.0921736572833942,0.0818586738759083,0.0295246309695675,0.599994541965694,0.178598369426561,0.136349597565036,0.560232065061584,0.0268363869079483,0.639358277149787,0.631165136375085,0.000531771299391445,0.00048520649540448,0.000426814143944227,0.000907819736890373,0.000538175895353763,0.00047466226362787,0.000786162188021137,0.000390015058899132,0.000931127775260253,0.000816293779818083
"chr8",16650001,16750000,16700000,0.000546943651564256,0.000530487481973278,0.000405678186648303,0.000401829654562787,9.014918953667e-05,0.102772958459489,0.0687162118599919,0.023964825691952,0.567192314610546,0.224108906889457,0.140392781083091,0.505525141462233,0.0300658598034347,0.639747700146703,0.591794613593942,0.000577165231195901,0.000481896195063741,0.000454349266015777,0.000852275206933186,0.000567231692195879,0.000512122370391088,0.000700662781526797,0.000392790988765989,0.000855902702460655,0.00075866827193044
"chr8",16725001,16825000,16775000,0.000619812305611085,0.0005986384119429,0.000517900235173932,0.00049013506836314,0.000101905039670289,0.131852422450098,0.0462943233497204,0.0129140410414413,0.556375327007049,0.201354381984911,0.127075510315844,0.490661526378428,0.0252718473998429,0.591418300047025,0.546016958911157,0.00067979846227415,0.000572703272948767,0.000536525116107407,0.000932206798923193,0.000670352622137011,0.000596835302074405,0.00076799454702805,0.00049862098789676,0.000934675977141563,0.000815853399804112
"chr8",16800001,16900000,16850000,0.000669778261192511,0.00139158515056634,0.00140432614553401,0.000517669655493742,0.00123067625158945,0.104909665042322,0.0362336052033328,0.00584339085692816,0.528855705925431,0.139026415264558,0.11368520527633,0.552253373965973,0.0220146212105218,0.533448714220404,0.514416252515376,0.000667878144026879,0.000630424896098329,0.00057147403925815,0.00100242787983086,0.000649256161824656,0.000591368060564111,0.000895193644581556,0.000544924809184518,0.000967323585873601,0.000865777135339948
"chr8",16875001,16975000,16925000,0.000598037607645308,0.000554102013627731,0.000496437825753259,0.00045381359746645,0.000158238346443508,0.101234970435075,0.0435900603754087,0.0127579265240891,0.551386026474836,0.150339555325779,0.119747337745458,0.54733966690392,0.0205611118505257,0.57611166189482,0.553832331109468,0.000611350533196083,0.00054794468129621,0.000502618774932219,0.000978794669279805,0.000586794795543341,0.000537473970220078,0.000858820400013996,0.000464577211535673,0.000932108892264278,0.000839472991113851
"chr8",16950001,17050000,1.7e+07,0.000547309385184598,0.000526099336395941,0.000439676414490975,0.00040506919505454,0.000126489956370971,0.130756616814336,0.0585687170813895,0.0123931536452703,0.643324443329705,0.213461123303135,0.157070657859144,0.611926302109567,0.0257008079772559,0.679323907145026,0.653214383419116,0.000568229558656449,0.00048307704500375,0.00043667744756962,0.00106888379627338,0.000559393138421106,0.000496668615039775,0.000906792476589107,0.000399961872281227,0.00105303486727515,0.000920993177461617
"chr8",17025001,17125000,17075000,0.000468693707457133,0.00037316613397076,0.000356945737771242,0.000359864154496302,7.43482013764211e-05,0.102336179949178,0.103749392874596,0.0278240018988442,0.476121185031588,0.213606527383274,0.102313970178871,0.510803178386347,0.0761360083845565,0.547250462092935,0.47594198266074,0.000455582767004559,0.0004443266907502,0.000410461803093514,0.000608697227370749,0.000446105682010506,0.000395477040048768,0.000507330578734827,0.00037792090874585,0.000584798949993627,0.000532047638815332
"chr8",17100001,17200000,17150000,0.00042864197639942,0.000386631104284418,0.000304886718798191,0.000360162971622198,7.54496877736071e-05,0.147543647529707,0.134439666952217,0.0408337866006617,0.537133988686125,0.301487415534901,0.0639360031871697,0.541213812707503,0.153983557097532,0.620739224523334,0.497010296768047,0.000460478185449342,0.000404983301230629,0.000395947620710133,0.000654189716664629,0.000467134553978718,0.000385253924974531,0.000564473419082431,0.000380479609262156,0.000629685479115486,0.000563319743026345
"chr8",17175001,17275000,17225000,0.000476007278906742,0.000398285080499754,0.00030550583048365,0.000392067993641639,7.04554460137778e-05,0.0522835281588444,0.283527767297157,0.043413280834363,0.510138811967259,0.339226186604902,0.0584253883687504,0.555023045366341,0.169176146287536,0.636111005863376,0.490691120104049,0.000444164055279262,0.000518045439050016,0.000438795038527845,0.000661630869140741,0.000495881511224838,0.000406915830990786,0.000588391726355719,0.000411313509562155,0.000621363246324554,0.000576930250441889
"chr8",17250001,17350000,17300000,0.000437346190514006,0.000389661148218021,0.000260906319036206,NA,9.51964492988081e-05,0.0246492037695726,0.441343821262501,0.0683263825176128,0.480009501743116,0.426915308998334,0.0456960017191244,0.515504414916419,0.26256043129637,0.664522920681311,0.442759157678807,0.000409907891595292,0.000578952599608293,0.000431504116373288,0.000595820732560603,0.000514272563822016,0.000395151821176216,0.000547670823652335,0.000424970387835466,0.000600545986148704,0.000531168985297594
"chr8",17325001,17425000,17375000,0.000513118420972103,0.000463249838211482,0.00035817885909479,0.000428077724126932,0.000118052750939762,0.0706364963692098,0.280720001336761,0.0492755988809016,0.492013017239362,0.283732699014702,0.0649000204241156,0.506020508266151,0.146953124089133,0.557981389072934,0.449997720267083,0.000504725313378296,0.000573316745637133,0.000476633538044171,0.000717089831944924,0.000537515461093768,0.000455448126922958,0.00063703685153598,0.000448012202052347,0.000625663350253639,0.000597047999280336
"chr8",17400001,17500000,17450000,0.000572885496102274,0.000444877799778077,0.000380637032850071,0.000425010147359939,0.000123330736647328,0.0634052621994397,0.231060974784042,0.0296806350916436,0.47090606396306,0.281829731388465,0.0784182987969562,0.503263185613597,0.134119722287172,0.603744098520845,0.479645700556947,0.000521399079077463,0.000588182264992669,0.000492589445853702,0.000740350756996966,0.00054205444808337,0.000452329675389018,0.000622315094068144,0.000450867537297815,0.000747674564953383,0.000638152238542135
"chr8",17475001,17575000,17525000,0.000506799942147199,0.000413300807834339,0.000330348363687297,0.00041401821391222,9.46197185071273e-05,0.0724177198980729,0.230944412421002,0.0130555592569901,0.506583995602543,0.349305077663695,0.0769336196406021,0.559814311846433,0.219169357795476,0.648794302596699,0.51646389432009,0.00046993924666141,0.000513643180844849,0.000446357619726023,0.00070051125443617,0.000522856780409447,0.000427245529653979,0.000617994176666471,0.000455815129992045,0.000708451207103498,0.000637777838191181
"chr8",17550001,17650000,17600000,0.000548095194128514,0.000358403885452687,0.000321860240533447,0.000406576046588152,8.48284054576627e-05,0.126648914680491,0.169157863065078,-0.000370982432457936,0.465868610372539,0.416482943361165,0.126908672809146,0.527677796530618,0.200591850138254,0.643514128939884,0.471197217916878,0.000500719162138517,0.000499486626656722,0.000461490698764418,0.000684801144591788,0.000546816754333088,0.000428384997564222,0.000513339603680879,0.000441456076850773,0.000695983501870274,0.000581598914066541
"chr8",17625001,17725000,17675000,0.00109868147162849,0.000343569157733982,0.000327420670096281,NA,9.07758709520951e-05,0.13874770751592,0.130168039388231,0.114985425291508,0.201510356240594,0.139230926910979,0.135246257933411,0.256854747343389,0.108260614218928,0.252162755691623,0.213642901525625,0.00102363069463216,0.000990838485040351,0.00101554016579357,0.00103176321849696,0.000989284165988849,0.00101489880566579,0.00103378497208235,0.000981297136521914,0.00100031692620918,0.00102401971447017
"chr8",17700001,17800000,17750000,0.000533070908019144,0.000385433005662895,0.000325852572111865,0.000406706743852603,7.30876213159732e-05,0.0721840691378222,0.284920461622813,0.041843793799335,0.532799868140163,0.370108711071943,0.109665230006074,0.604149464739543,0.140951531543049,0.647429977378265,0.520851228563675,0.000471628747704949,0.000563060724314656,0.000470489521559191,0.000751565689805558,0.000520194653435813,0.0004284100735855,0.00062774567421003,0.000413903049259099,0.000696215104833896,0.000642196138623546
"chr8",17775001,17875000,17825000,0.000453984535553722,0.00033708935642602,0.000302221283175851,0.000343919151853551,8.08749660388326e-05,0.0612805771062969,0.256128480247639,0.0373537037131273,0.486292851032962,0.314452896544755,0.0862261542623421,0.551882829049055,0.119035491617222,0.585200131607443,0.473051780099915,0.000404938314751013,0.000485844402604061,0.000401286714106005,0.000597451884693618,0.000437626080030794,0.000360606012467493,0.000514926852420244,0.000357842915578079,0.000562082566188305,0.000516098859292407
"chr8",17850001,17950000,17900000,0.000439053318072869,0.000396934311591408,0.000340029287653866,0.000384937863516127,8.67171950088594e-05,0.0621236764040955,0.275652940236759,0.0254661868217161,0.506812819522374,0.264488214969058,0.0571003296196127,0.527321233383337,0.140311416089214,0.588735854574752,0.469964480461022,0.000429610699786167,0.000512091672134657,0.000409046462013804,0.000629281097910869,0.000473703710075965,0.000401920854821678,0.000562084590527738,0.00041108418716803,0.000633736839985526,0.000564687356579973
"chr8",17925001,18025000,17975000,0.00116386286263141,0.00111508311235875,0.00110889167926279,0.000419249091754406,0.0010126692866329,0.122347640197297,0.142974710006735,0.115598995277382,0.207223303171024,0.17011425120226,0.138759264685324,0.242973447603872,0.121118363934063,0.237931702425159,0.221469524125327,0.00113225281148483,0.00110249544802298,0.00111144526554035,0.00113365283774181,0.00110385156295699,0.00111217483809485,0.00113525106808748,0.00107999024830458,0.0011040388015539,0.00111249126997776
"chr8",18000001,18100000,18050000,0.000600598122836073,0.000476180885363676,0.000438680844904064,0.000456622738978251,0.000141069391291106,0.0687068832068413,0.163833709635786,0.0153588949918992,0.467258078074967,0.226511623414074,0.0568701686248808,0.487182721926574,0.130253820740385,0.573285936642254,0.464943868222204,0.000558279103468923,0.000593389353896075,0.000515456460037702,0.000790330542249797,0.000561525106549417,0.00047507564779799,0.000656649627030618,0.000498315184517503,0.000803887325473021,0.00067413004260499
"chr8",18075001,18175000,18125000,0.000624528940482439,0.000465941891546268,0.00041434697636777,0.000471496368366644,0.000158442947611727,0.0522731712415153,0.249209096940067,0.0197565189133073,0.487559969031533,0.256296207953029,0.0424612394484852,0.542724794617315,0.169568342629741,0.621491385954025,0.475195206780996,0.000548399757745653,0.000653821432790189,0.000536106895999961,0.000870686458302755,0.000550613245479188,0.000468172256394684,0.000731683868800472,0.000513322034647356,0.000860677977065358,0.000724246031721833
"chr8",18150001,18250000,18200000,0.000666568996595949,0.000596181383188791,0.000469548033302841,0.000522381354210035,0.000153877232299431,0.0523223227489603,0.251420529889288,0.0276398059845752,0.533632105431499,0.191874713428806,0.0333271019641098,0.557109664118414,0.145415917316616,0.6522821622029,0.53080585726128,0.000632659442594565,0.000715169035813213,0.000582928199888566,0.000996151314038174,0.000613563703582683,0.000546591894853148,0.000912257339957193,0.000553176083033224,0.00103748633654851,0.000875113886956767
"chr8",18225001,18325000,18275000,0.000695240929623746,0.000589065107205513,0.000534131784640373,0.000522744706143964,0.00016142067043034,0.0975176543393503,0.169911748586966,0.00310966678395663,0.50342355518348,0.206110867689548,0.0996357072640152,0.515048524878924,0.154309933837487,0.575474447318819,0.503099530520649,0.00068264917736561,0.000711352531212976,0.000584116158882082,0.000969292299472058,0.000672790057520717,0.000587916452575278,0.00083155361333585,0.000599901274626038,0.00096412469899466,0.000822037235192342
"chr8",18300001,18400000,18350000,0.000631665959199753,0.00054467516678953,0.000477647746436534,0.00047482757396052,0.000144023056327233,0.113799607113335,0.204237263646681,0.0133264801287541,0.539288255963883,0.205981469290768,0.109407930515426,0.526373088724988,0.159718401071638,0.588534431313289,0.532097020675583,0.000634052183267061,0.000659974245147132,0.000532918201698351,0.000960159504930634,0.00060808313490339,0.000543220062523199,0.000793937101199186,0.000540379865454548,0.000903895648039789,0.000810318846780935
"chr8",18375001,18475000,18425000,0.000616264661508379,0.000563590530196027,0.000397567654904835,0.000476004896135484,0.000189787804701187,0.0688212160277589,0.259251165722431,0.0245475385707828,0.500241079530153,0.252637737834957,0.0322544987181726,0.481595930556047,0.16737002885863,0.626368476505259,0.474789526031008,0.000610269365605212,0.000639269298567306,0.00053622261098873,0.000895030775792567,0.000595230330694745,0.000513926301612289,0.000772040156270033,0.000499640678889016,0.000862394280490676,0.000737006225110794
"chr8",18450001,18550000,18500000,0.000547810714282582,0.000491995064681322,0.000389257485621802,0.00105048795599435,0.000146811298614392,0.0618566932023219,0.153343821757811,0.0326987992050337,0.507655464661212,0.207316500482144,0.0670547635755091,0.53338600260128,0.0684752792217545,0.621076986204999,0.527213809262811,0.000532115960457655,0.000524890788907585,0.000479321937549621,0.000793376955547174,0.000522091713276115,0.000468166027002881,0.000726230371402924,0.000417397895048789,0.000808506350865669,0.000713361834806455
"chr8",18525001,18625000,18575000,0.000565253382704352,0.000490846438768607,0.000493822744667306,0.000459655501233616,0.000139859263456675,0.0731671597090818,0.135999571989814,0.0317295353185983,0.481301481515187,0.155008340785072,0.0650733383251648,0.493737824877931,0.0641138448341953,0.521544473084415,0.468005826882654,0.000548650210086082,0.000593809985923556,0.000509884539283475,0.000775435507489776,0.000557947765360104,0.00048809613669703,0.000666049565088505,0.000492861972481764,0.000780825343324257,0.000677268677888535
"chr8",18600001,18700000,18650000,0.000597163543649942,0.00050884780478634,0.000437786251064179,0.00046689151457379,0.000119317026392231,0.074565014121263,0.182975830008294,0.0261976390744796,0.442639559472347,0.17287173732933,0.0649973577023537,0.444458963842257,0.0943812468887819,0.501052455689913,0.423435607847205,0.000580104900206258,0.000610618344421406,0.000528308328480678,0.000727721675360545,0.000549953629427587,0.000504855665532145,0.000618095211236554,0.000487760235046251,0.000664216006395832,0.000620276013320744
"chr8",18675001,18775000,18725000,0.000621631550076617,0.000519083559713686,0.000468905950586164,0.000462450728453875,0.000141394739831309,0.0444453634144169,0.165001248858931,0.0214611946307713,0.462996344075144,0.160459499762849,0.0492816148296404,0.488783834047608,0.0884968081343222,0.528777402858804,0.454380969782664,0.000580959764411122,0.000631472887963959,0.000534408222499398,0.000815070352725854,0.000566521226400506,0.000498902231561294,0.000717898298531002,0.000496516306557815,0.000777070236941719,0.000675402094282796
"chr8",18750001,18850000,18800000,0.000657189788503851,0.000594688370899763,0.000557123739639585,0.000540878274458107,0.000131553100740289,0.0613820289863996,0.268562447880084,0.0268506208874133,0.474602598750916,0.183301009907654,0.0368846855105906,0.484477911979497,0.16323845473695,0.550918139509534,0.454811822410914,0.000646211315635405,0.000801210629416184,0.000597495999732323,0.000872166806420887,0.000678087314966294,0.000570452139318736,0.000782767870936934,0.000633997767198483,0.000938485968774381,0.000772073460221902
"chr8",18825001,18925000,18875000,0.000741832012229518,0.000625325107401005,0.000600121414539698,0.000592260211112314,0.000122656253085826,0.0610787408230451,0.242840641709631,0.0194979921621085,0.506142792227679,0.198640712092231,0.0460348318031264,0.508526183555971,0.172462862926717,0.551838484468054,0.472790462920652,0.000699364473029947,0.000852376186080092,0.000654665020741962,0.00100619214487816,0.000732062099063352,0.000615218197228651,0.000851235268494352,0.000692722858694855,0.0010015869676119,0.000854452621839013
"chr8",18900001,1.9e+07,18950000,0.000466629355287709,0.000441843261141696,0.000467056102779589,0.000398794380720598,0.000142963886216544,0.136382483987241,0.267906704740233,0.0141665031135913,0.582295643385746,0.185846861336186,0.0826181605801724,0.527227234293751,0.182662939631416,0.530385890801369,0.534661066859255,0.000496749149442151,0.000609852498742826,0.000413949314750801,0.00080698817463108,0.000531250230021864,0.000432118478406005,0.000649682394075234,0.000500260676861311,0.000769489124733816,0.000678942001178679
"chr8",18975001,19075000,19025000,0.000430111011113428,0.000473697680967357,0.000518934223511691,0.000394136855158512,0.000161398153499807,0.11629946131155,0.28268881584329,0.043198843194175,0.660855534029814,0.18336195320702,0.0640618561249237,0.577462286073269,0.150413484556186,0.534338703482209,0.57693782795806,0.000476458551402172,0.000638503008074032,0.000403949254695391,0.000926701944031946,0.000582801749462205,0.000432817294448574,0.000780707318958496,0.000511644723526251,0.000846361367450673,0.000745854369768572
"chr8",19050001,19150000,19100000,0.0003213586511888,NA,NA,0.000344288259756442,NA,0.169305558775253,0.324362578768444,0.0562046029005455,0.6844715551685,0.175278670955397,0.0741792867883016,0.564927189379637,0.166613458557028,0.49567795621301,0.556810961407138,0.000406482176713129,0.000577886770590667,0.000334805746974031,0.000712912151758789,0.000513847768753221,0.000380610315317688,0.000614084394638465,0.000473020011581862,0.000671621838708488,0.000599743001614462
"chr8",19125001,19225000,19175000,0.000412893939779081,0.000530934003057396,0.000525762080564339,0.000363993415426346,0.000148133434469202,0.219689732720557,0.250032189561786,0.0234547865374324,0.666258197748489,0.159967737913533,0.156568528988742,0.534932002274187,0.162926052170319,0.506744578488764,0.599534994960826,0.000556206013628778,0.000600704711961972,0.00036549562954198,0.000887631095271347,0.000596366104894005,0.000481216433307977,0.000761527005009202,0.000500048742392223,0.000789384014419115,0.000739706500043746
"chr8",19200001,19300000,19250000,0.00047403522978219,0.000550835840374678,0.000556024899840473,0.000365187029893824,0.000171093804429513,0.119730226558849,0.145116287082735,0.00112312333747467,0.590876771273689,0.0930993736030705,0.117376642890801,0.49856529921196,0.118882370416626,0.468412739249124,0.572987608883945,0.000544529043424607,0.000577079439671958,0.000384645750876896,0.000863622641497004,0.000578459208356326,0.000473465562818827,0.000756273406250858,0.000488960874367836,0.000793725342487482,0.000721309659429559
"chr8",19275001,19375000,19325000,0.000393060961310446,0.000403528370592,0.000446628920824457,0.000358543568114937,0.000165908547270325,0.0947890799597088,0.125165665295689,0.029598615837167,0.646962077691526,0.0962861540794116,0.0761295256376078,0.642244759884137,0.0780056178006971,0.566702709647297,0.606921744332728,0.000398472926767167,0.000452506024537445,0.000354372426697543,0.000871911369867537,0.000435289093203424,0.000374272245344126,0.000801617628215817,0.00040716148058854,0.000812469500886368,0.00074623616283543
"chr8",19350001,19450000,19400000,0.000464213895480532,0.000415298769688781,0.000505372020752292,0.000444945588087272,0.00013391378437827,0.105989359260866,0.222166338270921,0.0772951901191713,0.564355473555063,0.212944011272942,0.0833926339117867,0.578416096198007,0.0913648759319148,0.492362004692701,0.472803229456547,0.000470386354225764,0.000606217490614307,0.000479108635896843,0.00078531497436131,0.000566565392370463,0.000454269514043093,0.00070285148864782,0.000508735898041,0.000743362672614257,0.00067204383038654
"chr8",19425001,19525000,19475000,0.000625827557116202,0.000555962563117271,0.00057888359356931,0.000561857249735187,0.000216075535330694,0.122566796985909,0.294315908051247,0.0840561574200641,0.576877180256737,0.301068016887906,0.0879611501960521,0.575965759804527,0.130236226972804,0.54423405256586,0.483371407752409,0.000630546690456975,0.000817515645685842,0.000622454617398083,0.00110571592980751,0.000765933917053694,0.000585749497603632,0.000974398313430638,0.00063084222972426,0.00101488157702409,0.000893084009383194
"chr8",19500001,19600000,19550000,0.000695859807940406,0.000601534517981126,0.000547171165021492,0.000536227677153343,0.000148250566946507,0.074547808410159,0.270520172026652,0.0202430905213955,0.49233882921458,0.324722966920568,0.070522168215097,0.495594414654418,0.224081987239978,0.555719485764772,0.462562662489866,0.000677345332963963,0.000820211329614739,0.000603297129008111,0.000958206894535476,0.000805972376761626,0.000589469512279581,0.00082313406121196,0.000673253770958535,0.000940673823901733,0.000793688407528296
"chr8",19575001,19675000,19625000,0.000518862839122975,0.000483686110229092,0.000491923619172252,0.00037781735585351,0.000114273575257338,0.117956048178745,0.345408962151362,-0.000361951697192165,0.578649943777388,0.340250292171908,0.110793993729533,0.543301024563604,0.346770249825108,0.536142290889734,0.576598221063301,0.000540549533240047,0.000742271258013193,0.000420504190616387,0.000849169993457377,0.000699798278055934,0.00045496141936,0.00069916108276959,0.000624316615221419,0.000783929564159414,0.000720017815347141
"chr8",19650001,19750000,19700000,0.000528777335306394,0.000433264802241231,0.000437254860646372,0.000440613197084969,0.000145183203614572,0.106663071822664,0.367328869217031,0.048187085495431,0.531999171141965,0.372680066252344,0.0660972234723797,0.550152740428704,0.262805156912476,0.538051251400413,0.474418032829144,0.000508862319713567,0.000729821672328618,0.000490807719779346,0.00078551015176868,0.000655906466852336,0.000448042689381702,0.000673701735182058,0.000574849060358476,0.000723727795511561,0.000652041331475035
"chr8",19725001,19825000,19775000,0.000585544983080246,0.000441382784370231,0.000378972312807097,0.000487208373137468,0.000102269336566912,0.0915310692966964,0.418775483859195,0.0680306284233632,0.568482310471247,0.445077432896478,0.125489461690382,0.592417088299716,0.240661486042834,0.641584823658491,0.513517558298255,0.000532943380660851,0.000771764760306435,0.000553638917448915,0.000888809782931138,0.000683421102813453,0.000510608760243697,0.000721774306098664,0.000551304311916101,0.000805519683721343,0.000750309588799423
"chr8",19800001,19900000,19850000,0.000358667247463148,0.000343913659457341,0.00030372192216164,0.000328065412204182,9.33001489485279e-05,0.089761106643219,0.433141957975954,0.0443340115716255,0.669685271786365,0.365864026168842,0.0840765868497995,0.645672004981897,0.327262564591069,0.666771196321804,0.597337804895531,0.00035016954048419,0.000533708241310041,0.00033542158048473,0.000751459662072664,0.000461957796576116,0.000337367426026957,0.000654885494937165,0.000440151143907654,0.000699521881143711,0.000634471501432398
"chr8",19875001,19975000,19925000,0.000493186720753629,NA,NA,0.000371543937822558,NA,0.05865988853157,0.349488951393374,0.00523414031185855,0.568994670380969,0.346266243935588,0.0930496595247715,0.600894345969958,0.364462430770744,0.645487182404185,0.577178884029974,0.000439607733257741,0.000618241411415459,0.000410101035824792,0.000777735663581443,0.000536736794607961,0.000392303807272979,0.000655039580025684,0.00054656216945157,0.000788443776262015,0.000677365288637459
"chr8",19950001,20050000,2e+07,0.000509413774537551,0.000379652026608535,0.000293796760815956,0.000369028435247296,0.000129532812530688,0.0843695845309701,0.332923900757851,0.0170098475505665,0.546039849885146,0.364056631170691,0.0989165864636967,0.577899308374532,0.305796389075861,0.670420349041014,0.535826472959531,0.000454175864032648,0.000547988270828598,0.000423187957525092,0.000778162555714488,0.000474038153255623,0.000390206143535338,0.000634600857681008,0.000447711121794572,0.00072340976598789,0.000645766185582097
"chr8",20025001,20125000,20075000,0.00051289056552902,0.0010191257286995,0.00102063729727983,0.00039204315974921,0.000970100417374963,0.0743140600497018,0.292746712303119,0.0668051787159491,0.536197368760786,0.380092042851561,0.124188435566192,0.609039778747626,0.180379165984652,0.647584605401381,0.523342128551058,0.000445536776248482,0.00055162738070033,0.00045738894219401,0.000794772361633652,0.000521512096906788,0.000411967116304267,0.000683099994956469,0.000420264058665903,0.000765170003309067,0.000663496274231163
"chr8",20100001,20200000,20150000,0.000457639958354627,0.00034756162144404,0.00031459308791072,0.000333566084142319,8.82939074097542e-05,0.050141642651435,0.229920270659203,0.0541008946627681,0.533596341287852,0.292709858702193,0.094656928704744,0.577526076392112,0.106347953130293,0.632497186408815,0.549258206588247,0.000399148262677762,0.000467831943791231,0.000396840928396055,0.00068496757081892,0.000431653146808752,0.0003552241281867,0.00057590590141633,0.00034509147564565,0.00065869119783205,0.000577487840209464
"chr8",20175001,20275000,20225000,0.000550104994945819,0.000402506640378187,0.00036063055802976,NA,8.17220349250069e-05,0.0730504910831723,0.250747907411427,0.0307603475830062,0.539345973807521,0.377748459021912,0.0870205762877224,0.61227789788142,0.198048678248558,0.643354519327488,0.545135096876435,0.000486441692137984,0.000573413133593463,0.000476065123231631,0.000808542763365236,0.000569270577882477,0.000425490998074123,0.000702697164642247,0.000464626340346109,0.00076314573696039,0.000683592765728059
"chr8",20250001,20350000,20300000,0.000619327445591932,0.000467441089176354,0.000352669493820583,0.000457885891953579,0.000111638979760854,0.0624479174160733,0.243175403978288,0.0209449250177358,0.511663467645565,0.386124317663439,0.0581040543757767,0.588000487298693,0.218353653196488,0.641764276252087,0.50789787276269,0.000549979304706401,0.000598650871753203,0.000525052599422891,0.000867334738054245,0.000604005767080159,0.000465635123555555,0.000757238398578741,0.000496830604810308,0.000757672578972512,0.000711601466157667
"chr8",20325001,20425000,20375000,0.000656447202203871,0.000532140675844832,0.00043428247326327,0.000486534920740395,0.000101540802681099,0.0394997786280294,0.260153781830524,0.0575325791183315,0.454301187034447,0.31858216111499,0.0769984015790221,0.507905294694536,0.131249790838742,0.612090618040586,0.480607463574941,0.000602832829582862,0.00070377701146493,0.000585731948320944,0.000801200720185049,0.000664296934691301,0.00053115110751931,0.000721677381418317,0.000514667430455134,0.000818370173781488,0.000697952693623844
"chr8",20400001,20500000,20450000,0.000671041669923599,0.000618721740334189,0.000482813778556217,0.000521745034329476,0.00013118087857801,0.0504274017487722,0.162904527084259,0.0279128380965373,0.479698114415078,0.247621772238396,0.0737901951412215,0.498084026239191,0.0923075181784231,0.584479307447369,0.49205106845714,0.000659248198983428,0.000658280865767244,0.000590193541005309,0.000890061380675238,0.000694763125489831,0.000593977305995128,0.000832482865810269,0.000536478390529387,0.000869822634837699,0.000789224714028688
"chr8",20475001,20575000,20525000,0.000655214886853337,0.000606740133486935,0.000514751202165312,0.000527164528441621,0.000152771780919263,0.0367740018804997,0.135648033603277,0.00993322540764092,0.460821314620831,0.170115339687747,0.0414053761684196,0.45737067344877,0.0824150593815074,0.544741065542463,0.45988512022085,0.000638490036748556,0.000651693241089759,0.000578901543259943,0.00085860998362578,0.000650844246767253,0.000573619595985348,0.000779668953621474,0.000552087964288655,0.000872509198902363,0.000765664948448061
"chr8",20550001,20650000,20600000,0.00073690111693802,NA,NA,0.000590404449645842,NA,0.0262375085335833,0.152350017284365,0.0191669875504186,0.522393619480553,0.17767417849031,0.0349127213199613,0.514998449351922,0.105140727121232,0.632411605839508,0.519449970894047,0.000715407655179869,0.000717837875370547,0.000649836341721747,0.0010439556751529,0.000718107085157468,0.000641414906217289,0.000950259927911921,0.000609697468040512,0.00110497669016867,0.00093191117674506
"chr8",20625001,20725000,20675000,0.000632697094870658,0.000568193626901965,0.000458238354644914,0.000491719249218868,0.000138225101236064,0.051027246442327,0.128692963221591,0.0287045868197717,0.512909756461243,0.177245845966264,0.0459240366714567,0.510419226576839,0.0752911975188234,0.616073273879264,0.507348923717288,0.000607726339881225,0.000594245937055685,0.000553401022465843,0.000903835590527398,0.000586083878296845,0.000528997122564929,0.000797441493113817,0.000493849343194227,0.000917514949677525,0.000782476318549542
"chr8",20700001,20800000,20750000,0.00068395190205314,0.000588299463157496,0.000517228614964161,0.000497382665943675,0.00014750412850943,0.0617749930217357,0.0871621165441434,0.00952674619240639,0.538889954160178,0.19506976215831,0.0603600063295359,0.565762527207014,0.0588399936508958,0.613162838401998,0.544290258273693,0.000639849575663714,0.000621913471383202,0.000558703824824883,0.00103032930762513,0.000636933968585992,0.000538731149805566,0.00091145716756961,0.000510302514864149,0.0010297879886131,0.000866041311175065
"chr8",20775001,20875000,20825000,NA,NA,NA,0.000428771494838835,NA,NA,NA,NA,NA,NA,NA,NA,NA,NA,NA,NA,NA,NA,NA,NA,NA,NA,NA,NA,NA
"chr8",20850001,20950000,20900000,0.000570592818985007,0.000495030382205868,0.00038532036372145,0.000471108212099079,7.82492184951454e-05,0.04078686617548,0.233898538412448,0.0432383448162093,0.492820842070455,0.251532325315049,0.0644891887865239,0.51237518800262,0.115906316746387,0.64128402578174,0.484562076108144,0.000539121614535584,0.00059537527566834,0.000530457892156393,0.000755008695075052,0.000556762622686002,0.000503222412683974,0.000669537755346662,0.000469818063409162,0.000801912272826856,0.000681854425954221
"chr8",20925001,21025000,20975000,0.000587470450908063,0.000501120269660046,0.000378612410125195,NA,8.99892134052861e-05,0.0517156066349202,0.277047198386908,0.0450967003016312,0.492738088199404,0.332382955589561,0.0902299434990595,0.509475590053073,0.115506327804859,0.658430661548627,0.50200111235903,0.000554104018843184,0.00062805958272828,0.00052978128235024,0.000775562018961229,0.000610801531135276,0.000511156076738165,0.00065921373556498,0.000456688261146946,0.000810198796985927,0.00068662081016485
"chr8",21000001,21100000,21050000,0.000623720040798097,NA,NA,0.00115192311094408,NA,0.0838013981242037,0.214547855061724,0.0117000624952046,0.51951768892418,0.354407025832345,0.0903199922854166,0.555585510902187,0.150055459997128,0.629105114110109,0.502367100782191,0.000597427329294649,0.00062256157028959,0.000544319602708688,0.000882888357134702,0.000672372832269585,0.00053464008782766,0.000765532393328408,0.00051880175337415,0.000863192239259255,0.000758411472697187
"chr8",21075001,21175000,21125000,0.000548193563257317,0.000419503259805733,0.000378863093977261,0.000449362917082116,0.000132791041817331,0.088786039381825,0.178211334087754,0.0102093452962455,0.515899177083581,0.339959427391328,0.0824388668701669,0.571281625053969,0.147025006140897,0.620098833455814,0.503773395293023,0.000505994676612259,0.000530869143625706,0.000483523359745229,0.000806294208008097,0.000564634001813927,0.000456518597787313,0.000682819722194967,0.000465525033328175,0.000799980579582104,0.000710432024301596
"chr8",21150001,21250000,21200000,0.000558974281187118,0.000415691459053673,0.000382322537992425,0.000400641385692593,0.000129163427488715,0.148592606844059,0.114852787216653,0.0157171323784669,0.547201231328141,0.343371684124355,0.176142890279021,0.60000709498463,0.0556536205871842,0.631603989532243,0.557330350074581,0.00053762729921462,0.000499271178952767,0.00045753501634993,0.000862855680944146,0.00056357303331236,0.000463339281854359,0.000730739526422742,0.000396094522201171,0.000824295555970773,0.000713661020054606
"chr8",21225001,21325000,21275000,0.000518752576945684,NA,NA,0.000375118391668388,NA,0.260699527947423,0.090365569465225,0.019643213509255,0.568851257997941,0.409285303830716,0.283829797298008,0.603197021863428,0.0307435773424789,0.630425056905322,0.568577629841835,0.000586006043450008,0.000463780038875069,0.000425933435512242,0.000832148877082776,0.000611344188817486,0.000506639163333068,0.000687860887800445,0.000370981091050129,0.00078781967492252,0.000687367873367199
"chr8",21300001,21400000,21350000,0.000535494092999889,0.000436559809162061,0.000347750979278906,0.000384804197997935,0.000126324398633464,0.147410302953217,0.101309613112051,0.00818085610220456,0.469834986563837,0.380386284423668,0.203232827569264,0.507292616882568,0.0515844780646124,0.61576071958692,0.504928847300728,0.000547681706680147,0.000464748068570055,0.000440649511222464,0.000694926374611222,0.000581025861911976,0.000488868244273868,0.000605294645965531,0.00037037292009962,0.000705384331176134,0.000613667074869392
"chr8",21375001,21475000,21425000,0.000522051007872818,0.000487794459275301,0.000376731221657237,0.000390569000621087,0.000116736766647469,0.136380338173557,0.0761759274489327,0.0208371120562972,0.498133457909091,0.290717394867273,0.175456043599289,0.472259012890957,0.029288641055218,0.623116529094889,0.525782550504618,0.000560469306862333,0.000459816201407743,0.000439967536761316,0.000733126359751464,0.000567439108712163,0.000501276545869871,0.000624219177492278,0.000376317733325553,0.00078357953994168,0.000663188319047617
"chr8",21450001,21550000,21500000,0.000504425838779951,NA,NA,0.000389668023577748,NA,0.12077946773244,0.14428539778436,0.0220289644127877,0.531974764492454,0.342736268436792,0.119751791595794,0.53119282737545,0.11739332552764,0.672629264938759,0.532769572307096,0.000511501663879719,0.000449913065497828,0.000431246158042576,0.00074456097272777,0.000527675486850322,0.000446807413083202,0.00062348148527379,0.000381322865294118,0.000763051320058489,0.000644808575390917
"chr8",21525001,21625000,21575000,0.000576852158088907,0.000475173465958592,0.000378887578155969,0.000433281937175643,7.84051641885229e-05,0.084858490211685,0.140032917414231,0.01153281333223,0.500094600907891,0.307339045404985,0.100203790677594,0.536637574056206,0.10678899645637,0.648186598511948,0.505707100282394,0.00055125883134571,0.000524916014945679,0.000486167373425753,0.000764959203342337,0.000571560501497741,0.000482975830462545,0.000665294048501373,0.000434258949612043,0.000799051737817958,0.000659262671015983
"chr8",21600001,21700000,21650000,0.000520007511161862,NA,NA,0.000392714230179585,NA,0.134242385699005,0.11345245041674,0.0136578260008551,0.462746331032666,0.352012340820124,0.162798047888784,0.532912784792965,0.0785100505699685,0.609660530770701,0.48746969676325,0.000504026448780587,0.000474350517138318,0.000444224167097768,0.000617339707611117,0.000537878053780654,0.00044857309279731,0.000495866356718259,0.000394448664644964,0.000653282440182667,0.000549533668365065
"chr8",21675001,21775000,21725000,0.000526403503846486,0.000359314942606586,0.000369299343571541,0.000410452208150667,4.98105278078329e-05,0.201623632693126,0.0496990868776327,0.00189508295839879,0.468910789893194,0.367826965292415,0.192451703266886,0.60417851338451,0.0694537149928035,0.548088253328977,0.462174922664089,0.00053271244037957,0.000456011004722044,0.000454510643799201,0.000644819593162187,0.000551173230748442,0.000464384609985653,0.000584089867108585,0.000410335931116594,0.000598570591659504,0.000549700626292522
"chr8",21750001,21850000,21800000,0.00056542260311352,0.00045593000342961,0.000364140398316268,0.000419060511733151,0.000122945163771646,0.128362431607377,0.089969915407486,0.0124072117296243,0.532969230364759,0.35785124838277,0.18731380047367,0.58833602990956,0.0638376975096279,0.647522181489088,0.559581558387423,0.000552673695162303,0.000482484675213809,0.000469185577793454,0.000847587905827354,0.000585389120139589,0.000503349415434664,0.000764178597967339,0.000398501469005166,0.000831458653006218,0.000748527988809777
"chr8",21825001,21925000,21875000,0.000654314950440353,0.000574780830970765,0.00047076959415446,0.000523899658014663,0.000147498621380254,0.0958370087336325,0.0937307366368194,0.0100615524907431,0.534381621998266,0.291335072190559,0.139794658002705,0.558802486723074,0.0667769921555936,0.627631385414469,0.54666566863169,0.000639532451070954,0.000583254272514238,0.000559691209501404,0.000981083703110742,0.000677992458854243,0.00059573001525905,0.000871560615478388,0.000503806724079938,0.00099180969995756,0.000886638997837842
"chr8",21900001,2.2e+07,21950000,0.000786005480576155,0.000651780025761728,0.00058447296821672,0.000602126788878948,0.000153203555333659,0.0706696865662201,0.101231957840893,0.0288426627953531,0.537516198577352,0.253872314008358,0.14296131041265,0.596161195188061,0.0394586975155657,0.612467342993186,0.55886387833859,0.000736549730537461,0.000733094872324054,0.000683189503208923,0.00115744615595073,0.000778440889100273,0.000691733851011735,0.00106690696408583,0.000596725898196853,0.00115815282937054,0.00104580788879158
"chr8",22050001,22150000,22100000,0.000656293425140228,0.000510178665423056,0.000368269714908028,NA,0.000109741403124934,0.0810293771217095,0.261344256085849,0.0604492028942334,0.495546783550252,0.403728745183638,0.150618619212058,0.532163447226073,0.107966454763633,0.682849781225511,0.524429550897809,0.000608039920013461,0.000646533500818727,0.000573463697056596,0.000872441232238376,0.000665936496078211,0.000549012881347591,0.000731558773743184,0.000451063069445445,0.000886906546186544,0.000750462999548345
"chr8",22125001,22225000,22175000,0.000539558992022415,0.000407119318197781,0.000317943923835321,0.000398862602804029,0.000110640626606159,0.141576809326131,0.170805838036272,0.0117723604091394,0.590107114491492,0.447234674152529,0.176433270149696,0.61785721256691,0.124477074657824,0.750486393133649,0.603223859729457,0.000524929259031667,0.000471453130122512,0.000446776610833719,0.000912301617887609,0.000582594657302401,0.000463027996133946,0.000727067970191003,0.000383025503174504,0.000979414456442817,0.000776270211839031
"chr8",22200001,22300000,22250000,0.000747840056489206,0.000562411128475562,0.000424264634438902,0.000522092491954547,0.000160692066125496,0.121141869371803,0.163003717301492,0.0140865745124011,0.497111547744231,0.408674276888758,0.165335839784048,0.538832913439541,0.0914498998281898,0.661521744772523,0.516595761505943,0.00071689868592665,0.000648129960458509,0.00061021961519982,0.00102539458605165,0.000754756833120321,0.000620907206070709,0.000843661611368805,0.00049603546008238,0.000987891664916374,0.000852158738151341
"chr8",22275001,22375000,22325000,0.000686636582221489,0.000466024080989966,0.000362181119922183,NA,0.000188626486381452,0.0898319985816251,0.230728864214428,0.0259623856168693,0.455080283117348,0.457798654565268,0.169219479150055,0.556055315000067,0.115507874460633,0.637411097126443,0.47215233737822,0.000605142868856819,0.000636472035374337,0.00057677254291746,0.000895828870417765,0.000694644913864619,0.000550453919921347,0.000770980358974728,0.000464006248041799,0.000846103137086911,0.00074681595643848
"chr8",22350001,22450000,22400000,0.00064559395540393,0.000428211554263357,0.000308815738094852,0.000444531356660366,9.41565239517767e-05,0.138194505382656,0.240640313903132,0.0339075903211419,0.464034370621417,0.545947346082654,0.265825626374467,0.606404715119606,0.119999203692987,0.681738524202774,0.510558304368514,0.000597535112319009,0.000586906238041107,0.000540266016074942,0.000804525616650636,0.000726711563515823,0.000569620469334165,0.00073968950595283,0.000411981738212982,0.000756801067996757,0.000672362714287815
"chr8",22425001,22525000,22475000,0.000645073241022144,0.000459236043516185,0.000368439713541508,0.000447606956741424,0.000140965865250008,0.128019170108619,0.191415873500275,0.0251917778241869,0.44494681836152,0.460219551495325,0.241931736745214,0.548520201959348,0.0790654465146003,0.633664818828099,0.491641201908868,0.000610971980540799,0.000593347338093711,0.0005354206646658,0.0008062773942554,0.000705568288816645,0.000574083871521917,0.000727363648061203,0.00042640409479473,0.000799434427386816,0.000691287301319693
"chr8",22500001,22600000,22550000,0.000637724122484532,NA,NA,0.000475559427854304,NA,0.0854594855073767,0.210208157713523,0.0148026752460678,0.506283404208828,0.408212235789573,0.168383518731923,0.571573345906316,0.117229566841626,0.66121832281689,0.518976076770336,0.000581937413996953,0.000591755676428586,0.000536593207967428,0.000937228770613433,0.000653832612408618,0.000548439871752007,0.000837013211045766,0.000456509539280367,0.000916224505034768,0.00080609448540114
"chr8",22575001,22675000,22625000,0.00177907581654316,0.000594079329287029,0.000504661626797697,0.000624233312069409,0.000197361622218779,0.0925650258941074,0.110759498784395,0.0740713028392629,0.151309695801699,0.113692775836423,0.101287648404945,0.199061109844624,0.109263082937354,0.226127673310354,0.156148842070553,0.00164445267749075,0.00158818706529347,0.00162017153953797,0.0016596674421717,0.00159045118082315,0.00162638394988742,0.0016672875824488,0.00157018443884692,0.0016136755698655,0.00164105398193555
"chr8",22650001,22750000,22700000,0.000901133886524649,0.000642528380293651,0.000528335263837538,0.000591703658969089,0.000217681534180267,0.100763068401218,0.176354516536806,0.0540851669718974,0.450442450639545,0.40469812582039,0.232557961232193,0.541675899951929,0.0455509921814302,0.623067053042636,0.513779082571877,0.000825944704064718,0.00082173541742525,0.000747400458543384,0.00114211908798645,0.000911355001521099,0.000765639311757303,0.000989504069830766,0.000564994824457405,0.0011217960860149,0.000983847365071939
"chr8",22725001,22825000,22775000,0.000638083043606094,0.000510746235233349,0.000392000274070569,0.000425989477498805,0.000138967782697147,0.117014676341532,0.139643518373662,0.0332555512141522,0.469777413922428,0.39230250223174,0.233495536040659,0.511799638441129,0.0409569048290243,0.641080432723417,0.535522507347254,0.000628351143523406,0.0005662398403194,0.000519137996690143,0.000822094731054816,0.000691233304222692,0.000580252610694942,0.00069843181693971,0.000407813767343789,0.000856571426621204,0.00072384433678841
"chr8",22800001,22900000,22850000,0.000622572496894722,0.000572260836201779,0.00040080258806078,0.000437742929324435,0.000130748924362353,0.116021403133001,0.104266504997416,0.0165861748161192,0.534845105232384,0.30449239492643,0.144672947261442,0.491974385188912,0.0484829144649262,0.667182692275251,0.557193842408687,0.00064954538649384,0.000533586441447351,0.000505120148357027,0.000923980394644187,0.000643910507842234,0.000553280720075693,0.000748861348069795,0.000418126458125448,0.000944697621522455,0.000787381011264259
"chr8",22875001,22975000,22925000,0.000605779159820914,0.000585661082666473,0.000437596938051067,0.000458350333870302,0.000150814535403818,0.0810682180408525,0.08221346536441,0.0151527159444644,0.507819631139817,0.227914452206584,0.108081924501635,0.474786424387306,0.0456327913419443,0.610904427417867,0.522211884751328,0.000624189422170827,0.000537261065744008,0.000512932108113897,0.000852046284221378,0.00061850575540001,0.000551219335302008,0.000763724245225465,0.000449805067951685,0.000869551188102216,0.000753544170491395
"chr8",22950001,23050000,2.3e+07,0.00113483588459938,0.000522123605573548,0.000416617933385397,0.000435949108749326,8.53522393721192e-05,0.106202457099173,0.0826080305166876,0.0937077866468,0.173913265168725,0.11590666447346,0.110229665171946,0.211984497172102,0.0976095991647748,0.187749802054386,0.18372393168701,0.00110110474425231,0.00106153740967363,0.00107554865665057,0.00110478855596593,0.00106191598512227,0.00107435209337101,0.00110464432339318,0.00103668154735102,0.00106552601797546,0.00107820492732848
"chr8",23025001,23125000,23075000,0.000669926325061936,0.0005831814204065,0.000487362091344066,0.000477291195120289,0.000112953680828706,0.0643218057295046,0.120532783014407,0.0415089406853485,0.466016620974262,0.231968442470002,0.113121286282569,0.480467816361578,0.0464557523945881,0.582542324172827,0.506115267712865,0.000652196344727784,0.000631326385424995,0.000571532192712287,0.000850249732422195,0.000659153138654862,0.00057111617338705,0.000743774498315748,0.000486973885917434,0.000869732329850259,0.000743146650044919
"chr8",23100001,23200000,23150000,0.00039466931356106,NA,NA,0.000305450085431657,NA,0.0625366366279027,0.130187055850957,0.016728564264534,0.511606875167895,0.28058946381213,0.0853238605696561,0.545443012378567,0.0932030603499856,0.618753762528411,0.524790948844931,0.000403769112405962,0.000380212130819204,0.000340557212619434,0.000571071120442279,0.000446881644492124,0.000361205660885994,0.00056169441811126,0.000317892424494938,0.000588949326912101,0.000503622979725185
"chr8",23175001,23275000,23225000,0.00103261774614791,0.000469735086036088,0.000352808788269166,0.0003784903588495,0.00011814904048658,0.0920334564764356,0.0864163325808258,0.0915189658911712,0.168068974370637,0.117969544346548,0.115823313790556,0.191124626224978,0.0951941068094036,0.19774834723322,0.18076388047295,0.00100983218062277,0.000968345279872934,0.000981719816796785,0.00100651535123465,0.000969313282870312,0.000982434522661153,0.00100675187102485,0.000940460463356567,0.000965676677309175,0.000977407967278171
"chr8",23250001,23350000,23300000,0.000518353759445616,0.000480226619554911,0.000343726487951962,0.000390909308757396,8.90392616281011e-05,0.0809281527528013,0.150124378593187,0.0300023502575733,0.441658295065211,0.315986575024811,0.135681125384945,0.472910864777717,0.0505906681608834,0.590321894324296,0.467766092854655,0.000525464444843523,0.000485824819014927,0.000450980360275461,0.000630297718403779,0.000562712336652997,0.000481083501440439,0.000600413127762145,0.000377818299568421,0.000633489199932702,0.000563705783240439
"chr8",23325001,23425000,23375000,0.00076289521715381,NA,NA,NA,NA,0.0702605860475308,0.0702277821155058,0.0785348993490551,0.131676242380443,0.0803255506372272,0.0855017303231308,0.145308012730892,0.0722533974570912,0.13621242461227,0.131814890239788,0.000756171417136704,0.000727237621302235,0.000739362978973085,0.00075458309749503,0.000731584595982223,0.000743539580741934,0.000759493385828621,0.000713829852462845,0.000729654104693491,0.00074057343622561
"chr8",23400001,23500000,23450000,0.000409991525105067,0.000384571046550899,0.000252721048308537,0.000327516628285633,5.40715480831636e-05,0.0272163471224426,0.249066966219779,0.0114329489875021,0.418844852595969,0.283500221688242,0.042616762700401,0.444149553933632,0.171342204214173,0.623892001828775,0.423419144053362,0.000403699750589787,0.000425157435525214,0.000364120639152346,0.000486869108043937,0.000420442220088719,0.000363458897410953,0.000448974983297627,0.000346110441714298,0.000504479491471438,0.000428575732080725
"chr8",23475001,23575000,23525000,0.000397865427458183,0.000353441689111633,0.000273728210900674,NA,6.62866373194295e-05,0.0445871997734238,0.244036558185435,0.0178182300203189,0.441936946251336,0.313614558981054,0.0728770381033615,0.476417607476437,0.142292443431721,0.611088606168853,0.451662325759219,0.000382042906870284,0.000424353964045605,0.000353447161825029,0.00049248193646244,0.000427315564584934,0.00035124730848001,0.000454925436632765,0.000336654169113911,0.000536454878166903,0.000447902994887533
"chr8",23550001,23650000,23600000,0.000435968967195526,0.000391886071429295,0.000326079376155578,0.000372841430534133,6.30220046304589e-05,0.0710712520015876,0.240374559728579,0.0197628287336132,0.488964043406899,0.326781356182254,0.0680988779968665,0.495712315154287,0.159121815841183,0.612483784325565,0.465421884671859,0.000434117566452207,0.000481678781734049,0.000400437711948877,0.000598533900720526,0.000501982402799086,0.000398580164350606,0.000527339914000329,0.000406034267434977,0.000631806767273211,0.000538467850592996
"chr8",23625001,23725000,23675000,0.00104790216156493,0.000449126896313028,0.00034245720565573,NA,4.90210842263315e-05,0.0862558108839929,0.080034335221295,0.0839959942974401,0.164972806675494,0.10309770508653,0.0983399123581401,0.191195332505799,0.0918444923501391,0.18788315802203,0.161096365927858,0.00100960378095692,0.000977726365700188,0.000987470346743448,0.00100867845267707,0.000981521358626239,0.000990634271128455,0.00101331905240461,0.000959273182822207,0.000981508617265301,0.000988103772686278
"chr8",23700001,23800000,23750000,0.000483675159462415,0.000422062435508174,0.000314539608084762,0.000359647422204934,4.74946993651349e-05,0.0753191847708466,0.254630500201786,0.0206137589840511,0.506407327093823,0.320387747278083,0.0987269877761659,0.520986700430401,0.1485469220028,0.652371808755436,0.514104443915863,0.000474844716699453,0.000504769797983506,0.000412308191567996,0.000634783413842433,0.000507357463889378,0.000418646620015967,0.000560176480895814,0.000381792782789162,0.000648216082816342,0.000555166638224173
"chr8",23775001,23875000,23825000,0.000522042994036721,0.000440155654042069,0.000321165142537099,0.000888431981619712,6.5502446679613e-05,0.055792532432415,0.307514933244637,0.00815138847581302,0.462143548183551,0.350882808698115,0.05393127539561,0.492665935974514,0.242945820324118,0.609412164767809,0.44961385150971,0.000495965111578449,0.000574263629123633,0.000455348705480328,0.000635659870279193,0.000546539386840329,0.000436590929344104,0.000550422536694592,0.000464438388398417,0.000595928020809059,0.00055188940433318
"chr8",23850001,23950000,23900000,0.00047443107868742,0.00042948146312644,0.000363955861014725,0.000430237874429888,8.20872940189428e-05,0.0352290347234968,0.391395294238741,0.0752910769133755,0.582503401729685,0.395459454877288,0.0865330478688644,0.608314819707392,0.172402101117792,0.579219154850337,0.488917829194871,0.000434829970344612,0.000642837727912756,0.000464982538196574,0.00079085813532133,0.000599119638694871,0.000441824505916389,0.000732473958074299,0.000465993096578741,0.000635907064501446,0.000637552938718952
"chr8",23925001,24025000,23975000,0.000546555755996439,0.000523624505272786,0.000369413108965555,0.00048289162705839,6.55572208435313e-05,0.0246491323708134,0.403045337660286,0.0839753092365762,0.566205829531852,0.426545064695251,0.0983807083969228,0.596889383656588,0.17042632964285,0.626622008571116,0.488861938567245,0.00051708395816384,0.0007118034337842,0.000537985844514259,0.000861415672280767,0.000698626301112492,0.000528952977262116,0.000825559108721494,0.000498796458760994,0.000707083249987765,0.000695721575062997
"chr8",24000001,24100000,24050000,0.00058882115695428,0.000514064227419592,0.000413506724751816,0.000466784644624842,0.000131487723827966,0.057477226997561,0.284149199867821,0.051215236885951,0.480657157020255,0.365696537555632,0.116965923218852,0.490390686241173,0.120324811970434,0.59942177199988,0.456228022147179,0.000563480462587618,0.000661053975292138,0.000535882151362734,0.000785157878926222,0.000679349107400992,0.000534550853324707,0.000700785999095617,0.00048600952230892,0.000790578673546607,0.000670586699601802
"chr8",24075001,24175000,24125000,0.000605533117082302,NA,NA,0.000445329810164092,NA,0.0995959105033633,0.265153102993829,0.056718960802072,0.476499778594206,0.452515533139751,0.212002088580621,0.55586824261914,0.0894282848195344,0.592142094204311,0.459415185669157,0.000564243295249495,0.000640775038714776,0.000535731763257961,0.00080247021337284,0.000716256817341928,0.000551253781857341,0.000716766754426542,0.000446459119066121,0.000759859854448484,0.000662482880164722
"chr8",24150001,24250000,24200000,0.00042167309138654,0.000299534467209511,0.000245172568383978,0.000330924580642508,8.62371645220305e-05,0.11429602310558,0.438132720947148,0.122906650327241,0.503276404281637,0.605305618285195,0.288159629446096,0.618324784324637,0.154424415806701,0.67570824778141,0.475140995821648,0.000384671111659731,0.000549351458527907,0.000412673160358555,0.000584829891750175,0.000616117659021553,0.000426300530899942,0.000526077286940015,0.00033077623174081,0.000594861861766537,0.000496410349248458
"chr8",24300001,24400000,24350000,0.000288975888456983,NA,NA,NA,NA,0.100548006211663,0.558236149727926,0.172549272101269,0.533836913786733,0.580023802398037,0.191755068353292,0.533940988848104,0.213320920216566,0.760379865393729,0.487819022646817,0.00029233177190357,0.000425697062245678,0.000317002544614483,0.000421289086974255,0.000399201130000312,0.000305507101190719,0.000368527823338777,0.000242157654119792,0.000438709183786888,0.000376112595456254
"chr8",24375001,24475000,24425000,0.000257226887611426,0.000226305754772206,0.000109329261609216,0.000223884236322086,4.25911889727884e-05,0.0540279235651492,0.573439273102423,0.162157217986771,0.438749799936471,0.609269443721749,0.211347593034375,0.476378406338219,0.250182559890804,0.721034898897826,0.398560200931176,0.000246902280630273,0.000383044893692065,0.000278794701913462,0.0003074464569173,0.00035728187063928,0.000270226123895672,0.000278100362758933,0.00021709726536094,0.000292175315528146,0.000265817666040934
"chr8",24450001,24550000,24500000,0.000408231817990371,0.00033946925018522,0.000231556123425542,0.000316991044638135,7.25037503710091e-05,0.0378455135555919,0.425959475204252,0.127502811869244,0.465297222803263,0.508884345380856,0.211419995418066,0.539599914467816,0.142868876400032,0.658819117275925,0.452137720158676,0.00037260914333479,0.000517764386275126,0.000399438896774967,0.000519542175482821,0.000514642674883544,0.000393989732584417,0.000486692754669875,0.000312594798272129,0.000502924913581834,0.000430439604288214
"chr8",24525001,24625000,24575000,0.000415439381239499,0.000323847276918089,0.000235877107449446,0.000332105966850607,6.03387785483111e-05,0.0452521308371732,0.426892523058016,0.1084656125613,0.458211576401028,0.527296698988795,0.199998046435939,0.545005761570367,0.157863084148415,0.618882351595613,0.409939644078097,0.000372660751547889,0.000535782660289469,0.00040968458888913,0.000518420412154314,0.000538537479225557,0.000399415087043405,0.0004708460690818,0.000335872228937765,0.000463663301728884,0.00043124259154814
"chr8",24600001,24700000,24650000,0.000249147794576965,0.000188068278429597,0.000152501765714679,0.000222742721724493,5.56477402226605e-05,0.0959232014477601,0.56322466304558,0.221763724230816,0.574213169384732,0.630387432997288,0.283224618624911,0.655273631548258,0.173504020627317,0.664444116745274,0.442429492441425,0.000221072150891341,0.000416942070657663,0.000290222499374364,0.000403319801936141,0.000398813969068859,0.000271402697669947,0.00036541330458932,0.000225155868711246,0.000339814203024034,0.000307654949985273
"chr8",24675001,24775000,24725000,0.000220682183548196,NA,NA,NA,NA,0.0960365367442126,0.612630154941445,0.261743737806819,0.592126708754758,0.642736903174657,0.298812538890851,0.628448279107031,0.183490046968164,0.633632385573384,0.3981804750386,0.000218122939205241,0.000421479475281984,0.00029934284537073,0.000382720519467518,0.000414244465540278,0.000299210185664714,0.000357863996237851,0.000231116529922532,0.000292614035083185,0.000291929057097652
"chr8",24750001,24850000,24800000,0.000241378276389046,0.000208643315152579,0.000206567893140296,0.000302754491103561,6.68112260128482e-05,0.0534342677013831,0.60820965419535,0.232990091468404,0.659842298789192,0.649492140999337,0.284995345453805,0.72047789147858,0.215905930817161,0.674611232668491,0.482510205349478,0.000209509596411213,0.000522737000199951,0.000340196992945467,0.000523203398691734,0.000519542701035762,0.00033796923053925,0.000495543153732457,0.000316503269387917,0.000494988018521565,0.000445936841386554
"chr8",24825001,24925000,24875000,0.000231225049826864,NA,NA,NA,NA,0.0712593468874425,0.638853983800876,0.23094476732174,0.703434908193956,0.617642357469233,0.203056591314666,0.690100393729446,0.241127584377734,0.63702955475382,0.461985504503662,0.000223694001738265,0.000574981838166583,0.000339629184817279,0.000588852486658042,0.000521677686345288,0.000321326766039715,0.000521838899439421,0.000341904268065916,0.000466050363527038,0.000447805848166868
"chr8",24900001,2.5e+07,24950000,0.000327851726180686,0.000333394258715099,0.000237051483499808,0.000395806264494163,7.99239090689154e-05,0.10898226672481,0.614187948199238,0.233485869771197,0.664226912002199,0.590586984681407,0.189086845431898,0.650853331808621,0.21297166376876,0.690641070222688,0.478628480601479,0.000334319823029018,0.000657578858083563,0.000453080571915835,0.000701528335911223,0.000594490393576521,0.000420584316588202,0.000639737039964302,0.00038859591581166,0.000607482105264464,0.000577169169472447
"chr8",24975001,25075000,25025000,0.00038784627587701,NA,NA,NA,NA,0.11303289356078,0.661016566107599,0.275443470829341,0.697237514137172,0.642736854752115,0.243986606543095,0.655529340290941,0.215257644135356,0.702315795978891,0.465449877047391,0.000399055226025095,0.000895079974211411,0.000598045880914535,0.000889582975737295,0.000824602462763862,0.000570756510049671,0.00076085011586244,0.000500629239028317,0.000761488545419596,0.0007158856749336
"chr8",25050001,25150000,25100000,0.000302534736750314,0.000264021852589633,0.000217617437795997,0.000394549610158389,6.34474267250671e-05,0.13026085229935,0.687937757399717,0.312763392104051,0.726146816098122,0.698052510965802,0.313314329074004,0.745567103319567,0.208688881418629,0.729270582990005,0.504625817635662,0.000284817237413407,0.000731276702947901,0.000482196170269556,0.000748670194918964,0.000663639646304915,0.000446481790258617,0.00064633128740744,0.00037683898916715,0.000603642925989179,0.000580769472570298
"chr8",25125001,25225000,25175000,0.000390034134530968,0.000283067872387785,0.000206944839889808,0.000366492809304161,4.69662562717986e-05,0.0712122907623048,0.57386523435816,0.166054703784036,0.606588301336171,0.646300536125285,0.234091834069445,0.683983846054994,0.239313573682367,0.735267786625934,0.501254694581869,0.000335159063269907,0.000618975672593965,0.000434923704025621,0.000636741890572367,0.0005922954640985,0.000407000718137631,0.000538394420310049,0.000365300606110092,0.000556668191064924,0.000512969396316827
"chr8",25200001,25300000,25250000,0.000479006977780947,0.00038750054516115,0.000217198833603792,0.000410979177288345,6.64496469638724e-05,0.0853697969013441,0.549989388164277,0.107322255575851,0.552827682738597,0.620416563245026,0.176976500015106,0.576928510830286,0.27821570790159,0.758438919192586,0.476397267048675,0.000452069436040015,0.0006847452486845,0.000483569422804364,0.000720685205064705,0.000665875707226204,0.000467473185192726,0.000600347594294679,0.000421711375499296,0.000674400342087392,0.000588912604795599
"chr8",25275001,25375000,25325000,0.000520800029763343,0.000445522704629017,0.000284244843187953,0.000460329062150654,0.000121587595937826,0.042751675202966,0.485299238366611,0.106051867392011,0.578225287467208,0.549833915312657,0.168979015482794,0.629899099091539,0.207384723054191,0.73228849896059,0.525654890458877,0.000466248641810578,0.000696089246402236,0.000518097535281784,0.000867922997952318,0.000677836805539822,0.00050406455193287,0.000788446263510736,0.000446528471699466,0.000795035990881033,0.000728265555808226
"chr8",25350001,25450000,25400000,0.000510473666118738,0.000398207279500545,0.00032773494022153,0.000562922609024747,0.000122597506225589,0.0612292344855287,0.575399585838348,0.141876611514452,0.596195676169741,0.65377299283046,0.214627894207518,0.676033211430631,0.256504536279487,0.726903569769832,0.481361460069886,0.0004353997768503,0.000882707867876156,0.00060214133489439,0.000900591119978856,0.000873304895992059,0.000568944213577192,0.000813089390326036,0.000572828631498716,0.000910595825298601,0.000803801023232102
"chr8",25425001,25525000,25475000,0.000497003933236035,0.000407851564045512,0.000307476159416955,0.00046625502181042,0.000106470185820488,0.0558482710211756,0.490871956140502,0.0854554914612854,0.545657763803352,0.529581417912685,0.12283802049623,0.604694191476474,0.238238585260246,0.705833751692093,0.473555392640612,0.000448568209674991,0.000721755688616624,0.000508284017350706,0.000772835008979181,0.000656083997172156,0.000471345654034703,0.000693324361290511,0.000489700401301241,0.00080951927657436,0.00067838653261589
"chr8",25500001,25600000,25550000,0.000558347818084422,0.000475437924434119,0.00042893251308972,0.000520821481237604,0.000120265563635569,0.0905286416030493,0.34503579178025,0.0514346354896764,0.515282363755996,0.390888178568543,0.116671365104086,0.553374345715118,0.175819653560782,0.601715443680033,0.464082026656384,0.000545163696671961,0.000715068391520763,0.000551467763655204,0.000826259695524342,0.000694638420172699,0.000546894406966889,0.000730140597045945,0.000559211261803955,0.000824606183360998,0.000739850531970683
"chr8",25575001,25675000,25625000,0.000337134660360934,0.000352180900652216,0.000261264255098781,0.000310597273080934,5.4491829989913e-05,0.0975733628929966,0.361052247469151,0.0645068350074827,0.506612887194093,0.3271731093161,0.103910078994644,0.50739951177425,0.170911719133637,0.598026230748733,0.475392365378261,0.000369236672876942,0.000446516095980826,0.00033323025069787,0.00049808930587274,0.000428783512613637,0.000355208964186911,0.000465146210120192,0.000337206147963117,0.000476920597373421,0.000447706137224872
"chr8",25650001,25750000,25700000,0.000452701378961066,NA,NA,0.000380759484863622,NA,0.0686499378934424,0.281207339311931,0.0234023184056083,0.504508822711785,0.386227799789008,0.0849053536720868,0.560335135234717,0.231873027955143,0.638373831813967,0.511596303990464,0.000443428640879807,0.00048470428475744,0.000408473104890781,0.000638771779585653,0.000513349436483228,0.00040899381727812,0.000588271120030184,0.000419224258679057,0.000595235002336037,0.000577059313627935
"chr8",25725001,25825000,25775000,0.000561225951261063,0.000439872310794932,0.000391966257167436,0.000459375623817733,8.36730102989944e-05,0.0859168253475079,0.250979364387265,0.00699635987014866,0.495383118293445,0.399222892246367,0.104292588705258,0.570155350280796,0.221745463213638,0.609861375746435,0.492061889216665,0.000527161016887994,0.000602603264026108,0.000496914782139874,0.000770685714299831,0.000641653679702988,0.000483207463771589,0.000680250375204118,0.000525180853145338,0.000755660310162517,0.000688211064449613
"chr8",25800001,25900000,25850000,0.000345576539415179,0.00030489714995616,0.000261818651181118,0.000297954489889912,4.29604962442734e-05,0.11120404631554,0.176786151536686,0.00760027573981958,0.481864151511079,0.396009753656343,0.14622652545305,0.52519237081558,0.117421399594182,0.638314041702457,0.488736561372824,0.000352352867082291,0.000355082333035691,0.000312571656406718,0.000459771345269631,0.000436596853128067,0.000339869173130474,0.000414388267327613,0.000306639634312656,0.000532095545800657,0.000440213211509933
"chr8",25875001,25975000,25925000,0.000268730762139852,0.000246580016728661,0.000186597595801506,0.000257925356184555,3.92197615375326e-05,0.158289155028103,0.22511187227101,-0.00276110532551065,0.472285283490291,0.510995015514822,0.166112718392574,0.578780406359774,0.179772430883507,0.680717682904264,0.476188348087736,0.000295992735337137,0.000279100054898911,0.000254268170187516,0.000366585167161395,0.000402491041715477,0.00029451949502335,0.000377553023547797,0.000261994977756656,0.000441644236815393,0.00037246722822639
"chr8",25950001,26050000,2.6e+07,0.000170193706380677,0.000179530676728967,0.000147737713064777,0.000161046979528099,2.77410032557515e-05,0.0440081568773803,0.187931559304885,0.00687581092217983,0.46451151478719,0.295375362065893,0.0635829197713632,0.487170790986553,0.127018206336169,0.594057400486062,0.479107255775641,0.000177265277297371,0.0001877394855528,0.000159428699326652,0.000231371382764046,0.000222776762283551,0.000175706250735647,0.000226498916899434,0.000171278531827034,0.000273730444710211,0.000236598545023812
"chr8",26025001,26125000,26075000,0.0003043156894201,0.000298760902749876,0.000207642317556058,0.000270986077843961,7.84913158387368e-05,0.0405657504300105,0.293949801896001,0.0440113172914536,0.41331388451135,0.392174555538624,0.0906150538247264,0.447312452338202,0.157666595073672,0.639287839230125,0.412433981112662,0.000306220754801497,0.000346261891537494,0.000292269052343014,0.000388429042364639,0.000383721011952873,0.000304024601890238,0.000376451580447331,0.000277159790691184,0.000470762662393863,0.00037307527116758
"chr8",26100001,26200000,26150000,0.000347407786994011,0.000335855621405106,0.000276639676575609,0.000314003053606858,6.60717819633301e-05,0.0949081648679693,0.262640382199939,0.0207147995561268,0.468770144510546,0.358603649110775,0.0927505915314869,0.511117148741091,0.178987072149485,0.602490188776403,0.45049102272596,0.000366056673619478,0.00040439329699896,0.000327791561362161,0.000473008561704038,0.000449067449453372,0.000348117398908787,0.000456002994234414,0.000349641153773325,0.000533824869926715,0.000440590385737932
"chr8",26175001,26275000,26225000,0.000503080968132404,0.000369680669224761,0.000340263794395092,0.000412392710499483,8.2983352623277e-05,0.101202227465304,0.230010313006455,0.0194309379089076,0.543931177087188,0.384157366749306,0.127953173042104,0.61360677557179,0.174420092438712,0.672475122985606,0.532926424225973,0.000458868833082759,0.000510221932967671,0.000445621711093397,0.000764143614863713,0.000532303131732169,0.000428891459402118,0.000628709623741966,0.00043488025123168,0.000808097588974951,0.000669258624853309
"chr8",26250001,26350000,26300000,0.000439481613362445,0.000385402167533807,0.000333451363555374,0.00083977629726708,9.18243137619953e-05,0.093330684980174,0.190984742999437,0.0239524638833991,0.521654286609001,0.32768639832672,0.139568514521085,0.556540093562085,0.117709858659875,0.620415913315861,0.505491304220771,0.000438659449389409,0.000456310782604576,0.000401960341714293,0.00066595902216276,0.000499534093103887,0.000422905810082263,0.000595523377232437,0.00039059919501974,0.000674751953948735,0.000584881522757766
"chr8",26325001,26425000,26375000,0.000689017594534619,0.000615962017792277,0.00040424008275501,0.000500075722701906,0.000107217558486625,0.0898652682086,0.183527787158418,0.0181639985736299,0.474978241878751,0.374799274947157,0.141677391675823,0.489874360663583,0.0981247845195745,0.66933484435293,0.510903302123586,0.000698270369889318,0.00063379960614411,0.000578615653081627,0.000892778393725236,0.000750651058650822,0.000621907688154094,0.000792016302469654,0.00048420001790202,0.000940415066611829,0.000791931340313301
"chr8",26400001,26500000,26450000,NA,0.00132457472300545,0.00124707899975882,NA,0.00112096647528094,NA,NA,NA,NA,NA,NA,NA,NA,NA,NA,NA,NA,NA,NA,NA,NA,NA,NA,NA,NA
"chr8",26475001,26575000,26525000,0.000446411668750809,NA,NA,0.000344380416233664,NA,0.0674486695550152,0.172608772698509,0.0392965588576332,0.498412716244179,0.280820711927581,0.121241113373668,0.52159338045466,0.0764593508474521,0.621518304379043,0.514117317266432,0.000435994561106317,0.000445215613598812,0.000390549803023261,0.000626535899152505,0.00047799620639914,0.000407699475437321,0.00056957486740001,0.000350193993179508,0.000669850195727994,0.000566716275934357
"chr8",26550001,26650000,26600000,NA,NA,NA,0.00100531077009487,NA,NA,NA,NA,NA,NA,NA,NA,NA,NA,NA,NA,NA,NA,NA,NA,NA,NA,NA,NA,NA
"chr8",26625001,26725000,26675000,0.000441236720635447,0.000407879439143903,0.000336932596895341,0.000357495559563326,6.6656350552171e-05,0.136504446922125,0.108255541600552,0.0128182160854077,0.453997334148526,0.3373965647887,0.171068762926872,0.460953765392507,0.0654675329672132,0.56516021922977,0.461339546750628,0.000477577094741388,0.000420009470582968,0.00039044466995473,0.000555573030721286,0.00053094037802279,0.00044826343596026,0.00049818986044541,0.000361349000537625,0.000576549056484177,0.000503345192339728
"chr8",26700001,26800000,26750000,NA,0.000464675843160519,0.000337510504993559,0.000862271955699849,7.56086138008361e-05,NA,NA,NA,NA,NA,NA,NA,NA,NA,NA,NA,NA,NA,NA,NA,NA,NA,NA,NA,NA
"chr8",26775001,26875000,26825000,0.000512146639608588,0.000509575219297824,0.00034140485967085,0.000418759512669337,7.49792345957558e-05,0.0682038270628921,0.259362949146172,0.0250332690435966,0.471067760170648,0.3302643265401,0.0837194700407882,0.501053407996974,0.153162110556603,0.606512411201271,0.458281276069914,0.000531886406234403,0.000550570256593514,0.000462673727121784,0.000663812256124237,0.000593418022045814,0.000487133774462814,0.000668798756459077,0.000440351470109006,0.000643001482214971,0.000582778214234271
"chr8",26850001,26950000,26900000,0.000398092554706446,0.000395332883730522,0.000265664699866119,0.000350166848482032,7.76062770315589e-05,0.0589039570371583,0.371381175719907,0.0579575219719819,0.529052531442172,0.329000226186047,0.0490560000721444,0.512914048157644,0.195976048225194,0.677581774883897,0.497537632746765,0.000401870619386456,0.000486332629562216,0.000378680747335708,0.000599593960766448,0.000447666804576085,0.00037422465350837,0.000544213707141415,0.000366001765086467,0.000622172615347057,0.000528509779941323
"chr8",26925001,27025000,26975000,NA,0.000428866380943013,0.000253956985642228,0.000371976806089018,7.16077638401222e-05,NA,NA,NA,NA,NA,NA,NA,NA,NA,NA,NA,NA,NA,NA,NA,NA,NA,NA,NA,NA
"chr8",27000001,27100000,27050000,0.000358314242857665,0.000302949817538177,0.000228323431970322,0.000285300965294158,8.34988261465466e-05,0.111450277763113,0.198809704360884,0.001418725487274,0.505132443928243,0.341200388013115,0.112796322798079,0.52008512369075,0.141228615139466,0.631634850572305,0.482757835090178,0.000351301791054119,0.000343573565222678,0.000306344265664597,0.000499047209886639,0.000368083351869538,0.000317016190783393,0.000424632958818588,0.000287892187477518,0.000484838436602641,0.000426183995943748
"chr8",27075001,27175000,27125000,9.43408523304383e-05,9.27429007155898e-05,7.1680652732656e-05,8.74142831237446e-05,2.33711825423583e-05,0.10203775346391,0.222731860005563,0.0394627902756851,0.520520900907713,0.386348760907249,0.167247072242558,0.545843363622935,0.08041403252367,0.653410904830423,0.519200095483098,9.79782326699843e-05,0.000100139965943539,8.93246631250284e-05,0.000143498979681713,0.000120756150297601,0.000100663111454323,0.000138731339333522,8.27262924438478e-05,0.000157151319250566,0.00013393029824191
"chr8",27150001,27250000,27200000,4.81925044361976e-05,4.35156724630466e-05,4.19123289174028e-05,4.02477513261852e-05,1.68430839349823e-06,0.186071946859026,0.103731637014717,0.0132226142037654,0.485987893780552,0.41234498636738,0.241197950099111,0.511494662764833,0.0393846491493993,0.605123155948566,0.500290131484602,5.4273305394018e-05,4.80356552478999e-05,4.25373815761089e-05,6.58280487409887e-05,6.93191564988472e-05,5.38591516962874e-05,5.33952070520506e-05,4.09041212275111e-05,7.60513046287336e-05,5.87151911756588e-05
"chr8",27225001,27325000,27275000,6.43320555482167e-05,6.30818903714187e-05,7.11413071023222e-05,5.99038573599412e-05,2.89491129860194e-06,0.237344419557499,0.0986156519082394,0.00199136698046719,0.463483177020688,0.350575617490846,0.199143503212605,0.395560765522667,0.0728827398005118,0.544162256985678,0.449003604784893,8.10999128897258e-05,7.20052645246351e-05,5.98762863439111e-05,8.3382336575559e-05,0.000100601338579855,7.57385339067603e-05,6.57065344402833e-05,6.79330109161885e-05,0.000105304384714362,8.19799267113077e-05
"chr8",27300001,27400000,27350000,0.000106409581982507,NA,NA,8.03074207956342e-05,NA,0.273556123570513,0.108420305033302,0.00350431660404008,0.406627712311818,0.519195307306,0.315189488837635,0.440663047826003,0.0675155104584682,0.610233659421556,0.453938299735507,0.00012711030150427,0.000100713539252343,9.15019544853326e-05,0.000119726429430263,0.000154452978839458,0.00011679153381941,9.11795564088262e-05,8.2277695716418e-05,0.000140247800574915,0.000111970521658598
"chr8",27375001,27475000,27425000,0.000128787869537531,0.000135250361459412,9.46696520844434e-05,0.000115612673391598,2.20028951177787e-05,0.119890353643571,0.162546475612976,0.014753992593392,0.400067097070779,0.435499457155529,0.199626122769551,0.485224014546473,0.0750384438942052,0.574117992184593,0.415448919736784,0.000145778037389327,0.000129937150839673,0.000120314834811962,0.000156181687233093,0.000185882434455769,0.000150785360015988,0.000171077943110881,0.000112680628059724,0.000158807114351977,0.000147842759402651
"chr8",27450001,27550000,27500000,0.000209197914230284,0.000171446653655614,0.000141788137455454,0.000171734035609707,3.01635511964691e-05,0.16239302822964,0.195408747320242,0.0195993441224404,0.508671217223151,0.490129260810491,0.246706075716353,0.62074833553861,0.119693958011747,0.653609588677391,0.519100956212689,0.000215081379181901,0.000207082963630532,0.000185155218455072,0.000302211167398273,0.000275310158538398,0.000215208301239042,0.000289826691242566,0.000170365642730108,0.000309728221239406,0.000276317275476528
"chr8",27525001,27625000,27575000,0.000368425777674081,0.000313105983136884,0.000242623322746919,0.000306484245594467,7.34975747906267e-05,0.0967703531147655,0.293324251210144,0.0685332535192926,0.491600082511843,0.440426224687058,0.159904289410601,0.570309725095239,0.163491760243851,0.644451102798913,0.491032586450268,0.000357700494813167,0.000401283268891819,0.000342474694636444,0.000516164438153723,0.000440989133667755,0.000348778538724941,0.000485007162345683,0.000310682442597493,0.000520590821662896,0.000463092793561061
"chr8",27600001,27700000,27650000,0.00027171087920188,0.000246845354078808,0.000143544596038909,0.000214904240571067,5.57478743161805e-05,0.0845800759279074,0.409652718146908,0.152090645346134,0.477108000007256,0.500083626550653,0.21502765125571,0.527469380942622,0.116940375008815,0.69724520253419,0.511853063933243,0.000269564821291627,0.000322320227970382,0.000271701707764518,0.000375189858952982,0.000336238890357913,0.000274914080008422,0.000362582662529572,0.000192780729413747,0.000372816749499038,0.000342628708693135
"chr8",27675001,27775000,27725000,0.000395220381399983,0.000182188868460176,5.31194247629819e-05,NA,3.32679082018396e-05,0.0376705687654643,0.109767285854159,0.0636859950829143,0.0903779153062571,0.119358518306574,0.0795096942318005,0.122539327817822,0.0521678727512265,0.205552015813938,0.138393524900121,0.000413347796696478,0.000398323692466379,0.000403062397158066,0.000410493276172612,0.000396902424607437,0.000401896924276564,0.000410080349926654,0.000381742189742882,0.000396235148426238,0.00039970745296716
"chr8",27750001,27850000,27800000,0.000277278855439126,0.000136585390622997,7.43556552351159e-05,NA,2.45821236375542e-05,0.0673171020959317,0.0507626240293813,0.057763109612578,0.0835000761342121,0.0609122257471127,0.0727453338323749,0.121341256468475,0.0503313631711384,0.106153759054008,0.126803710006305,0.000277386830849414,0.000277029189442771,0.000274124183509572,0.000278557115094474,0.000277959042367262,0.000274904976928332,0.00027989570269956,0.000274595431323532,0.000279898740279941,0.000277107383188466
"chr8",27825001,27925000,27875000,0.000167367173667674,0.000171479867926265,7.80279204979412e-05,0.000166998964304736,2.47928676973095e-05,0.0597245514315475,0.541264215757118,0.107689980199737,0.53408743687293,0.6167240660471,0.185276232052173,0.577072606028756,0.256812634223574,0.722338487957696,0.436400671474136,0.000170412614760661,0.000241462397665695,0.000178420302803479,0.000258661230554872,0.000270006012593368,0.000198244986308979,0.000254868500136749,0.000161940247822982,0.000207475490794671,0.000220449543548626
"chr8",27900001,2.8e+07,27950000,0.000120193678480182,8.53600347010275e-05,4.87080783778429e-05,0.000115253996414961,2.51602015300561e-05,0.10361049984358,0.541840531239947,0.120539691069692,0.475745681315241,0.750043348422773,0.339105105834331,0.640367844201341,0.251828969779015,0.793661755738499,0.479737167985965,0.000107808142411017,0.000165950568448431,0.000128248260334217,0.000177270767741709,0.000209168672140859,0.000143246375342828,0.000162974908239249,0.000104741787801519,0.00019082295604296,0.000169975022651686
"chr8",27975001,28075000,28025000,0.000107142264969816,7.18172928065653e-05,8.34459006488702e-05,7.93884813589808e-05,1.15801267129047e-05,0.203196348532442,0.255933457339534,0.0803787919089218,0.538788639826539,0.545987725034272,0.357767093758864,0.670990000252768,0.0644636676703495,0.655090150050624,0.555872599513847,0.000106547297300591,0.000117154482125286,9.51275582223855e-05,0.000159652585437593,0.000154469824331752,0.000112449405833438,0.000140221422932493,8.17520349094808e-05,0.000177410929247178,0.000143681380086901
"chr8",28050001,28150000,28100000,0.000293695745122111,0.000258471571185891,0.000136110050487014,0.00021115656265028,6.42253116585892e-05,0.165786865951154,0.299840551573744,0.0768713765624387,0.60791423659064,0.593547332150577,0.331153480216329,0.652176625728665,0.106269721623317,0.817697473637148,0.66847645104743,0.000303207074402734,0.000268250085178212,0.000247199959331118,0.000539174741561049,0.000384015399258105,0.000310328022324865,0.000488767330605604,0.000174174186795605,0.000557238549173,0.000483405492460269
"chr8",28125001,28225000,28175000,0.000450630220926727,NA,NA,0.000366802551234111,NA,0.0874021218703143,0.48488287254126,0.151916304363942,0.597753745524095,0.591954686447189,0.256243958777421,0.631342361018999,0.162497620271976,0.801684026651498,0.602462114558688,0.000441956815998811,0.000551259483943324,0.000447419809557499,0.000836411180732788,0.000606863676986609,0.000481760439664801,0.000762329167767061,0.000313942413644105,0.000770880739743574,0.00070289508206916
"chr8",28200001,28300000,28250000,0.00034546594622054,0.000271928028979663,0.000119702047296481,0.000308126014834036,6.80187696004745e-05,0.127993630534412,0.644370351927454,0.19512969903071,0.626727992032634,0.74468612296122,0.293496489095499,0.700046256124107,0.302612348567118,0.86001211861151,0.571748954610935,0.000324617283224016,0.000539326204403279,0.000378181993274979,0.000669678418509183,0.000558222814668924,0.000381266642035393,0.000587776552597358,0.00028320240454311,0.000643428604278058,0.000551219187182726
"chr8",28275001,28375000,28325000,0.000194084358385063,0.000162275655093059,8.51509181850396e-05,0.000233646019283613,4.24825988485057e-05,0.138111102618219,0.683186616163693,0.139708329924539,0.640916264612044,0.78824077348832,0.294587883520859,0.747111029274669,0.386742984929683,0.847903458855207,0.536233512804102,0.000184506025578362,0.000362017792649143,0.000230108975341299,0.00040289975858123,0.000421372424673029,0.000261737025869462,0.000388695483557362,0.000240209141652392,0.00042957639071625,0.000377139261823173
"chr8",28350001,28450000,28400000,0.000129690013521447,0.000143926900317234,5.07960555275588e-05,0.00035665244952366,3.67956863453577e-05,0.164871659875156,0.757187699976319,0.108618736966293,0.647626684308349,0.806033245922163,0.206820327266208,0.687517068534242,0.499157033035158,0.890925449326523,0.50954796293788,0.000145516608528268,0.000296003325313952,0.000165640061606462,0.000292645840288106,0.000335973395671792,0.000195130414368011,0.000295787435930026,0.000214855342642138,0.000335397268146284,0.000284769635777019
"chr8",28425001,28525000,28475000,0.000298574389139334,0.000174167861420148,0.000114509650274645,0.000283029145698905,0.000106920977500952,0.250779466214144,0.616840065131462,0.153541525915555,0.575972185410995,0.803522418884644,0.40625522960271,0.730193453987442,0.289822377093702,0.824644741932443,0.5303983589588,0.000280777195802084,0.00045107798911135,0.000322971757088041,0.000526027027790248,0.000537199012866892,0.000357828597010567,0.000459824511474846,0.000262328115511222,0.00054396840348847,0.000481958038347236
"chr8",28500001,28600000,28550000,0.000337794239214874,0.00015652828698277,0.000110214351168115,0.000286308435131985,9.00785552389498e-05,0.196909482548625,0.50234041267408,0.0842285114402543,0.554482021920452,0.814690989175542,0.415026556117092,0.783035041774789,0.246079745771465,0.855523220491287,0.577611200023306,0.000272154107807113,0.00037914730328971,0.00032001866203775,0.000539935753573256,0.000515575769600377,0.000354282120470597,0.000484340864118622,0.000241353941158438,0.000606856141917926,0.000519979497725838
"chr8",28575001,28675000,28625000,0.00049075070067064,0.000224199302315475,0.00012878436213112,0.000328618674699217,9.71451335658709e-05,0.233306215020839,0.426177451655404,0.0627125505820073,0.573362415612254,0.810514379418989,0.447718558682225,0.803628399122597,0.209009845270473,0.864795577197403,0.61413145750285,0.0004108866114031,0.000448471652347002,0.000405542329352514,0.000774358483517094,0.000636586848687714,0.000455753716107787,0.00072045287548399,0.0002620045896199,0.000740390747938649,0.000659391672628424
"chr8",28650001,28750000,28700000,0.000362747284218272,0.000153744665635298,9.42749823587848e-05,0.000250053763569206,7.05422434855028e-05,0.286239966874566,0.43107931763593,0.0644245264709253,0.545076323929643,0.845354827431249,0.503774563023786,0.811618673995537,0.210507776152188,0.862369628170046,0.592999290081074,0.000324503468159456,0.000339376752861736,0.000304330096974813,0.000555424379956544,0.000548368384883933,0.000377297495452939,0.000525567949158927,0.000199758463043802,0.000537824082789265,0.000477962142544056
"chr8",28725001,28825000,28775000,0.000371652800101533,0.000188073080859074,0.000102960889415047,0.000617189973163498,8.13940130438907e-05,0.248498102624618,0.45222483575495,0.0406260344884522,0.586546224570826,0.82764781761964,0.418486484504392,0.800186569537626,0.271933807805534,0.874681401765651,0.606028415745635,0.000326296012856755,0.000363993795290655,0.000311481336168151,0.000609868051633258,0.000563080926495474,0.000359683481254358,0.000593904441407191,0.00023706171606248,0.000610932415210607,0.000540530538603799
"chr8",28800001,28900000,28850000,0.000129180989151499,8.94662751317108e-05,5.9235691366742e-05,0.000108045449726544,2.58458705984114e-05,0.127283103987862,0.464953327223747,-0.0034289782947831,0.780142139342136,0.705696458511098,0.170248214851983,0.882978488911911,0.414505867305057,0.883998772212494,0.773159846379723,9.4199999847923e-05,0.000133467421319652,9.90586476669735e-05,0.00038619920058453,0.000157785581435185,9.18921739845766e-05,0.000388694195726171,0.000113053420637748,0.000367324670504886,0.000336283751210111
"chr8",28875001,28975000,28925000,0.000200659981148796,0.000101423163573262,0.000109946356723906,0.000183654971535216,3.27427133907643e-05,0.159186619833157,0.515755659893449,-0.000832849101474018,0.721991926050207,0.766231371842758,0.214196867755899,0.907715419996848,0.458770608043351,0.827391949558579,0.7024878175564,0.000141854160819448,0.000266739107837186,0.000168929409211761,0.000505520676005579,0.000337492269117996,0.000151225135044097,0.000519736504618024,0.000234965957252586,0.00047582818411709,0.000451740947836729
"chr8",28950001,29050000,2.9e+07,0.000155052417213337,9.07106463613137e-05,7.80193059231044e-05,0.00016806677490646,5.0374328105422e-05,0.191712436972619,0.515849810931453,0.0600124774613755,0.594175579426484,0.796232754214372,0.352886283301934,0.828695651032647,0.299715103787035,0.788467604998055,0.538479099120321,0.000131730359185754,0.000214263281809949,0.000159947852948508,0.000309658666664032,0.000313962940473625,0.000182696513935517,0.000337864770685656,0.000166075311246106,0.000300160566326453,0.000283541805333511
"chr8",29025001,29125000,29075000,0.000209574126640767,9.99511529456543e-05,8.82495441877336e-05,0.000188417831958101,4.27452089174718e-05,0.228357233627595,0.488810604477445,0.109915433795897,0.65659225016124,0.810005187759693,0.446876097098026,0.877551361567246,0.214300373754853,0.866478745608494,0.663270215994015,0.000169344210960007,0.000246268378821371,0.00020325952695367,0.000452518378182036,0.000341754695986707,0.000228928723630397,0.000453737228294345,0.000158411092837898,0.000472779285203726,0.00041658807162676
"chr8",29100001,29200000,29150000,0.000287432768154133,NA,NA,0.000236835447994399,NA,0.178744321325581,0.608403248719059,0.281438018188939,0.69687514150598,0.837617277137029,0.560102426856781,0.89726268985098,0.147047475728925,0.874043052247222,0.689465260782398,0.000210962358893631,0.000410026838214322,0.000327606568962674,0.000685380996455911,0.000505069861589454,0.000368912625301829,0.000719457792599246,0.000182483937765749,0.000628993941579569,0.00057544051096177
"chr8",29175001,29275000,29225000,0.000246849014458282,8.80036359788463e-05,8.02642104339303e-05,0.000174145289267945,4.86411714984002e-05,0.262355216494716,0.61823697882924,0.352583179425416,0.639769981857179,0.897860384056293,0.715976202413553,0.920202003316364,0.0950729609326912,0.884119690523258,0.705009836126879,0.000190327026683498,0.00035327662497188,0.000292626681373781,0.000510968039602627,0.000508559063797327,0.000390241947119804,0.00055685078259193,0.000124122978791492,0.000497146916877552,0.000456302374245966
"chr8",29250001,29350000,29300000,0.000333807562788417,0.000106853069244431,8.90567807129611e-05,0.00012759394512433,4.67485021658823e-05,0.426339657902539,0.379040870487569,0.236372839210963,0.693150293412692,0.896375703803794,0.82300527381052,0.942822607752021,0.0232679612826199,0.915528524902837,0.85536327654897,0.000303520956196804,0.000274411315437789,0.000248153191842564,0.000732158474067466,0.00050310662447824,0.000426961750376367,0.000734001049843217,8.19373634377276e-05,0.000684229916243579,0.000603959554969696
"chr8",29325001,29425000,29375000,0.000262404822797859,7.05367523668543e-05,7.75132543902228e-05,NA,1.88986488624198e-05,0.419460472449614,0.397709433410372,0.253641567913848,0.670113937868451,0.892807194597351,0.822908605803388,0.958383090814852,0.0232044425038558,0.901073395166581,0.838674632647165,0.000237316689894603,0.000236788819146173,0.000214489075273964,0.000536797707160448,0.000424274503454968,0.000361274701407194,0.000551058731202553,7.64649143640989e-05,0.000506528199428717,0.000441153054473976
"chr8",29400001,29500000,29450000,0.000287268069358055,5.69056544264404e-05,9.08551066276786e-05,0.000130160683383488,2.9901316705534e-05,0.398704642071913,0.440820122902906,0.279746090173743,0.604865599487476,0.895720297601397,0.816629843641963,0.961632950045324,0.0274442101045581,0.876915620015629,0.792224999112774,0.000248450174790675,0.000295019337954773,0.000258289768897231,0.000509110853207715,0.000499353090177617,0.000406210834658933,0.000508280841983097,9.78693289485633e-05,0.000534508776212557,0.000460201019821236
"chr8",29475001,29575000,29525000,0.000243125933965817,3.99859308002045e-05,6.00585727070006e-05,0.000127901866324184,9.63377341954525e-06,0.376926654800058,0.543192041049308,0.295234062867274,0.497990770232792,0.936942796042254,0.802491947049858,0.969372467534385,0.0861218062063613,0.905704785278668,0.717297333580851,0.000214453130964039,0.000293773629971582,0.000244043820082372,0.000326657508483504,0.000518412444406007,0.000387689171281151,0.000330495517486372,9.42968823804279e-05,0.000386334879405133,0.000323740615125454
"chr8",29550001,29650000,29600000,0.000127379520663433,3.38267139510614e-05,3.98878354172574e-05,7.79906558670323e-05,4.3162515397701e-06,0.353823836281361,0.550608722573417,0.300983158049566,0.670680707384941,0.925673029427951,0.780655462878275,0.985112462812456,0.0829157539612181,0.916606778492162,0.775517307207177,0.000101717393984378,0.000153293107949103,0.000128723038892881,0.00026877167434669,0.00025943066329903,0.000195510516115497,0.000298086084383541,5.52435890368297e-05,0.000282140798841325,0.000242716018959704
"chr8",29625001,29725000,29675000,9.60968132137872e-05,3.93515096875236e-05,2.77177728245696e-05,4.51499530909353e-05,9.84283881367159e-06,0.337928409012307,0.587191065863728,0.413262099023437,0.789267771606081,0.935038104411246,0.850239353497125,0.98533492051563,0.0303927227732361,0.946275902477473,0.883161261640834,6.81307960771089e-05,0.000107188664998323,9.17593111860283e-05,0.000310662413099516,0.000180850742163165,0.000146837566779083,0.000366180523664467,2.57927558259645e-05,0.000292743625144476,0.000246225721932311
"chr8",29700001,29800000,29750000,0.000176394364226693,7.42635018830562e-05,4.61249267196498e-05,7.20068519556642e-05,1.67920923668254e-05,0.316217218662866,0.577462824286753,0.401576364822725,0.846540964954241,0.936987243852096,0.845966652615305,0.98761921099709,0.0464976007795946,0.966002939503878,0.920685179693655,0.000108498587402792,0.000165185163754903,0.000138073534934917,0.00067684820226088,0.000247068271121653,0.000194360312037002,0.000705534798243194,3.46340413346889e-05,0.000600630939677084,0.000523809009902194
"chr8",29775001,29875000,29825000,8.94441097290103e-05,4.42634084147766e-05,2.76982002842884e-05,4.17537897654857e-05,0,0.318940739009935,0.618821372008586,0.422656207879622,0.896693403569217,0.954526749271425,0.855874953170353,1,0.0584088233552804,0.984191352596593,0.951152535641359,4.89070059164122e-05,8.0806968365657e-05,6.53928688717982e-05,0.000441649500897581,0.00012360125316356,9.31382537649838e-05,0.000451172929717797,1.56378362370221e-05,0.000454458772939604,0.000384637529050369
"chr8",29850001,29950000,29900000,0.000179379573093633,9.18406854852305e-05,5.97101082996434e-05,7.66517491562873e-05,7.89654016251396e-07,0.192733750773298,0.640059355423862,0.517306972620802,0.892765352214267,0.902001210615049,0.834438843314627,0.980229469461593,0.0156403297646799,0.975841521825396,0.95496434863016,9.20159250142163e-05,0.000184817848315647,0.000154421513011454,0.000871446153592848,0.000233211096834527,0.00018878473284922,0.000798172670408651,3.1027713061654e-05,0.000845024399150625,0.000723345727415791
"chr8",29925001,30025000,29975000,0.000147539596026766,6.19149935608022e-05,5.61757919630383e-05,5.38037146993763e-05,1.43179605286465e-05,0.204186849727508,0.623089504621186,0.583037760799165,0.87430484365544,0.898207802944885,0.906766121291011,0.9877706568182,0.0189436149885183,0.959607619549313,0.961418857968719,7.45416643057582e-05,0.000168187045740329,0.000145146548953009,0.000668567506343221,0.000212564006264954,0.000182369292594822,0.000619176412019656,2.57373570814955e-05,0.000662476530181993,0.000582536545720164
"chr8",30000001,30100000,30050000,NA,NA,NA,1.90396689617703e-05,NA,NA,NA,NA,NA,NA,NA,NA,NA,NA,NA,NA,NA,NA,NA,NA,NA,NA,NA,NA,NA
"chr8",30075001,30175000,30125000,7.55030689081558e-05,4.25707436001042e-05,3.34901083915797e-05,3.03400168727209e-05,4.05306013672709e-06,0.194330377000456,0.61360512599438,0.633724627102615,0.892591460304027,0.871142483981683,0.918563550233038,0.985019721340439,0.0127655635801756,0.954816763296898,0.970987372685914,3.7793190398194e-05,8.38021800265343e-05,7.30855618863049e-05,0.000377474026049926,0.000113402667513283,0.000100734805384924,0.000359260024363591,1.40352624319447e-05,0.000359493538071026,0.000313986054122183
"chr8",30150001,30250000,30200000,4.43355767663368e-05,1.92706659397236e-05,1.71437112903712e-05,1.39853677928232e-05,0,0.241293114750573,0.688193554598323,0.68933572101151,0.868430002062104,0.945079594786902,0.986277854339395,0.998304657696798,0.00179727547210154,0.977114728446383,0.994640902010465,2.44369429105641e-05,5.60305670453608e-05,4.69359538954147e-05,0.00019203260586888,8.47380519438566e-05,7.25812713695131e-05,0.000184603425172831,3.37254061227286e-06,0.000234966808111904,0.000197371354813474
"chr8",30225001,30325000,30275000,2.53461545694876e-05,NA,NA,1.20991655946123e-05,NA,0.234268766496335,0.716572509622107,0.616293755714496,0.693172271906579,0.946199176406772,0.913472646244381,0.97353497232357,0.00170064624214619,0.934668410547476,0.89157282564235,1.75547508897023e-05,4.55456041652603e-05,3.70042147645288e-05,6.19789279052962e-05,7.32162829194191e-05,5.86370926311724e-05,6.86867651919685e-05,6.87591159751869e-06,8.99516860475813e-05,7.224438740326e-05
"chr8",30300001,30400000,30350000,5.48311863500311e-05,1.10521714676962e-05,1.95519704122571e-05,4.33980259424648e-05,3.21068566718864e-06,0.215213684456989,0.680132812229951,0.403857136218228,0.602326380135963,0.925217371921077,0.74227595987102,0.964128669577031,0.124639653095101,0.907000487112394,0.714849960880723,3.91560791728318e-05,9.65941140223505e-05,7.53197282735204e-05,9.86505940416111e-05,0.000138908722402816,0.000100901648985092,0.00010208257219776,3.17622204327208e-05,0.000134154854264777,0.000111999010092923
"chr8",30375001,30475000,30425000,7.16463136344786e-05,1.67839257022666e-05,2.44900163746875e-05,6.03866648641952e-05,8.94785113407434e-07,0.253213223845903,0.693384937110898,0.3719901531431,0.690319490080939,0.93214708308611,0.70921464813765,0.992692690015061,0.160137771420073,0.915572385963485,0.701361509978837,4.80958620129524e-05,0.000124738751115331,9.43932342676967e-05,0.000165634092743733,0.000169680360344458,0.000117486826541237,0.000167645872963905,4.54521213595949e-05,0.000172221193153181,0.000144048795279257
"chr8",30450001,30550000,30500000,6.95750103396467e-05,NA,NA,6.85658557060464e-05,NA,0.304699523392447,0.630141553938071,0.218268037653307,0.598162329097735,0.923054262275457,0.622120704789001,0.948828412276602,0.222828508470476,0.898979327703265,0.59840277569475,5.99294851819377e-05,0.000103948499294473,8.26283456593556e-05,0.000134561163306465,0.000168326178848481,0.000113426093917417,0.000146999324744697,5.41695905678528e-05,0.000138561936927392,0.000128919235262495
"chr8",30525001,30625000,30575000,6.50924625344268e-05,2.7143284449479e-05,2.19294082785726e-05,6.23636480425296e-05,9.7899683352422e-06,0.257921610030403,0.607383570619212,0.185377248828469,0.49707965556882,0.888874719903061,0.563880880616535,0.844331830705635,0.239802072606672,0.878446183747283,0.549686432968527,5.82810545418263e-05,9.53928361237734e-05,7.39041054740275e-05,9.61199755088525e-05,0.000148652833694642,9.84058907900576e-05,9.76675183625169e-05,5.18017759820062e-05,0.000129555607083207,0.000109275063813985
"chr8",30600001,30700000,30650000,2.08076890255806e-05,1.68604029538862e-05,2.09104253962707e-05,4.8800805653329e-05,8.63202599545155e-06,0.0997796894699821,0.836472258276116,0.216046604607769,0.84796362360266,0.884637894677377,0.310809753619008,0.934845520703372,0.520759912725316,0.867048340250163,0.603244959184705,1.25939204778921e-05,9.46129333084558e-05,3.84636566419751e-05,0.00010186111157183,0.000113509234251013,4.31711134668116e-05,0.000116382408968487,6.57717615662192e-05,0.000112086654780701,9.60127656651898e-05
"chr8",30675001,30775000,30725000,2.09440011376911e-05,1.85015814108111e-05,2.34002208586883e-05,4.81460217195262e-05,6.21083326170699e-06,0.0297798923399506,0.83057617003338,0.166418188086225,0.877765912420838,0.866781746773802,0.224737146323218,0.944340739998657,0.573448239623787,0.850889980431114,0.660049569148562,1.12682305788001e-05,9.75330508261633e-05,3.47236100414323e-05,0.000115853786019415,0.000109531315159687,3.58019288214866e-05,0.000125856792632044,7.45162481621245e-05,0.000113740648116772,0.000106891938379916
"chr8",30750001,30850000,30800000,1.20460431589271e-05,1.26670812699805e-05,7.39318792970374e-06,2.39793188544017e-05,4.78962745646044e-06,0.140494267877804,0.780845378751011,0.191988895421364,0.683387430916102,0.826699385017105,0.249171447035879,0.743450669825443,0.471169008351162,0.788504169772748,0.438358097368898,1.3519077992253e-05,3.91877878535533e-05,2.15422674401412e-05,3.1009484869285e-05,4.89858682869393e-05,2.51708006487869e-05,3.72818790768831e-05,2.84858721402514e-05,2.94196506831871e-05,3.1918841765774e-05
"chr8",30825001,30925000,30875000,4.44332917444996e-05,3.19770757959141e-05,2.3742660554628e-05,6.04287189657278e-05,1.78433608722887e-05,0.135497798901771,0.710820420186513,0.16120349098504,0.506344957991887,0.818212078281554,0.316206400786537,0.678296879905978,0.39134511407166,0.796890570353863,0.348576206747414,4.43219722741548e-05,0.000105871001647954,6.26533684200162e-05,7.7578775072709e-05,0.000127745811198815,7.08051393324587e-05,7.70234715139481e-05,6.82361967252178e-05,9.78235898660394e-05,7.40034606878705e-05
"chr8",30900001,3.1e+07,30950000,8.25789561258837e-05,7.00807676359579e-05,2.20970731109932e-05,5.77811963070081e-05,1.81589613368869e-05,0.0827289914442375,0.594361462970835,0.174737171522124,0.50185377199455,0.712824561950086,0.275903351631823,0.583109146990726,0.251557215837721,0.847633710044059,0.517089228745603,7.86609431651779e-05,0.000105246678729922,7.9424378181919e-05,0.000119392021748526,0.000115406352708425,8.34979378938348e-05,0.000112170262996574,4.99873311657726e-05,0.00011816154131129,9.87384491786804e-05
"chr8",30975001,31075000,31025000,0.000170018538177647,0.000135249747544704,4.50206977634911e-05,0.000118742908147786,2.27391279860239e-05,0.11233794315106,0.522920321442886,0.136295263136615,0.449206476860532,0.703486664867299,0.289474242400529,0.563464689814386,0.216212387389805,0.845737254206488,0.508905012759208,0.000164316051592121,0.000193226353040411,0.000157546720964985,0.000218921339698173,0.000224821517239562,0.00016768539641816,0.00019946908062563,9.97078622665845e-05,0.000224488386663873,0.000193712987366873
"chr8",31050001,31150000,31100000,0.000144002132252582,0.000119711447711082,6.6298191724463e-05,0.000135775867340731,1.93709362157708e-05,0.165690075091289,0.492130874073048,0.0827128986029588,0.532406376646652,0.679434613829125,0.259522549259875,0.629403777164222,0.236259711556338,0.807156348732979,0.527387639032388,0.000149728355971148,0.000185696426686435,0.000145312615602821,0.000227183017025041,0.000235857392025786,0.000165724349648252,0.000207427586190359,0.000127724826308643,0.000255707997154223,0.000217392714956457
"chr8",31125001,31225000,31175000,2.97752082822901e-05,3.32069507558485e-05,1.64662381339731e-05,NA,1.13688943576546e-05,0.152017561560344,0.582406225564624,0.117521983299575,0.362970610403634,0.45952298642247,0.079154442070056,0.333720652677089,0.277301782529758,0.741775800089671,0.349516992192313,3.6064928724394e-05,5.0235908930911e-05,3.55405680977896e-05,3.8891420832418e-05,4.12749827482323e-05,3.69125218904923e-05,3.60543478502427e-05,3.51109852617363e-05,5.16946477137025e-05,4.23144320387029e-05
"chr8",31200001,31300000,31250000,0.000146876385145304,0.000123339284110791,9.56390797771087e-05,0.000119971607513412,1.34228951005485e-05,0.07660840013165,0.32238983319559,0.0207976320662966,0.451573809304909,0.48721056174937,0.142068509958142,0.511466772367646,0.191711869774306,0.690873456293772,0.464189172816563,0.000142090310285036,0.000170004895937698,0.000131415717855222,0.000185977758566501,0.000195896885412741,0.000139215046201887,0.000162247299392532,0.00012995135756887,0.000215934908217391,0.000166666606916682
"chr8",31275001,31375000,31325000,0.000361978381658991,0.000302142131152,0.000191878215940556,0.000273857311803604,6.32795439661218e-05,0.0927191960674309,0.340813062060604,0.0285794582182439,0.449352499111365,0.497266187601054,0.149260079962158,0.48607985140874,0.19987018067196,0.696721604016964,0.461887593624438,0.000352751766030622,0.000390024939417795,0.000312824393187916,0.000459842424776831,0.000431706189278404,0.000323939503887852,0.000391907248403385,0.000282548699374196,0.00048142134408042,0.000401889956774463
"chr8",31350001,31450000,31400000,0.000185130335601508,0.000176751925876623,8.81672954783229e-05,0.000143836883783415,2.93204992717778e-05,0.0461646001520379,0.405037279211603,0.0469512683062573,0.486746579402404,0.515888724274255,0.130029430176749,0.532895877641616,0.246774755410401,0.732229386856879,0.500060842923876,0.000184410899304181,0.00021286787144414,0.000165717721767833,0.000259173972437868,0.000239097477019379,0.000177215807704392,0.000249341858567192,0.0001498556167022,0.000259411896496475,0.000225886098767635
"chr8",31425001,31525000,31475000,0.000215699780669822,0.000197980976181243,0.000118197332001796,0.000179886994444226,2.4320501250795e-05,0.0650958274821477,0.36003884888425,0.0324209156197952,0.492645347459147,0.495151490448922,0.119579496529577,0.563112375614989,0.249424163933147,0.697094084666916,0.488768631023121,0.000217048362602478,0.000248163060469877,0.000198677355969763,0.00030788070883158,0.000283071215007668,0.000210707017704519,0.000298952840321046,0.000193392935474374,0.000303814190084353,0.000271127022902668
"chr8",31500001,31600000,31550000,0.000217495462868481,0.000217058784101757,0.000101550675018821,0.000197519932678974,3.44271552978444e-05,0.062148974813109,0.417758978200284,0.0688928109773535,0.41924511691251,0.53763488843329,0.15992678668552,0.45219338654488,0.192220635024697,0.71455788070185,0.416492842212005,0.000228124067905181,0.0002601256148593,0.00021770136946412,0.000272172117497839,0.000302152156335941,0.000241592695621344,0.000261192558840124,0.000183323439068022,0.000283830806135573,0.00025727972368674
"chr8",31575001,31675000,31625000,0.00026433679931561,0.00022964146999472,0.000120989413445921,0.000228986367113223,4.28510182749591e-05,0.140465402263084,0.446997397879618,0.103421767707553,0.445025328683869,0.61060937173144,0.280255725113463,0.512014203210851,0.171051505724091,0.741556743409285,0.45983659658573,0.000276505973796516,0.000317616803604297,0.000264516263746201,0.000338949686553869,0.000374986931837653,0.000303736515370832,0.000312184477687058,0.000204025267614218,0.000363587397377182,0.00031808126810574
"chr8",31650001,31750000,31700000,0.000336158324022076,0.000330673902717464,0.000205551746810798,NA,6.23300204015001e-05,0.133786062898096,0.253124491873513,0.0483037992892158,0.539260206764931,0.426495812615589,0.21049199083537,0.538946765255563,0.0913697402888742,0.728527759990513,0.581515157502153,0.000365333963626322,0.000338837048862134,0.000302812030754317,0.000536840899714143,0.000413786721168543,0.000357793935357549,0.000478859740542959,0.000250403067315797,0.00058513117026415,0.000503857324272519
"chr8",31725001,31825000,31775000,0.000380704355871713,0.000354101585638659,0.00013962848688311,0.000229876883018174,8.05526225801637e-05,0.219710113127779,0.236615309269507,0.0475831366041262,0.507046420729059,0.587743462303935,0.345362603498727,0.501251959306744,0.0933207449567605,0.798645101689187,0.61754119370833,0.000444662639377566,0.000315054290771639,0.000298542639263247,0.000540015487236615,0.000486487223805453,0.000402730556661181,0.000477105377019427,0.000192762961475877,0.00054995597586387,0.00048193173760938
"chr8",31800001,31900000,31850000,0.00045695010369015,0.000461798257343915,0.000259156221110687,0.000326376180298739,9.39318498103435e-05,0.245884467578616,0.108967104428966,0.0120924115775982,0.545827885054426,0.475799876591015,0.276983297479458,0.541240173341824,0.0641482723856052,0.711089945732605,0.573912603582417,0.000582988609435992,0.000376659590073725,0.000373571020458084,0.000707821525637919,0.000608160069532837,0.00050387483109031,0.000653674995577031,0.000300504099944165,0.000688785564376071,0.000605149673984916
"chr8",31875001,31975000,31925000,0.000391317210631155,NA,NA,0.000286597710609558,NA,0.160094159368203,0.20856161699756,0.0570311653567407,0.52130072530266,0.454026959919819,0.253033479700749,0.563874822456402,0.067714112148519,0.705863383049036,0.570344978027259,0.000427791551467891,0.00036945851860331,0.000337352344466995,0.000574252822910532,0.000484753490387987,0.000403439001089858,0.000554275211375743,0.000265227872326095,0.000597433965284155,0.00051669928850924
"chr8",31950001,32050000,3.2e+07,NA,NA,NA,0.000191586000592042,NA,NA,NA,NA,NA,NA,NA,NA,NA,NA,NA,NA,NA,NA,NA,NA,NA,NA,NA,NA,NA
"chr8",32025001,32125000,32075000,5.12273752443099e-05,NA,NA,5.30367484888446e-05,NA,0.0521852967328773,0.378523068687302,0.0543669379877436,0.516992582358415,0.533007997823602,0.153471776319247,0.552580145282866,0.200612957527746,0.801085511536896,0.559444539087968,5.56586762772077e-05,6.01397428306927e-05,5.2891877280951e-05,7.988405165325e-05,7.81569673931335e-05,6.2968445074859e-05,7.74312566590004e-05,4.85116587823467e-05,0.000102719121139851,8.8555785789845e-05
"chr8",32100001,32200000,32150000,0.000189087117392909,0.000184953400347684,0.00010616440254985,0.000161118424766464,1.85285119057269e-05,0.0666714210516407,0.466797565523239,0.11526700849775,0.553999845862648,0.498519125838358,0.153999272785215,0.580412392753256,0.19237360651399,0.694980532752976,0.50936269993807,0.000189583155328991,0.000253566966052276,0.000186922935940231,0.000306505742336616,0.000254360566990535,0.000193381546504148,0.000284145710481842,0.000160852931920458,0.000269580844816902,0.000261217950384149
"chr8",32175001,32275000,32225000,0.0002021765002406,NA,NA,0.00037687833976859,NA,0.0458931779808901,0.443534069344126,0.172359753101435,0.440633121071401,0.486298209689679,0.201301441698857,0.502795520899419,0.1290457296732,0.700393036990549,0.505598110374959,0.000200057088415542,0.000277483797685945,0.000213531487749267,0.00025038833242235,0.000278818780941215,0.000213386276137399,0.000249995379121443,0.000164255434460615,0.000311570423741721,0.000254165186217499
"chr8",32250001,32350000,32300000,NA,0.000208437949870346,0.00015638358679275,0.000199881677947431,4.65376636313476e-05,NA,NA,NA,NA,NA,NA,NA,NA,NA,NA,NA,NA,NA,NA,NA,NA,NA,NA,NA,NA
"chr8",32325001,32425000,32375000,NA,NA,NA,0.000368005677997628,NA,NA,NA,NA,NA,NA,NA,NA,NA,NA,NA,NA,NA,NA,NA,NA,NA,NA,NA,NA,NA
"chr8",32400001,32500000,32450000,0.000457595009109023,0.000390339337408723,0.000239610212309201,0.000321563594102058,6.56083295408454e-05,0.0799640519784501,0.29641873838873,0.0851330105802163,0.534548431366431,0.467500424714488,0.216488913024472,0.576991839368148,0.0843967424828983,0.746104698305626,0.588382103803403,0.00043772447165021,0.000449989091526073,0.000399196993479159,0.000678860477816329,0.000510465382243537,0.000424090069279003,0.000600956369859612,0.000288414319788056,0.000710678254884433,0.000611443401323257
"chr8",32475001,32575000,32525000,0.000485102877936878,0.000422766164478666,0.000249934109527658,0.000345217736698006,4.86004006084159e-05,0.121818359278981,0.328726456015222,0.113500057657138,0.549886234930099,0.459574650469424,0.212563569291934,0.526149243559983,0.0892749288202076,0.754220238852522,0.585628751149007,0.000495082177205445,0.000499158770457612,0.000440351684998573,0.000707866474471291,0.000550636670971903,0.000463707160734435,0.00057026703229912,0.000309453111845869,0.000725264482978602,0.000625154297922796
"chr8",32550001,32650000,32600000,0.000278167759511575,NA,NA,0.000228460850578573,NA,0.333547122543746,0.139207542781807,0.0842651181002571,0.696901675401743,0.375023221886203,0.322586991909314,0.555034853253179,0.0276792325638504,0.696795742617023,0.675389999397005,0.000399203546851801,0.000272492242048935,0.00024478992873856,0.000648093435779039,0.000396244841476472,0.000347796772125923,0.000471186460905008,0.000220675035935595,0.000618836449960607,0.00054237855570382
"chr8",32625001,32725000,32675000,0.000829499263828945,0.000399190910837376,0.000257787900589325,NA,9.14520596930812e-05,0.0850838312433241,0.0939109611177451,0.0920676662161621,0.152343623418844,0.121666488545272,0.117322169254454,0.172937121512814,0.0931768074931896,0.204426003863545,0.188268565744719,0.000817881582968409,0.000787908291044487,0.000798614116580243,0.000825945682903315,0.000789611427168347,0.000800260703434368,0.000827742238174475,0.000769614560688898,0.000797500216099897,0.000808020366236239
"chr8",32700001,32800000,32750000,0.000294680467974826,0.000347625367969243,0.000260893610989001,0.000226645185720869,6.24947975845103e-05,0.247988951813255,0.0726134993972374,0.0216297597059915,0.607173480419492,0.298888569413985,0.254295424703735,0.510435579148703,0.032275769606953,0.640160911046038,0.624175874057132,0.000402117481370341,0.000281968467423248,0.000246616991183292,0.000535063034270546,0.000403656055042247,0.00035355510800201,0.000456800165298655,0.000236216013859007,0.000549358302199152,0.000470602799044895
"chr8",32775001,32875000,32825000,0.000222307679596545,0.000226867643536777,0.000192565294779693,0.000175460577937974,6.14886745021207e-05,0.174187406041556,0.0627276159192539,0.00596588011239414,0.490361093518053,0.275829629771248,0.20377573670468,0.450996528372441,0.0318794258487503,0.565782538550355,0.510902312212967,0.000260698769416014,0.000213022016482347,0.000189947696585527,0.000314883961174781,0.000274042307621957,0.000237489877212655,0.000282706454826544,0.000181993223767374,0.00033467179651748,0.000287201649118323
"chr8",32850001,32950000,32900000,0.000269284963199367,NA,NA,0.000210742341735015,NA,0.143005207117609,0.128429159236314,-0.00329530167742388,0.567604457975042,0.415888762093588,0.162782495402323,0.540585772025039,0.107717595510385,0.738983012589903,0.582368728616607,0.000304526050354066,0.000222241208065779,0.000223448701607002,0.000456313733413243,0.000329213700285346,0.000275210555692966,0.000439427889690262,0.000191133215494556,0.000471101740684294,0.000401327923011015
"chr8",32925001,33025000,32975000,NA,0.000322352919538451,0.000194794277189207,0.000269164579617024,5.85427663068059e-05,NA,NA,NA,NA,NA,NA,NA,NA,NA,NA,NA,NA,NA,NA,NA,NA,NA,NA,NA,NA
"chr8",33000001,33100000,33050000,0.000484888522483626,0.000412342481375388,0.000286986921004991,0.000349757836780146,6.53914147390459e-05,0.0808260601822369,0.207028623434477,0.0489442220759519,0.4297236460453,0.350976554018608,0.157652284194195,0.483043757343879,0.0713764967666709,0.62802434566646,0.489364457109319,0.000477052711399102,0.000465359073208414,0.000422952208086222,0.000604201708142517,0.00049768283154774,0.000433322275738054,0.000535078878501349,0.000333537315162736,0.00058843155911253,0.000529936147293737
"chr8",33150001,33250000,33200000,0.000440245694868163,0.000405350243543641,0.000304112510741212,0.000760628375695656,0.000102247771411892,0.0596202772654589,0.23812109252917,0.0238840863336441,0.478958375528303,0.307467291660575,0.0794053099847824,0.496046904893823,0.124296139092339,0.634404707809795,0.472382740899463,0.000439601955942995,0.000464889179948309,0.000396112830607978,0.000610905161450802,0.00048249971737238,0.000404903260585692,0.000551604459030388,0.000367376925971207,0.000649261953577816,0.000537004232198708
"chr8",33225001,33325000,33275000,0.000430379349991996,0.000408525962882458,0.000321945891879734,0.000324644247569448,8.62400340242733e-05,0.0684743872659349,0.122598965964222,0.0155470295592616,0.503558761600899,0.222114313893194,0.0819885749996042,0.491516468884456,0.0626841775909932,0.607156259234814,0.516767640323179,0.000435889696768086,0.00040830056153477,0.000366209351273057,0.000610550726594681,0.000444621727136834,0.000382865549069034,0.000526148901279875,0.000331642577326821,0.000620749031736462,0.000523590607946434
"chr8",33300001,33400000,33350000,0.000346664992024347,0.000328801755062892,0.000274281489201355,0.00028309647786606,5.0540749163419e-05,0.122119729208246,0.124766257518223,0.0153550041225003,0.513404119362057,0.292843703643969,0.116973212913291,0.522686629569204,0.0954861103949633,0.587487280757283,0.500600972713262,0.000371902371210595,0.000338484378763244,0.000306456339902272,0.000503951832060352,0.000403330265536033,0.000331861392912117,0.000446173290383231,0.000298000082248848,0.000498727448861244,0.000435375014200519
"chr8",33375001,33475000,33425000,0.000236611582873551,0.000231205238928622,0.000134433767128498,0.000177825932875434,2.40043409955611e-05,0.098994251425345,0.198769745883992,0.0251024439940505,0.464068922875708,0.400777876599966,0.164574306018768,0.489667129919945,0.0945051205119135,0.655104554246936,0.49626462629892,0.000250581060852757,0.000219159882579308,0.000203533954190375,0.000300401549360712,0.000275930707107007,0.000233520116025701,0.000286375559904871,0.000166117091609068,0.000285885298884467,0.000263824459017343
"chr8",33450001,33550000,33500000,0.000176583515074725,0.000380821816832791,0.000353525846419149,NA,0.000321616495508573,0.0646676658267603,0.246147362102773,0.0536487795211073,0.453697530007342,0.355829963637354,0.134435821431567,0.433457565854807,0.0801505329889706,0.695141408891978,0.522469850165562,0.000193381354484889,0.000185332574014268,0.000163845452225937,0.000236841809552101,0.000218486049965031,0.000187394110524671,0.000218953711834221,0.000136292234262391,0.000280468267389931,0.000236992489483761
"chr8",33525001,33625000,33575000,0.000181268302491361,0.000206746983866952,0.000101857316683213,0.000134721550502832,3.73734743397673e-05,0.153311801867032,0.192490362671472,0.0458001455194989,0.490125079510483,0.457470145350213,0.26327720010943,0.503412803854976,0.0614875793790453,0.693819907962415,0.556287216448501,0.000219169707039876,0.000166912223968592,0.000155728336589864,0.000269320504737003,0.000248631495350907,0.000213594635355984,0.000276275650981997,0.000120414350232827,0.000263973172014212,0.000244616930711098
"chr8",33600001,33700000,33650000,0.000175213613037722,0.000187636783759602,0.00013693903613637,0.000132414329095175,3.33207788218815e-05,0.142366643067365,0.11487090543201,0.0408911741312658,0.585116177088925,0.311329817336893,0.190638079288598,0.568544487051877,0.025571740367874,0.66980265777009,0.613382279738491,0.00019856388243084,0.000164017662526035,0.000146761914671236,0.000307144117848506,0.000215250021791272,0.000182056164054885,0.000282242432650773,0.000129242756685641,0.000307613788220448,0.000269322123528937
"chr8",33675001,33775000,33725000,0.000139254255401229,0.000132971190079841,0.000118056993981897,0.00012068855589772,2.18445828987446e-05,0.0605565051268788,0.190501089116775,0.0526205474405504,0.464688770780215,0.319012821180939,0.159675455578529,0.536502087768679,0.0465842779017505,0.581743552595839,0.480838863065068,0.000139074397783778,0.000152602563120007,0.000131385124025095,0.000191784731548092,0.000174600960751504,0.000144515934452599,0.000184062094256988,0.000121951955229192,0.00021004226611196,0.000179822502714097
"chr8",33750001,33850000,33800000,0.000159033062353379,NA,NA,0.0001474249217176,NA,0.0415321729448619,0.143453579266167,0.0438480420082859,0.362710670890844,0.174713366269578,0.0833822642029646,0.415091392482288,0.0314468551206377,0.428551322283561,0.35694417561405,0.000168048850098593,0.000185456786690614,0.000156746907475298,0.000171742782368081,0.00019670437176568,0.000168904174307206,0.000185702183530141,0.000159227706305231,0.000202239878695872,0.000172727738457939
"chr8",33825001,33925000,33875000,0.000133853508714339,0.000149651284042253,0.000156529301003097,0.000131168246193966,3.4215608234023e-05,0.0752468409543076,0.110280121726495,0.0287495758169056,0.294841519221439,0.196468526383877,0.101308842809128,0.326776661502826,0.0354643825947804,0.396395347722468,0.329143657752357,0.000152430839039936,0.000160856583555895,0.000134619755389648,0.000141738283911805,0.000188638787552609,0.00015506934536741,0.000151426612399518,0.000147208080957909,0.000185530928967239,0.000151181085650843
"chr8",33900001,3.4e+07,33950000,0.000119707098144454,0.000118080234140705,0.000102056448408685,9.89378978707856e-05,9.42207616658989e-06,0.0902647351906526,0.177072822313332,0.044119262276474,0.533132337894862,0.30060496908589,0.13697956280645,0.556489676228436,0.0586128787488518,0.658634327962158,0.582015200246563,0.000124895651398963,0.000125991431962361,0.000107396615341951,0.000179144825780885,0.000146788644917154,0.00011941233846327,0.000166365635228972,0.000100616151718487,0.000212002672058058,0.000178599595623557
"chr8",33975001,34075000,34025000,0.000152052053830987,0.000188364541473968,0.000153956506509617,0.000141237353540675,6.38519720731583e-05,0.0796079414281476,0.12769725043147,0.0269856336222853,0.405476469928926,0.238554849196017,0.102705062175154,0.357620214710962,0.0411052586315526,0.496226048702713,0.403063464223853,0.000178757021009565,0.000168761767382367,0.000144599131028421,0.000210730567622408,0.000214619298857732,0.000175572050967368,0.000210268876866487,0.00015017011638471,0.000236653872919325,0.000199496413617712
"chr8",34050001,34150000,34100000,0.000274597471802405,0.000299051545308688,0.000240173775557466,0.000239879881385225,4.91709975137059e-05,0.132765483791893,0.0843739114424747,0.0102874745789662,0.539374723268024,0.290435000788949,0.158248462567431,0.571425100942424,0.0421517819659694,0.612675568861623,0.54043600476089,0.000310266023205687,0.000265924820158555,0.000244483912779233,0.000438495829421561,0.000350037415766163,0.000299779295583031,0.000452876959086234,0.000239151513486685,0.000462297040536437,0.000401359955119975
"chr8",34125001,34225000,34175000,0.000231896525198159,NA,NA,0.000211151005169845,NA,0.0579792907573005,0.0881205990584872,0.00873791396431172,0.450023923563671,0.193246867958206,0.0817666229238613,0.460977719616338,0.0542593163659573,0.526199956838236,0.439867700486271,0.000245261345287143,0.000233352003044432,0.000216154196957935,0.000312018760971854,0.000269231421881041,0.000240739016555174,0.000313346428722257,0.000217322111450574,0.000328935270361557,0.000294360145658435
"chr8",34200001,34300000,34250000,0.000459125798441871,NA,NA,0.000355603322133599,NA,0.0427599123285115,0.0838081034379483,0.0125058348175512,0.520861974597657,0.16991753564515,0.0762082761191504,0.546522304746295,0.0430259132359317,0.614058025266373,0.536678087269101,0.000445633033230202,0.000433832957546415,0.00039188512886737,0.000680955373740569,0.000456651551935635,0.000403115943960606,0.000619180393192274,0.000366228471165562,0.000712719977100727,0.000597625014843343
"chr8",34275001,34375000,34325000,0.000216730713358571,0.000219535401282438,0.000180005029323274,0.000182214195404361,4.50607259082908e-05,0.118046624968132,0.092580802198248,0.0154932519627505,0.517838771477737,0.329121845115255,0.182914510764847,0.537326227854672,0.0464303569322902,0.653361302279468,0.561983654053864,0.000236374752832636,0.000206150849675881,0.000190236139265691,0.000337766844760415,0.00027475625474947,0.000231579593101977,0.000318309368981799,0.000179884203966602,0.000394305531853459,0.000327844213477925
"chr8",34350001,34450000,34400000,NA,0.000239428385919523,0.000207650243639294,NA,3.57952612127603e-05,NA,NA,NA,NA,NA,NA,NA,NA,NA,NA,NA,NA,NA,NA,NA,NA,NA,NA,NA,NA
"chr8",34425001,34525000,34475000,0.00019558827595563,0.000198824847055862,0.000147244875996941,0.000152415774393015,2.09513877793924e-05,0.165701428396988,0.0578349194209389,0.00926633341982636,0.57330997337669,0.305954960568459,0.185793459435765,0.532666164084761,0.0359776707754675,0.649192413015548,0.573532877352259,0.000225794883096627,0.000172888264935588,0.000164260516222614,0.000310627472846182,0.000234078350529196,0.000203375057913065,0.000266020558803441,0.000149255849334822,0.00030470223823753,0.000273614227208408
"chr8",34500001,34600000,34550000,0.000177486433696551,0.000178561877640528,0.000136985237965218,0.000146869094337669,2.60577210633087e-05,0.136081136528695,0.111416239140769,0.0155065218740265,0.526289781289744,0.332291911540599,0.149373866281707,0.499898910725378,0.0696177342332536,0.656135704740676,0.518933144927787,0.000203673028397413,0.000168441832709859,0.000157708395193384,0.000266912428890754,0.000225199091544784,0.000186539868014212,0.000228875408135798,0.000147789201638223,0.00028616831519603,0.000232611368070347
"chr8",34575001,34675000,34625000,0.000760681701694408,0.000354610756819565,0.000277045098942134,NA,9.1448309040742e-05,0.0943811284667893,0.0955265353757619,0.0823847212719424,0.16963149172254,0.139528901787037,0.113025453768845,0.198218671658394,0.0907937612362583,0.205618758879418,0.175878072230095,0.000739417358969692,0.000713602654693459,0.000722128692949038,0.000742850645231165,0.000719496659210668,0.000727454142519256,0.000747250078474346,0.000700422409723084,0.000721738862813084,0.00072975509936553
"chr8",34650001,34750000,34700000,0.000523297772707155,0.000461463926542712,0.00030822846738487,0.000394051710829179,0.000127635066491867,0.118079790514755,0.202075044745088,0.0209819599742673,0.549614727935721,0.378213963040653,0.167349872431058,0.53938511347402,0.146945131166358,0.705146148248259,0.56454131359296,0.000527087215736508,0.00047578400082016,0.000438335766990984,0.000825194542933008,0.000551399266344125,0.000480244025949693,0.000706775413167701,0.000386995613989646,0.000835656641320596,0.000725545645081564
"chr8",34725001,34825000,34775000,0.000447299414517991,0.000367567753661674,0.00030487459212644,0.000369245429985881,8.17167122734026e-05,0.0762411247068307,0.281418426766447,0.0176190975346482,0.441784706916713,0.331330113606493,0.0882084008991438,0.479485701252048,0.195058590015642,0.575839378927229,0.420630823483632,0.000428844415932394,0.000497819616605733,0.000403670002922827,0.000550633474488784,0.00047137952056236,0.000395213966930398,0.00048036565008529,0.00040684571886962,0.000554564168841782,0.00048776168279789
"chr8",34800001,34900000,34850000,0.000436455755277116,0.000365461694446497,0.000347768805313794,0.000358512142983561,8.70840093225169e-05,0.0913778113278534,0.198283251589444,0.0226972486626077,0.474195626281998,0.289574142719848,0.109650889223218,0.536345207587065,0.176963020979225,0.534738078863576,0.464210796601442,0.000422564489328255,0.00047005493935676,0.000391047432913688,0.00058912352005873,0.000473277759036179,0.000390112614308883,0.000543248692119486,0.000413819588697162,0.000572436332356162,0.000524717077594324
"chr8",34875001,34975000,34925000,0.000431051158617686,NA,NA,0.00035918873871248,NA,0.102224434839608,0.140237932076754,0.0071017571389634,0.515382137113646,0.337173028457408,0.114744892181114,0.554808228312066,0.126746200477755,0.651771651031719,0.520568907124974,0.000443837933976738,0.000405935496344646,0.000377164870765304,0.00067619253866163,0.000495863248891451,0.000408045945377142,0.000646207533157517,0.000364832757092428,0.000724784301250105,0.000601681739284684
"chr8",34950001,35050000,3.5e+07,0.000587033835979309,0.000500072950822679,0.000390283321456314,0.000457113168279254,0.000136645076393549,0.0984145430240073,0.194847044666469,0.00607633443190086,0.520977232723573,0.347863343780028,0.116730818592204,0.551517227956545,0.151728751772474,0.65381217774405,0.525609501722635,0.000566514311517572,0.000570880887242275,0.000498068270392572,0.000848700940344337,0.000627392585610632,0.000510702727905117,0.000749545752454119,0.000477899310687857,0.000880362393574293,0.000749485092191258
"chr8",35025001,35125000,35075000,0.000449186932480631,0.000378540649605359,0.000287980430001188,0.000335116438045543,8.44517797449146e-05,0.154024649705975,0.181721172307498,0.0228031485271874,0.589846129901943,0.354070972705224,0.17094742462048,0.629829346163351,0.0845796147205866,0.694085340430283,0.595762708509075,0.000450006088489743,0.000415770548289591,0.000375477024019484,0.000746487556310768,0.000460225648148519,0.000396911168601378,0.000675789839247318,0.000320575027970606,0.000737585383925827,0.000648078680359605
"chr8",35100001,35200000,35150000,NA,0.000306736057207666,0.000227839511227157,0.000283502149933082,9.01884638793359e-05,NA,NA,NA,NA,NA,NA,NA,NA,NA,NA,NA,NA,NA,NA,NA,NA,NA,NA,NA,NA
"chr8",35175001,35275000,35225000,0.000497731202389266,0.000402073042739251,0.000292322692690965,0.000343825880712019,8.71408854345879e-05,0.0977010544231892,0.233731181091212,0.0822151258221596,0.540650955493734,0.343617570378028,0.152583754347453,0.549137585185255,0.0729815200959404,0.682740495949093,0.560809128529994,0.000471306286290755,0.00047932857033607,0.000430410779227496,0.000719236387955791,0.000483739817486248,0.000414995291175776,0.000599288389648968,0.00032703177347445,0.000724156746586993,0.000611098811146778
"chr8",35250001,35350000,35300000,0.000635112045280034,0.000489827763852292,0.000379349243335786,0.000426907567033456,9.58946302851251e-05,0.102468580015543,0.185845444559039,0.038455546317924,0.51311212546316,0.368128515134093,0.177655953314386,0.549244015172311,0.0923065382896247,0.656141789034437,0.544836835747308,0.000595439811458038,0.000583319221327528,0.000520669106583323,0.000854419225288964,0.000630568735213419,0.000526037098823535,0.000729057289543005,0.000422265591800787,0.000835406681195314,0.00071236607307969
"chr8",35325001,35425000,35375000,0.00063366826713921,0.000523526852324244,0.000394401690270104,0.00045655634038676,0.000125805207303443,0.0484434904120934,0.243351587211772,0.0279768336859523,0.538605421664704,0.349644217067125,0.122046642898016,0.570966224647658,0.14540153367364,0.685053761486444,0.562594207304788,0.000578559709419763,0.000634109178987619,0.00052969925814482,0.000951192917050765,0.000646933509443453,0.000525815839617145,0.00083048507537799,0.000473232195266583,0.000967770619152126,0.000813791503205229
"chr8",35400001,35500000,35450000,0.000578080915840659,NA,NA,0.00042697660992111,NA,0.0403760656298485,0.278683208101102,0.0167640649730986,0.553108829442712,0.410045722963052,0.10104274505438,0.622839579040331,0.256331697155595,0.70386642613116,0.578813844828369,0.00050388529007975,0.000594272527721967,0.000484133665871859,0.00087343019100758,0.000603161992975676,0.000458271024367386,0.000769286672832507,0.000489767685536013,0.000855383093731269,0.000757119766755315
"chr8",35475001,35575000,35525000,0.000454801749873068,0.000299761168505439,0.000331340752671512,0.000824785220811599,0.00010593625270198,0.0785470407197673,0.231303131273346,0.00940797581246472,0.536971311140799,0.39773924399167,0.0946103779318033,0.644611276880257,0.261656167999065,0.627348904336559,0.535084413060836,0.000373913270374739,0.000478241149983912,0.000391498919540684,0.000671895106474441,0.000472270466089332,0.000341090183143529,0.000585281722447805,0.000444062389966347,0.000669386072359512,0.000595344492145326
"chr8",35550001,35650000,35600000,0.000447388156387361,0.000310847962817073,0.000283725842222595,0.000336937875802794,8.24566304977274e-05,0.107105481584619,0.162774267574863,0.016628009967393,0.503664796387331,0.3546862365809,0.113123825990976,0.565584203700932,0.210635377860604,0.641926447327462,0.513855753713025,0.000406834713988098,0.000413888229170931,0.000382915855135888,0.000617027209179099,0.000431996252632266,0.000350872626942169,0.000498420051147879,0.000377048520136822,0.000605887637992121,0.000529402068847983
"chr8",35625001,35725000,35675000,0.00054066066831736,0.000395530666377008,0.000346395972948102,0.000382661273074607,0.000134221021002299,0.144574738975072,0.0896723946242875,0.0080999084875721,0.474470668399383,0.357325537630624,0.198439965125563,0.492335360918906,0.0929989233119205,0.595226942696679,0.500589623990072,0.000529749083672254,0.000463154321648136,0.00044421376822986,0.000711189210870627,0.00054268009385048,0.000467030312108125,0.000556300175549332,0.000388780016087071,0.000672503066885442,0.000607425225059914
"chr8",35700001,35800000,35750000,0.000408453106038269,0.000359303859386224,0.000286910090033389,0.000255164066593046,9.61967075768571e-05,0.282583602123222,0.0554551320111504,0.0106489477034062,0.546986888101939,0.410253393180324,0.346899225525616,0.488379251735578,0.032389947524381,0.623298072739548,0.593288846109468,0.000510607072408625,0.000346150402207587,0.000308520970502328,0.000617808189853908,0.000508091882438667,0.000438992376375539,0.000470117537867703,0.000262212832340653,0.000583488835137221,0.00051120686745852
"chr8",35775001,35875000,35825000,0.000442632131693895,0.000420140975963241,0.00031732248389215,0.000314865114355885,0.000151022720810173,0.371475650989289,0.0757600300557515,0.00343192976476098,0.612326231118849,0.488548294337016,0.387407032249308,0.509731197661767,0.0476741626615108,0.683621886122599,0.620941192719526,0.000648429252226975,0.000383322117144545,0.000351392525519134,0.000833295077941159,0.000656248374167709,0.000560053901651643,0.000613252646866417,0.000310615486391884,0.000813607203332952,0.000705583760532957
"chr8",35850001,35950000,35900000,0.000614410844002543,0.000424716855750235,0.000380449435180705,0.00044360123944382,0.000147875070001046,0.190292201765016,0.176294021828658,0.00725591037410986,0.522160378289099,0.447751851358928,0.207596038438948,0.590701045992291,0.136498226980033,0.64220328101817,0.524678038056824,0.0006083429415455,0.000570063659385134,0.000506441127900283,0.000889830121169566,0.000676371059583448,0.000525973194424638,0.000747374052813692,0.000459402632120978,0.00084922677470388,0.00074577782672306
"chr8",35925001,36025000,35975000,0.000622892022434507,0.000422259041610663,0.000353399514628977,0.00107236547067598,0.000108425521356142,0.0861511904163645,0.279725816906485,0.0311807283431918,0.513392011309614,0.423168759733508,0.152630553573283,0.601057590963866,0.141838104790399,0.684493128255009,0.527255155122545,0.000544720781325526,0.000635345357682812,0.000527879298009494,0.000859876753674883,0.000617967025664592,0.000495576761166345,0.000720919696918806,0.000450616287883313,0.000860639755447226,0.00073604022947624
"chr8",36000001,36100000,36050000,0.000578709688651537,0.000442028626838212,0.000374598141729428,0.00108798755943841,0.000100471420541087,0.102551827252457,0.44165895017265,0.0709732250140406,0.558154979074178,0.469505372674068,0.125247720572901,0.611202230227706,0.218336090207779,0.666073377709515,0.49571477346144,0.000533955380510571,0.000799632679900053,0.000558236510424171,0.000895852891559846,0.00070690430941688,0.00051647168013479,0.000765794280282696,0.000543362812842523,0.000836690380477983,0.000766471139254292
"chr8",36075001,36175000,36125000,0.00152492617091117,0.000498649775687155,0.000489882430255835,0.000553376583522704,0.000157773551876033,0.102080054698218,0.119705321964878,0.0903989753696418,0.19178119106583,0.1765550241944,0.139783108203166,0.240860050277448,0.0841336570267118,0.20258734127966,0.183530764926711,0.00148488536543304,0.00145007499329303,0.00147118665859945,0.00150917964641062,0.0014498546341536,0.00146938911739179,0.00150632035012423,0.00142453318991316,0.0014644738547198,0.00148620179264486
"chr8",36150001,36250000,36200000,0.000651215021069614,0.000509222016231258,0.000459019387069773,0.000568640035665415,0.00024421000564785,0.116837211778602,0.433965747559689,0.0760166883964536,0.477559296373389,0.479069043982231,0.0896855581315675,0.516242198838028,0.249220477741499,0.605113040138841,0.408036237392772,0.000627862757280941,0.000922002221534265,0.000640717135376092,0.000919464738478896,0.000860637378039522,0.000575332931955392,0.000783152311537077,0.000663929060172448,0.000943406398470216,0.000784338346815531
"chr8",36225001,36325000,36275000,0.000574022281941449,NA,NA,0.000476489038423493,NA,0.144804654670717,0.442725287291005,0.0857644939843014,0.524539378783424,0.479220160858616,0.121270633549221,0.561644940765506,0.247840531834391,0.623588090858759,0.44642387694779,0.000551297558617676,0.00075540078860092,0.000555561101827582,0.000839590618208369,0.000652805493503696,0.000491411383687732,0.000668050593027289,0.000521777161690955,0.000693158710580274,0.000664792160936987
"chr8",36300001,36400000,36350000,0.00054877982149265,0.000413212904029629,0.000363100899930236,0.000465895792914764,0.000120216338859055,0.118971325550784,0.320656545928629,0.0294091536178405,0.516348652096126,0.439591826572784,0.143767171751993,0.579015296764924,0.191550755249547,0.634039513532191,0.483342188088736,0.00051958313203335,0.00062951037680591,0.000503752292185321,0.000788169916637537,0.000642959321394541,0.000495459616468701,0.000675477007363015,0.000496233479402437,0.00076856095254297,0.000683303309046793
"chr8",36375001,36475000,36425000,0.000607388023544338,0.000470821570491217,0.000400912772827815,0.000475193143760527,0.000140752216070712,0.117718488707286,0.28552198116922,0.0322943364655555,0.509212535074466,0.391388853276968,0.138763904892122,0.572230055894599,0.15635685654074,0.613196712715065,0.482135800477274,0.000578507693171269,0.000661824587226804,0.000534198477198056,0.000858130294580954,0.000655660754833937,0.000522338632035743,0.000753222531456147,0.000502199202667964,0.000798772246078525,0.000714091496403177
"chr8",36450001,36550000,36500000,0.00116047865960484,0.000375370276166851,0.000331896980118293,0.000427652215156305,0.000141054001410856,0.0802458651915803,0.10173859699227,0.0801999774969603,0.134320827142777,0.107571967516895,0.0893899270353255,0.164083431424273,0.0798092231616942,0.188949535428986,0.156849922063672,0.00112884887028904,0.00108175144370633,0.00110388004184048,0.0011285480948434,0.00108634567415522,0.00110921201964323,0.00113561453000475,0.00105972854492897,0.00108905098455306,0.00111017905516142
"chr8",36525001,36625000,36575000,0.00033960875707034,0.000278104083034289,0.000234647526655519,0.000308248687832345,7.77058454696071e-05,0.146170028250243,0.313448464496914,0.0649323962387135,0.61557745709933,0.438340471900009,0.200282319310924,0.663089422786937,0.117519507216583,0.718999982841346,0.598295767692157,0.000331382829560448,0.000379474584310793,0.000323188255577987,0.000636285065095052,0.000401268532411359,0.000339634860800924,0.000547331734394581,0.000286312416990735,0.00065369666381026,0.00058352702055532
"chr8",36600001,36700000,36650000,0.000354605069021425,0.000300121402955206,0.000152798109000898,0.000274654925198808,8.455088004515e-05,0.147572067193652,0.353299553716944,0.0445430063753319,0.538599177144097,0.455663299509598,0.176812904580125,0.548746946495184,0.187311116716243,0.75745036037155,0.546659392387737,0.000363452261597956,0.000349500425276856,0.000313402112822346,0.00055053315146886,0.000354050881350857,0.000325576305648213,0.000463877543582522,0.000245577886721016,0.000525212704230609,0.000474397199638297
"chr8",36675001,36775000,36725000,0.000372021086023421,NA,NA,0.00030576451888212,NA,0.0841225781213613,0.355167348532273,0.0216742417887658,0.51385217728356,0.453051146467136,0.119872180956907,0.564739068674774,0.247438414919146,0.750630269669668,0.517318462991593,0.00035362513146376,0.000375439168786133,0.000332760190886188,0.000541247791043773,0.000376679975609476,0.00033395907235973,0.000477829232560505,0.00029526672299709,0.000541510646426557,0.000483859417341173
"chr8",36750001,36850000,36800000,0.00041892413316557,0.000334664123323646,0.000252100962004183,0.000333133211171252,8.81911660146312e-05,0.0625816420243936,0.266420513242299,0.0256196315099399,0.482854696503876,0.43187163260103,0.139024342215849,0.540565769025927,0.187086369111951,0.6651570411024,0.49951540829647,0.000388500236980757,0.000428637313593542,0.000372115096398299,0.000561875693673696,0.000476253538288826,0.000376472867384789,0.000503097152538565,0.000345621478152455,0.000600516971167198,0.000511223278586957
"chr8",36825001,36925000,36875000,0.000468699423028827,0.000389881285734201,0.000361230331518626,0.000357635924166647,9.32991468129996e-05,0.0500510671304324,0.207161277616037,0.0518983859490574,0.524353024545547,0.285562691787173,0.121595973264155,0.587462062124456,0.0848593368133621,0.622760656750155,0.544307015435392,0.000429655111765621,0.000495889162946607,0.000411178139041495,0.000701652990283038,0.000488554079658936,0.000402903378134186,0.000646934524960498,0.000377347212609847,0.000728697766319542,0.000630090285741954
"chr8",36900001,3.7e+07,36950000,0.000520261423861533,0.000487819270323558,0.0003705838950714,0.000390494955471698,9.10376943969379e-05,0.0715974146643277,0.214458315787274,0.076055075019825,0.550125562056781,0.248777413520548,0.107349855376108,0.575684093892352,0.0555233280677388,0.66156466564246,0.579074869721814,0.000514781916859176,0.000527848953122127,0.000460120247516045,0.000804263063603276,0.000523032376570574,0.000456878120546294,0.000754014996748029,0.000382021646224058,0.000819179744268767,0.000715654391010646
"chr8",36975001,37075000,37025000,0.000499870882874787,0.000415793028382528,0.000315590766710477,0.000363078987057931,8.55649641327467e-05,0.088310095768438,0.160611229296863,0.0261668253442235,0.526112509454585,0.329625352768174,0.134318075523241,0.526767875696185,0.0723469528647991,0.678430065856655,0.556146780870007,0.000478162013674566,0.000456897079077189,0.000419543283266615,0.000706857834334822,0.000498862004347809,0.00042360381917615,0.000588241695924185,0.000347582389604343,0.000739444327203643,0.000620800713663476
"chr8",37050001,37150000,37100000,0.00038845750256604,0.000320581922501597,0.000245332050988099,0.000296600894579828,8.30314295811341e-05,0.151905947315214,0.164572853784628,0.0292993351694122,0.537977882956963,0.403352793028604,0.215345433713089,0.526109014182091,0.0590067453851261,0.675101555083709,0.553822716902232,0.000393705301801859,0.000352773633634084,0.000331696388307117,0.000581389963535765,0.00042778261758732,0.000370024173757501,0.000447007849798342,0.000272676771873022,0.000587669915604411,0.000508604770018441
"chr8",37125001,37225000,37175000,0.000391311962382914,0.000331748658259058,0.000250652150445679,0.000295889446744412,8.65023847912486e-05,0.0807265393431703,0.153773496186811,0.0320875781680916,0.440678520503908,0.319899611163137,0.149930524564471,0.464607664755979,0.0596304931513268,0.599042375282933,0.471879069434818,0.000382191120404526,0.000363396358800108,0.000341195279055122,0.00049466935721348,0.000402088349233706,0.000355338185873365,0.000426122602563101,0.000282845765719399,0.000493113178735013,0.000446556597682324
"chr8",37200001,37300000,37250000,0.000501823588407414,0.000499475644857154,0.000355117466958831,0.000390345465741966,0.00013241960471458,0.0704608333575637,0.109458244105201,0.014931973947879,0.545726554830115,0.242583740367013,0.0860125206012153,0.521418965662967,0.0824821348749473,0.654268511705514,0.542264108969011,0.000513358816963524,0.000451199211434442,0.000426936078353645,0.000802375614796796,0.00052448118112388,0.000458642938201999,0.000715899982991817,0.000386474105288966,0.000814644238408459,0.000687500221933357
"chr8",37275001,37375000,37325000,0.000450915456268583,0.000408001388351419,0.000326274173800468,0.00032646088054495,0.000106827504275733,0.0713805455225517,0.130479802276164,0.0342761617511064,0.502199066288234,0.23498029721551,0.104923836939665,0.494415496096456,0.041330780806625,0.603673786301199,0.518621955191439,0.000444067459797035,0.00042617606312979,0.000381480028942775,0.000637040453602279,0.000448997354961554,0.000386842660539704,0.00054751039997716,0.000326301432861746,0.000637015912175378,0.000535162492576154
"chr8",37350001,37450000,37400000,NA,0.000321191380072345,0.000239311082815309,NA,9.20234562946755e-05,NA,NA,NA,NA,NA,NA,NA,NA,NA,NA,NA,NA,NA,NA,NA,NA,NA,NA,NA,NA
"chr8",37425001,37525000,37475000,0.000456281907451723,0.000389185746381802,0.000363236607312906,0.000390855016234817,0.000101931399957227,0.0997362583387654,0.229159101199457,0.0207623444108601,0.455727881595191,0.211807625813844,0.0638925658468758,0.477210951932801,0.160401108195593,0.560515580462486,0.432741700330209,0.000453440507521033,0.000508968527419984,0.000418729864301946,0.000600402532782213,0.00045524483401843,0.000405186846945196,0.0005206050731512,0.000436220425652109,0.000631777977295078,0.000531342043653646
"chr8",37500001,37600000,37550000,0.000477359243880942,0.000431884491485834,0.000408425567382498,0.000398745869596592,0.000127054385964266,0.107560281933308,0.234170522466476,0.00654343024733102,0.511536318600814,0.19072877247406,0.113104012815147,0.526415962631415,0.22728220080017,0.556144310855614,0.504398058156988,0.000484893230066279,0.000549033959193842,0.000419511494306471,0.000706704265880887,0.000494124776140371,0.000446160067144881,0.000626211775074887,0.000498238794793841,0.000698417481353495,0.000633449058569021
"chr8",37575001,37675000,37625000,0.00046670926562738,0.000400961013464845,0.000401005082511201,0.000369959903221246,0.000100201060298871,0.0527361542144492,0.141419054805947,0.00627595310015823,0.477230680931302,0.205863889268511,0.0603614590670231,0.502470426399183,0.146364244343832,0.529103374331613,0.481100907141338,0.000442372429178333,0.000488517410755349,0.000403564914674864,0.00063843890950937,0.000485065829584108,0.000394152961386839,0.000555096753583555,0.000435615091782556,0.000638746023299643,0.00055680585360423
"chr8",37650001,37750000,37700000,0.000466692658568085,0.000428776429353638,0.000370183813556134,NA,8.33471104404497e-05,0.0673996152424048,0.0973853822221678,0.0119959389166558,0.523315432000328,0.188865720958382,0.0877273603133035,0.500940265651835,0.0769687349121551,0.590278961759129,0.524722936378481,0.000463145410672272,0.000443394699933063,0.000395209992482922,0.000683125153690809,0.00046991126559755,0.000411833120870031,0.000577680100137458,0.000377751344763483,0.000685642813209292,0.000585810128226192
"chr8",37725001,37825000,37775000,0.00041639174971494,0.000366014065780617,0.000339169811246198,0.000318355973891474,8.1765429881616e-05,0.0942522128250068,0.0611828383451686,0.0189045664209288,0.513869637027776,0.196680704632305,0.112346346222908,0.528183607700335,0.045415785210956,0.582054309737729,0.52832438846471,0.000411503396975071,0.000385857960634302,0.000354070074840788,0.000598880073266989,0.000417245901048367,0.000364436315847412,0.00051909367286065,0.000329632057392399,0.000615614989551606,0.000524758374455096
"chr8",37800001,37900000,37850000,NA,0.000507693339010544,0.000463254977831466,0.000426362579295464,0.000100566108210607,NA,NA,NA,NA,NA,NA,NA,NA,NA,NA,NA,NA,NA,NA,NA,NA,NA,NA,NA,NA
"chr8",37875001,37975000,37925000,0.000502879034279961,0.000438937257191423,0.000404653682530943,0.000364202180938517,0.000120468187395005,0.0772406604885976,0.0843266870317538,0.0318174500984628,0.541072960469771,0.190042293158394,0.11347433886263,0.548108429002011,0.0185638012559644,0.607197322760076,0.576597207250961,0.000480051251234259,0.000466450173372642,0.000416522486648929,0.000782561847623252,0.000484936511134203,0.000421203403635447,0.000676299225576245,0.000366302590961634,0.000796712215557698,0.000695826497193524
"chr8",37950001,38050000,3.8e+07,0.000492551963926883,0.000419132595505182,0.000341990143539208,0.000356444792562699,0.000116939401538788,0.0870789734873346,0.156302529268899,0.0424111333244155,0.532490458583147,0.195508798175659,0.102771887065953,0.529497093867453,0.0426485226434151,0.629002718293551,0.556978842644744,0.000467926010763381,0.000459809000890449,0.000411409498529922,0.000734878436808729,0.000432551831945978,0.000398234566760395,0.000617747999186282,0.000343335580497926,0.000717304721112147,0.000641668874185487
"chr8",38100001,38200000,38150000,0.000459229481633647,0.000418445511161469,0.000342555942320686,0.000877333959895422,0.000155422287145308,0.0735193443861592,0.0878559877481708,0.0156086096056764,0.569194121115097,0.157932614753073,0.0822742120121867,0.585937123432756,0.0410509593103943,0.645803234585419,0.584208947278289,0.00044601009741898,0.000416060090096575,0.000390953697848149,0.00078041735995015,0.000417967645533753,0.000391503145786261,0.000722392608784224,0.000346713440414416,0.000768952850397871,0.000695155377071493
"chr8",38175001,38275000,38225000,0.000505912321992225,0.000488029888784189,0.000389494431225703,0.000380251944827519,9.84602605437513e-05,0.0649566935681236,0.0792709685860253,0.0163990064250246,0.522506107341597,0.175736936441652,0.0983347685466405,0.51645603672207,0.0287601453498608,0.611824272515383,0.554715664520551,0.000510258273283273,0.0004651266082668,0.000427929066979053,0.000742093999094723,0.00050275535431054,0.00045375963825093,0.000671432652748149,0.000380099565951835,0.000755856374569722,0.000658275676750507
"chr8",38250001,38350000,38300000,0.000513905280990843,0.000466235714948833,0.000456484303996957,0.00039773067511535,9.69928580714882e-05,0.0561737519740033,0.0310999227312759,0.0104965801852456,0.515302292665033,0.0991167296112675,0.0756931659953972,0.503347205475867,0.00878990770821994,0.54777598796547,0.526306712676161,0.000505096436304556,0.000487451544931118,0.000442962881325797,0.000737140289269256,0.000497588367171314,0.000448698974318117,0.000639657526219522,0.00041844006857743,0.000760871728941822,0.000654515260395604
"chr8",38325001,38425000,38375000,NA,0.000524630790199422,0.000464265280393928,0.000438830092152284,0.000125691805168118,NA,NA,NA,NA,NA,NA,NA,NA,NA,NA,NA,NA,NA,NA,NA,NA,NA,NA,NA,NA
"chr8",38400001,38500000,38450000,0.000564310288673909,0.000610162403652938,0.000480084946603361,0.000444994194695875,0.000176824360857342,0.0760898413837893,0.0274540820243968,0.00890310651906715,0.6105551256745,0.129790284926682,0.0738045079821446,0.553330832778283,0.0170911461063183,0.645711946488337,0.611352265359969,0.00058886191251059,0.00049848506220292,0.000466528076850335,0.00105269832825387,0.000578223615333938,0.000518402229794893,0.000943169668019257,0.000437988461804931,0.00105147892729499,0.000917370932035235
"chr8",38475001,38575000,38525000,0.000395686818122749,0.000431803286922946,0.000367632442366834,0.00033075099504296,7.81332636522215e-05,0.0681204085006077,0.046943366727574,0.00923623254907895,0.607655781250968,0.13075340343786,0.077590869592725,0.566802683826375,0.0211022847856855,0.631243896613731,0.609140965276519,0.000412353283268304,0.00037477639190786,0.000337171999756532,0.000731449986170548,0.000427507325473736,0.000377880542755522,0.00065771433328729,0.00033486404818415,0.000746483543433324,0.000654617285324981
"chr8",38550001,38650000,38600000,0.000368111647535738,0.000387838499010882,0.000337276348350177,0.000300817714879231,9.27135079948422e-05,0.108662499171392,0.052806194760374,0.0147633981930077,0.564442885714119,0.188798586976228,0.119491007711819,0.514124057773312,0.029176493499691,0.608231187347569,0.573314573662671,0.000399035831451836,0.000350818336129163,0.000315884973397364,0.000623874286490614,0.000417222246644815,0.000358888341938069,0.000542465561407833,0.000310588388389269,0.000658066466690631,0.000560834886386511
"chr8",38625001,38725000,38675000,0.000430904144053478,0.0003973477773402,0.000345030196120426,0.000323231446731891,5.80712999736968e-05,0.117818829362711,0.0977771952179,0.0201398071462271,0.525204467474374,0.209610238951799,0.137000078330176,0.491655798037125,0.0421305632982523,0.589213000746196,0.53567444174721,0.000451128274105013,0.00041098099159274,0.000364678867769965,0.000620306763677902,0.000443241339815364,0.000394305943220692,0.000513486584438999,0.000335234755984093,0.000625856816244158,0.000534232709638058
"chr8",38700001,38800000,38750000,0.00056676049637308,NA,NA,0.000436361321036173,NA,0.154189438148718,0.210853266057197,0.0236466289202093,0.549710685747298,0.218320479999069,0.131111659647719,0.517788659422291,0.108275906258759,0.605286122116108,0.535732289384951,0.000592160740839964,0.0006008105088406,0.000489277438164018,0.000834790492310441,0.000555923275362332,0.000503806683816648,0.000656303855139319,0.000467396446722428,0.00080282040142623,0.000702072705290625
"chr8",38775001,38875000,38825000,0.000528996506535161,NA,NA,NA,NA,0.15253976276172,0.196250086271737,0.0466911362803006,0.542454449337445,0.287929641847632,0.182448531537562,0.521493799325124,0.0703132313211412,0.593361109858079,0.527511172489178,0.000566678651693107,0.000533602299730949,0.000463356069227455,0.000797474496666787,0.000561675087935327,0.000506235073579298,0.000671253089826682,0.00040471960391028,0.000719172237873056,0.000664567305655804
"chr8",38850001,38950000,38900000,0.000549116403861664,NA,NA,0.00043011826660993,NA,0.0886817237971045,0.223567405046567,0.0415798338112399,0.562004453427619,0.289445812620537,0.119082393666404,0.571816818058067,0.0936088996156369,0.649013578355477,0.558527721530432,0.000529434170131881,0.000571475468011667,0.000480095493251594,0.000867526495265011,0.000569853254565881,0.000482074069522792,0.000732955472011563,0.000435833593171476,0.000866866037150958,0.000756367517601197
"chr8",38925001,39025000,38975000,0.000505520708678277,0.000418268596093374,0.000332033848466037,0.00034984270359482,9.08270473996085e-05,0.062336929929021,0.218108320962209,0.0896295304932316,0.526553792799739,0.292401231129354,0.160882602296006,0.532543006658111,0.0417401393294801,0.646114287165946,0.567009056548632,0.000472755313809124,0.000501853176986557,0.000441992580698767,0.000747610037810319,0.000489011463745494,0.000430169991694792,0.00060658484046336,0.000339165555959813,0.000731227350307149,0.000650896587408104
"chr8",39000001,39100000,39050000,0.000455144117505547,0.00035754101369862,0.000274284690321001,0.000275738834069056,7.47109334475637e-05,0.119149761442352,0.152545055009296,0.0720811115443736,0.563184831459776,0.371468323822428,0.257377985552581,0.588184263613815,0.0229993733079146,0.689359261305489,0.62719304315134,0.00043330550915918,0.000394896037968477,0.000359592190727344,0.000711177999016689,0.000450542530874462,0.000390441878163309,0.000584713891547684,0.000259502862706759,0.000682679562782103,0.000594193761286498
"chr8",39075001,39175000,39125000,0.000666452885317684,0.000492150835660829,0.000435134176835902,0.000422465440257217,0.00014123024178649,0.162229931912858,0.0865312866718824,0.0245131143103164,0.495948142360351,0.379836540159974,0.277028441758489,0.540238502303258,0.0275436581901411,0.615180387364311,0.553193996994912,0.000657925918846409,0.000574177927083889,0.000522635547209468,0.000904255065104718,0.000694313787305732,0.000590005416830411,0.00074702378374861,0.000421884809817663,0.000883490369991164,0.000760776962148983
"chr8",39150001,39250000,39200000,0.000552205959940872,0.000441391876329091,0.0003598800662562,0.000364472604253659,0.00010457771298336,0.155895936222415,0.120668573349754,0.0350823399173353,0.592240671100382,0.350900395926221,0.235431695749761,0.607671027562617,0.0463166884430149,0.698963445719345,0.629402639074595,0.000543876391651153,0.000482583017955391,0.000437597466575091,0.00090830227225847,0.000554013047926786,0.000478201783207839,0.000744963145653256,0.000354755908053491,0.000895355267471179,0.000760661684192137
"chr8",39225001,39325000,39275000,0.000582527484698487,0.000458049209404884,0.000404187526963054,0.00040210657708632,0.000128007761135306,0.158336784776646,0.134810965011041,0.0485950904727325,0.510290706901321,0.378941023648464,0.249716183320112,0.529692499099509,0.0415260039885118,0.621755064956377,0.548851450473479,0.000593974408576183,0.000542341138806946,0.000489611108566378,0.000824213489368062,0.000653993880788519,0.000545443620964678,0.000686735544820926,0.000402103775479355,0.0008285618580924,0.000718181431106398
"chr8",39300001,39400000,39350000,0.000605602349866519,0.000390406717433096,0.000422388326889132,0.000436580393242911,0.000135277196614163,0.13515339082215,0.184807026949184,0.029814910244262,0.511245467219665,0.371015910419262,0.208132053705454,0.59026029630131,0.0740681711097605,0.593085687818069,0.52348715709928,0.000538248277154974,0.000599207143461236,0.000510869674902355,0.000853584232408435,0.000600819863439053,0.000493617493019575,0.000674155422989665,0.000446195507015688,0.000799461646098032,0.000712411415341469
"chr8",39375001,39475000,39425000,0.000636929703777896,0.00117106256292107,0.00120004355437035,0.000447579423710582,0.00109675056618486,0.108544591206327,0.208321001847838,0.0542292460223031,0.511940628881666,0.32982090980291,0.153891639430735,0.587929158186736,0.0845959417311056,0.598827361300041,0.519514743573719,0.000550662124736235,0.000626139986053988,0.000543796971559675,0.000874101545806445,0.000569361704191627,0.000477579718971593,0.000675952046991,0.000453979719183321,0.000787031607538915,0.0007192760198006
"chr8",39450001,39550000,39500000,0.00063460740665558,0.00048632797974862,0.00042415219584635,0.000464692526574633,9.15748793939354e-05,0.102305755566089,0.180364215202968,0.0550215941651389,0.526210757065802,0.326663438401316,0.165775316473432,0.575168686878893,0.0536350525459884,0.628857469714564,0.534703409092969,0.00059174153884201,0.000607874053611548,0.000551590231283021,0.000888679057600418,0.000624252110600195,0.000539646810185734,0.000740360523538023,0.000451384619947244,0.000841212678297478,0.000758480066855438
"chr8",39525001,39625000,39575000,0.000625754393541016,0.000464016365354717,0.000402493901205581,0.000455797283317908,0.000118012442966577,0.0975164565881836,0.215642502232802,0.0595974832022506,0.495308279178832,0.374861809296285,0.194996854136838,0.559253870890793,0.0566840450453716,0.629872804159505,0.52030987086722,0.000572083004685064,0.000618885540851905,0.000546830646117287,0.000833010057468307,0.000641441673412496,0.00054234238146927,0.000705311053380171,0.000438345981354137,0.000818322142405401,0.000724909804167458
"chr8",39600001,39700000,39650000,0.000615796112240704,0.000469613946828632,0.000409001203032977,0.000471821400375748,9.87870051065931e-05,0.087846257957231,0.240996573009118,0.0396472489626514,0.527855891641698,0.360031335293785,0.138670591728565,0.586857289589724,0.12514001012522,0.639588990493248,0.529095723806543,0.000565174581067694,0.000634735020266449,0.000541464365569555,0.000883868145441445,0.000632854710472216,0.000518749283963706,0.000761544854989033,0.000481331250716867,0.000867075001580414,0.000772679987086128
"chr8",39675001,39775000,39725000,0.000562118400102945,NA,NA,0.00108363315113595,NA,0.0656666937624877,0.236652446374545,0.00297639759349955,0.585815661623384,0.328880630973522,0.0638901977453545,0.642117162937629,0.224495655027394,0.690924509321224,0.597095426053963,0.00049027634988414,0.000556982538501329,0.000459378795425845,0.000921334521402999,0.000533883958090814,0.000419679736706508,0.000794410077448619,0.000474563178622924,0.000914813473248111,0.000796992002208484
"chr8",39750001,39850000,39800000,0.000462096843111291,0.000391486142889992,0.000319135266582036,0.000339481454922649,6.88131490292213e-05,0.111590215701435,0.217025782797511,0.0166528905478343,0.543875708026455,0.234909306375768,0.115219957935121,0.573184749352438,0.185635695785381,0.623563200007405,0.555732225921958,0.000457675230980408,0.000467521097219122,0.000385440899809216,0.000692816706445958,0.000430501476265726,0.000389493098330443,0.000606538813101683,0.000385019221796948,0.00065318252862952,0.000586189154005142
"chr8",39825001,39925000,39875000,0.000435125492027605,0.000370726796513775,0.000314883023847154,0.000339882315369807,7.34990336403919e-05,0.101142032234382,0.134003733572002,0.0302705097514624,0.478713377113399,0.229891048879915,0.0996695248411804,0.500064731630222,0.115471537276732,0.586245406613783,0.474770108180769,0.000433432303934943,0.000407899417094517,0.000382962917484091,0.000563973707821152,0.000419537770436338,0.000378336780143182,0.000487795774453016,0.000352139299917617,0.000565066010794754,0.000489759519881102
"chr8",39900001,4e+07,39950000,0.000582634001240238,0.000486292987618944,0.00042061207876628,0.000461841889086152,7.86684993162317e-05,0.0863852646143187,0.164847593201008,0.042516959600357,0.508001402492347,0.204799737783889,0.0755973068034208,0.532138408234124,0.098130844050106,0.603278069937175,0.501699947126992,0.000562984017346757,0.000571080987906208,0.000523774846604781,0.000778481339689476,0.000541949936643607,0.000496070043924598,0.000671471192446476,0.000472042328615623,0.000796334022171807,0.000698354506118148
"chr8",39975001,40075000,40025000,0.000517194525422019,0.000478845694934644,0.00038462513789251,0.000939566528943702,0.000103303598535048,0.110302006483836,0.229164237016321,0.0504126695266939,0.525549631361423,0.185607284659557,0.0749487049300826,0.522022224555317,0.0808726822551923,0.60496073700962,0.513927101347096,0.000536050654700082,0.000550643140157175,0.000458636665046156,0.000760223608789355,0.000500062738227385,0.000453330799263749,0.000676303115785995,0.000410971364489194,0.000757088780296122,0.000650624644492274
"chr8",40050001,40150000,40100000,0.000504871327456092,0.000425143131285695,0.000357052197651833,0.000408019737175994,7.56075270136322e-05,0.0744426533590328,0.252319175265656,0.0601940906394666,0.485554906483082,0.238985807979331,0.0686470903164963,0.513929029910923,0.0854645937152803,0.602984961314407,0.489391126768136,0.000484995203682773,0.000544326384594478,0.000466997355136251,0.000665242859755458,0.000485746314235737,0.000431808896406692,0.000573087227035394,0.000404066276778681,0.000677497001842455,0.000596995258360991
"chr8",40125001,40225000,40175000,0.000536089858339432,0.000424066351696038,0.000302581637635935,0.000417044860352526,0.000103732123848363,0.0888396896053038,0.324140561281711,0.069074619424237,0.486309144008089,0.309290868117162,0.0800530404063709,0.504202859623078,0.124714371451693,0.633091048183291,0.475256910378444,0.000507640378732604,0.000576314419264056,0.000494056497525288,0.00070455164322786,0.000488855919650095,0.000444428322372495,0.000577183766838939,0.000396825715591636,0.000654705736097137,0.000605831686822858
"chr8",40200001,40300000,40250000,0.000612374963267766,0.000446448100119726,0.000362141473334981,0.000459837063486947,0.000112310481985199,0.0791685585170147,0.242637297792412,0.0149433718039657,0.535532538830065,0.34504160174458,0.0890638488680328,0.612591323534522,0.153356516884001,0.675164223639454,0.535456609425419,0.000539299763762832,0.000595333744047794,0.000517232738137482,0.000897478439438577,0.000559738165475569,0.000472046966171148,0.00078518406611426,0.00046141921045846,0.000863696455369892,0.000765946460469745
"chr8",40275001,40375000,40325000,0.000505985991626136,NA,NA,0.000416743240963713,NA,0.147921203079584,0.309883276688595,0.0581220215051606,0.589730172788242,0.263535997145028,0.0774886202046531,0.5776842398897,0.148445109464819,0.636869515293897,0.541100904808272,0.000520827675537045,0.000591776104133912,0.000466029581831465,0.000854088550359503,0.000514411204670605,0.000442328620660718,0.000710420918836019,0.000440687971129788,0.000790121292828452,0.000716738481593311
"chr8",40350001,40450000,40400000,0.00041337770118006,0.000410185025796582,0.000418460808321811,0.000394126349782965,0.00010204053694594,0.170021443064772,0.289940818225738,0.0544138537063772,0.56783833551858,0.179150118036945,0.0917002911384554,0.497722632781627,0.135385440640957,0.549175024761904,0.497930379904819,0.000474128495989483,0.000563398618038279,0.000414035567846619,0.000685973385014867,0.000485164846139199,0.000428277082504853,0.000562476981533449,0.000450159377506372,0.000701136206707838,0.000620131029085045
"chr8",40425001,40525000,40475000,0.000563347438037044,0.000491699104062292,0.000456430465277576,0.000491122672674609,0.000152178292719633,0.161821663328861,0.267504983229609,0.047736698299755,0.554075682072291,0.202727256814034,0.0937191283013559,0.535537559031618,0.118602402871915,0.603650060172841,0.511583704819469,0.000593179078425078,0.000654450250499566,0.000529475630083294,0.000899251583710892,0.000559946754044996,0.000517182480926485,0.000741443961383356,0.000513881810352114,0.000903082129243218,0.000788317158719364
"chr8",40500001,40600000,40550000,0.000624823949900669,0.000505795627825767,0.000500625854854856,0.000503885977898052,0.000125851485347675,0.10462695685485,0.216913750742057,0.048697798684664,0.484338124233278,0.202518703747938,0.0823971534511881,0.499628846221364,0.0799608996188275,0.572755952652976,0.472329007691934,0.000607757167724027,0.000688232301499113,0.000571998284029064,0.000855580104227683,0.000599128282128902,0.00053185255720202,0.000689132791643496,0.000530477615090317,0.000880362349236607,0.000741875635807563
"chr8",40575001,40675000,40625000,0.000659264789268768,0.000574535821186626,0.000500978253058498,0.000506436801015948,0.00011984569393,0.079107601509019,0.138058717301507,0.0272270522786247,0.48092632764975,0.166205665359934,0.0691150559567069,0.457855975841469,0.0744133179533044,0.570957616337938,0.486303563245295,0.000651919052150716,0.000646752388465408,0.000576847426701373,0.000880633184667854,0.000615068854424017,0.000560273304216612,0.00071682377381065,0.000529067609484347,0.000872879910106231,0.000762864594484784
"chr8",40650001,40750000,40700000,0.000439105137096144,0.000451332500561232,0.00035168997040235,0.000341565682305335,8.41832604824348e-05,0.100667575713949,0.0927258411996568,0.0110752385099542,0.564912123477061,0.187215882346311,0.115071897340597,0.511013396582903,0.0412997985039919,0.615881932248645,0.569395038735473,0.00047182616265736,0.000411115901146503,0.000370340301953857,0.000713767470383055,0.000465884926784316,0.00042159438478478,0.000608264392802081,0.000343123377696592,0.00069401279836269,0.000626345020839496
"chr8",40725001,40825000,40775000,0.000318784762083175,0.000354085127789796,0.00031445767575559,0.000288356758539468,0.000107133123408566,0.0368196985341333,0.0859503191396465,0.0179602695302855,0.516385678130967,0.119279596201579,0.0476472920896113,0.497670584794415,0.0291297818382432,0.541410117359162,0.505179397684202,0.000332009280970864,0.000330015840519071,0.000294132575718906,0.000503644402845043,0.000360546933265856,0.000319542626746898,0.000492899261417424,0.000297137861654899,0.000535634581649036,0.00047660212056567
"chr8",40800001,40900000,40850000,0.000485325455818822,0.000480742687354316,0.00043364388292509,0.000407038137884252,0.000132590692059697,0.0487666695808839,0.110711585294795,0.0296765889072367,0.484164244643566,0.12686737457657,0.0517854193916706,0.4810047539174,0.0332738082035994,0.539544679475597,0.481071091396411,0.000489403656027871,0.000499782066837846,0.00044413650438105,0.000679432805985432,0.000503369032043505,0.000450504185961984,0.000636311944163232,0.00042070769387687,0.000707687187113159,0.000617630419770601
"chr8",40875001,40975000,40925000,0.00058983411105663,0.000505741495727298,0.000493981083213946,0.000468629304865141,9.55749181504826e-05,0.0689894582484626,0.0939527234161185,0.0246160907798648,0.496305304777016,0.14054296345643,0.0771557385267987,0.493396570094796,0.0269185301961459,0.547536239268337,0.499615956000372,0.000568505314651351,0.000578423798639056,0.000522926996036222,0.000790202810966927,0.000561247821168093,0.000510501331424176,0.000664683830750981,0.000478399756942471,0.000800164146311844,0.000707847185359541
"chr8",40950001,41050000,4.1e+07,0.000611109068269975,0.00052251448595402,0.000484228644834018,0.000477305602944837,0.000132436723550214,0.0728141568936166,0.0804404440425736,0.0146595903347399,0.477905631778032,0.154741516870789,0.08269763312408,0.468253063895999,0.0307920778487334,0.538559690405924,0.478534471829996,0.000590132490902697,0.000572684191683399,0.000530086497935019,0.000806007340365174,0.000567098660886342,0.000522325334138087,0.000677271212290016,0.000481030025466384,0.000795409320894181,0.000708160195722249
"chr8",41025001,41125000,41075000,0.000563843235637559,0.000481615380884403,0.000418120038086884,0.000430676500078508,0.000143548503201432,0.0697502973570015,0.14714939390219,0.0319489866414165,0.439383293324238,0.12846420476178,0.0465386192474093,0.463509895714505,0.0554214287922388,0.545739483690953,0.447914936165275,0.000546309589541781,0.000554556090646885,0.000495330924949916,0.000702233977337056,0.000493993198971657,0.000463416146799279,0.000622512932400444,0.000439205621213315,0.000706018210605791,0.000619096842823115
"chr8",41100001,41200000,41150000,0.000414257247487846,0.000411610787488951,0.000349151194390516,0.000356936212176296,7.03965796845054e-05,0.0888996308114341,0.191597929144116,0.020904316575245,0.539787161412821,0.165321779872263,0.0663511713691832,0.524644618251761,0.0968742290755414,0.601869573353283,0.532984481043332,0.000434131244567752,0.000448347265919738,0.000376398191327994,0.000637080322719843,0.000433562785411893,0.000392301845476838,0.000580417060125134,0.000374062690683429,0.000660583138794404,0.000589165748473082
"chr8",41175001,41275000,41225000,0.000446495332260809,0.000480653093982196,0.000425534836772833,0.000405033093666037,0.000144225976988822,0.159708418234477,0.323290272372421,0.0227894886941385,0.601525397222451,0.183444125599741,0.113774771535103,0.543049888039931,0.230619733335731,0.605899990835821,0.556682289937716,0.00051748582889687,0.000611048558015633,0.000412745038782394,0.00081880473366057,0.000525103621162336,0.000469293469658515,0.000734305811410701,0.000512625945966351,0.000846112797131921,0.000725596866509116
"chr8",41250001,41350000,41300000,0.000484150671519717,0.000547896021037442,0.00042928486277607,0.000446340798472777,0.00016123553388945,0.167288095679399,0.338234060008337,0.0365734491891966,0.64683256029159,0.235614027970939,0.112294172413637,0.564475966826262,0.201516480355174,0.662987346724034,0.593938745027592,0.000576166783329087,0.00063504317609305,0.000449560750950124,0.00100660146927787,0.000585961337096814,0.000522083103340746,0.000873910186806896,0.000514465881227781,0.000993829521001343,0.000882009650451124
"chr8",41325001,41425000,41375000,0.000581080470523147,0.000558121231572038,0.000457870141739031,0.000507475450471042,0.000150171899962557,0.0905090650827026,0.228205049528988,0.0185047605410556,0.504385315633215,0.172672942498125,0.063197306351303,0.480766628563383,0.136550306869346,0.575030419565708,0.484704956192177,0.000602950801785302,0.000638281529032715,0.000531942598218667,0.000843377021005517,0.00058158493704627,0.000544129805722398,0.000742740565237623,0.0005406903559571,0.000826571999198764,0.000764695824202675
"chr8",41400001,41500000,41450000,0.000496432404922943,0.000476725982533199,0.000383454146842032,0.000408182426307831,0.000110676414545408,0.152123369657336,0.228104757212848,0.0319038126562532,0.50801004339908,0.164060674871314,0.111403664195377,0.437130435821572,0.116215729494222,0.539768411190441,0.483591498089765,0.000552636587108659,0.00054326440936426,0.000447292145656328,0.000716132626906141,0.000491894182702095,0.000476630753709969,0.00057754931284708,0.000434295546409019,0.000638008096300639,0.00060593818343789
"chr8",41475001,41575000,41525000,0.000433168880051563,NA,NA,0.000879916825505876,NA,0.204103887939773,0.0715863133234613,0.0092298107276647,0.61382108571659,0.236111063639881,0.186071271855851,0.519187809653363,0.0372904124824001,0.622931070124108,0.595617972146187,0.000541509873691252,0.000409129958233438,0.000367048702349142,0.000830188579816384,0.000527380288960557,0.000472102171561253,0.000701008845453877,0.000355105931797169,0.000806784971518165,0.000699729035449913
"chr8",41550001,41650000,41600000,0.000405285166494039,0.000429681472635126,0.000377460645626508,0.000329245205366697,0.000118886900595861,0.122194448063439,0.0487635407435304,0.0219144319542063,0.551425577644745,0.199468060049105,0.168268324627493,0.546338671512573,0.0180294169668925,0.584927575530431,0.57220591928185,0.000451716910417427,0.000391328924538304,0.000350894119462889,0.000682047722507777,0.000476242309255811,0.00042399795645132,0.000651885600673456,0.000340195193124006,0.000701543854032761,0.000620915747618353
"chr8",41625001,41725000,41675000,0.000439371655781434,0.00042051544311026,0.000396115609242387,0.000361433730221533,8.77721126357881e-05,0.0721473149406085,0.0696848078978304,0.015860015260184,0.527982983839194,0.144932878305494,0.086067525497675,0.549343815253484,0.0316290779380076,0.578302715410259,0.546443438380998,0.000443479785193398,0.000431204203296912,0.000386734210160431,0.000672260437843783,0.000453812351944769,0.000405397585592892,0.000624931840509835,0.000374622092686972,0.000703527024271081,0.00062036610602504
"chr8",41700001,41800000,41750000,0.000660173088029025,0.000591712400831692,0.000500245005344627,0.000495111623168218,9.5898382471819e-05,0.0524100489441174,0.0799374361169821,0.0190780323037788,0.535374169077741,0.132326459325382,0.0474474882341769,0.545841318457452,0.0516025544564865,0.603495326800472,0.540169294817984,0.000636604388568768,0.00060224630969969,0.00056038612519733,0.000968454090335026,0.000597807974145349,0.0005451367187188,0.000851411740142817,0.000505630834397242,0.000936497338353532,0.00082260792038332
"chr8",41775001,41875000,41825000,0.00049479683041043,0.000447095004282571,0.000380560627837135,0.000377084130748562,0.00012411214661936,0.0549523199538617,0.116806017649513,0.0201496402684866,0.534688333149263,0.147700398926913,0.0361121960967906,0.545043107647251,0.065537346310134,0.618252728205369,0.52963982835644,0.000477248691427934,0.000469412459669495,0.000420067624765686,0.000765405948636462,0.000459741862650473,0.00040713608404243,0.000672536705589421,0.00038942873147521,0.000756140646969108,0.00064535563645682
"chr8",41850001,41950000,41900000,0.000463603231780045,0.000451259196586746,0.000437282720288825,0.000395253404344665,0.00012831987527961,0.0950134854198947,0.157997121242369,0.0363327438614733,0.50916549027983,0.155679719261559,0.070397020911016,0.50279933484253,0.0641000444590406,0.545315764451184,0.489782609732875,0.000479287641335877,0.000509776924110254,0.000423169989617704,0.000687578291572887,0.000497198642436218,0.000430062372466466,0.000626888762393625,0.000424494598810151,0.000719815993482051,0.000608641220401507
"chr8",41925001,42025000,41975000,0.000449972850195818,0.000391347388883944,0.000382921022043977,0.000380037509847663,0.000134676057487407,0.0571547405669186,0.111769897900619,0.021585627748445,0.539184706725015,0.131635885154469,0.0640362085949253,0.569271781587756,0.0431691693213094,0.595566453616895,0.541173392340675,0.000418929431989534,0.000446482535027093,0.000400314685645738,0.00071896072782778,0.000418477702650843,0.0003868470146322,0.000629150961537955,0.000381847704079833,0.000727105439219662,0.000645682427098887
"chr8",42000001,42100000,42050000,0.000455865000183157,0.000439340090173813,0.000432161619575372,0.000384598679122223,0.000101356945728226,0.0418871871547727,0.0602684702479002,0.0178352734806141,0.50056968614498,0.0953160606078135,0.0587645730695552,0.526947449858682,0.0201411405751143,0.558764398219574,0.522250648126936,0.000447869374039601,0.000454980915758679,0.000408014960468843,0.000647475192606937,0.000458854812275663,0.000416249638330034,0.000618632121794965,0.000399151502591722,0.000722408696648246,0.000618370366512754
"chr8",42075001,42175000,42125000,0.000504292732188241,0.000538721110536903,0.000435851073004062,0.000416689007909793,0.000113362638075483,0.0604368411293953,0.0785448210612624,0.022684556930812,0.54164060093414,0.121530913718882,0.0660925513252669,0.531183192151684,0.0355948965988606,0.592159831116121,0.544234335680355,0.000528836500211767,0.00048820127536809,0.000447124388939667,0.000779177690846552,0.000524679692685439,0.000481300274623875,0.000754954522524833,0.000423856368192876,0.000803602014929064,0.000708198075092884
"chr8",42150001,42250000,42200000,0.000310629534532975,NA,NA,0.000253269128012046,NA,0.0696651584500952,0.0695567307203864,0.0116094908022631,0.517933665212996,0.123665619880372,0.0680676272508348,0.527222482572041,0.0305748335621125,0.577264430482661,0.523011769379154,0.000314313854493707,0.000302099663532466,0.000270684302515901,0.000459957078631583,0.000311256355097843,0.000281333259251032,0.000412234719324139,0.000261991893284676,0.000481616581609417,0.000407692305209802
"chr8",42225001,42325000,42275000,0.000322603076487001,0.000325672785418006,0.000293005816015449,0.000273173265586019,4.74869180647975e-05,0.0723524378406861,0.134677117542445,0.0539949590803063,0.536293395457561,0.153772181241344,0.0915040265470968,0.544199652176873,0.038881665969281,0.596378310202919,0.548499167104096,0.000332937148591938,0.000339850317825663,0.000298923759708164,0.000491023097413631,0.000348710844902379,0.000312962460234004,0.000456807048013878,0.000282277076615533,0.00053414654225735,0.00046839007103414
"chr8",42300001,42400000,42350000,0.000283384196630488,0.000291291712799503,0.000275710646222361,0.000247460007543108,6.54913324011523e-05,0.0935980081024068,0.100961597815267,0.0169367630446915,0.486269502618902,0.17254865194962,0.0975186007492107,0.459879099243017,0.0508822463673054,0.534505998500532,0.478344431190544,0.000302505495477501,0.000294404724813266,0.000256076548211247,0.000395959056388629,0.000326074458622673,0.000283490691431427,0.000356653408230744,0.000262881584135969,0.000434276447594621,0.000365330358721531
"chr8",42375001,42475000,42425000,0.000322105200750031,NA,NA,0.000642567462695548,NA,0.119049005944592,0.0839901077324787,0.0289023068986402,0.522814349040583,0.157549496193114,0.112030736604071,0.511441067176738,0.0179789000459248,0.564913633964349,0.537731815174807,0.000356816814904159,0.000324670725281234,0.000282750860981004,0.000507102898662414,0.000360128729491017,0.000315217217558009,0.00046119514357536,0.000271936099234954,0.000524309334985937,0.000449089041517365
"chr8",42450001,42550000,42500000,0.000347266923811721,0.000340608890752645,0.000295666931034933,0.000288684478313994,8.97643383394282e-05,0.0691590136540746,0.153017115541768,0.0360916261064256,0.51124125003198,0.145050815837223,0.053019580478173,0.526928649931991,0.0593086015438924,0.582887967077683,0.513193783637556,0.000350278175789641,0.000360717856454216,0.000313192756513122,0.000536520773938627,0.000349956958232894,0.000312367889600205,0.000501728510733591,0.000296691723461741,0.000552044854894907,0.000473154150136395
"chr8",42525001,42625000,42575000,0.00027732172807522,0.000266721616603335,0.000263212520255099,0.00023772247063862,5.74324484384533e-05,0.0418673964430514,0.13110756997982,0.0270478460060753,0.462166882814197,0.134568045412917,0.040085485912505,0.500076084194163,0.0472096359401115,0.558831761295731,0.49677866344214,0.000274648313852988,0.000299186637300391,0.000254587076651269,0.00038229547541964,0.000291275055883733,0.000251456428602621,0.000370911180956984,0.000251756267331368,0.000444230094001026,0.000367754784343991
"chr8",42600001,42700000,42650000,0.000331313840597199,0.000333113920690185,0.00027136037131084,0.000269150344293215,5.1906929506652e-05,0.0447265233435014,0.106526546411285,0.0295416640172255,0.502697281018337,0.141211928997276,0.0594740254345151,0.515697823187115,0.0454541684247302,0.613842962232524,0.531859506744969,0.00033448434534479,0.000320840801516323,0.000294327521382855,0.000492523007563505,0.000333260223744239,0.000303805256168106,0.000456450242097628,0.000271228180645121,0.000531872066900989,0.000439420625277137
"chr8",42675001,42775000,42725000,0.000341658156883852,0.000361123410347086,0.000277677998943426,0.000263985175968856,5.37015222012359e-05,0.0622435079610611,0.0914210634841512,0.0253738178038151,0.544241692479223,0.163973080231262,0.0835800920431391,0.539387749908319,0.0369492944398832,0.641293063996167,0.571652302666682,0.000354275122305948,0.000322847304694205,0.000291608656950443,0.000543928684247134,0.000357531762880101,0.000317676237690014,0.000509578472335163,0.000265781164800648,0.000584255346560032,0.000490367544711701
"chr8",42750001,42850000,42800000,0.000396234549181501,0.000369619505853981,0.000331761081529156,0.00028916167765022,6.84978567436561e-05,0.0748601432118492,0.0799044319761607,0.0283487864017924,0.536808134493344,0.125225647958711,0.0632760390762333,0.513486105139069,0.0256039991504364,0.58787130005115,0.545637026395311,0.000396141152622345,0.000378919007110271,0.00033305289123072,0.000606059233783701,0.000380549794714711,0.000330885372775237,0.000512429111730256,0.000302577879612077,0.000606114264074272,0.000509788952036014
"chr8",42825001,42925000,42875000,0.000400195567721534,0.000384411496846165,0.000397980879031495,0.000343790869003274,8.74471302863264e-05,0.0676287301073427,0.0597090269406571,0.0195164928812301,0.532181164421198,0.121563766827483,0.073981886895067,0.528097711445562,0.0167659743101014,0.546981483119487,0.526706460726737,0.000400162854004731,0.000404671526516545,0.00035944042944204,0.000629344264198286,0.000424236349773438,0.000372122061540422,0.00056881813071374,0.000360779346140383,0.000665355531978889,0.000577566576153563
"chr8",42900001,4.3e+07,42950000,0.000316853226218205,0.000292992282535825,0.000285937520162738,0.000256742355574409,8.09672735860484e-05,0.0552182240115865,0.0692931520792265,0.0145725590631581,0.497144901892624,0.130807119654323,0.0699468293206335,0.511372443937413,0.0188358335921558,0.533077418797504,0.508919973268283,0.000309945235760791,0.000312033289892484,0.000277606658027146,0.000467855847790568,0.000317574904895888,0.000281318700582272,0.000430309891564364,0.000266223152801755,0.000471174603210708,0.000421277948278679
"chr8",42975001,43075000,43025000,0.000376852792437423,0.000338724302889634,0.000314534732136367,0.000293615511039251,7.12843518580866e-05,0.0315560210695216,0.0955535743880231,0.0276251311121508,0.487398138934483,0.108738750141704,0.0365067104807997,0.491054822429895,0.0325806858063036,0.548436436827912,0.505456045521871,0.000355470061768481,0.000367673713507781,0.000328911864518579,0.000523040929625132,0.000351672822987019,0.000314116123078956,0.000462979538340252,0.0003031576675674,0.000532098874284539,0.00046256031635554
"chr8",43050001,43150000,43100000,0.000317902013796707,0.000321554546941225,0.000315081217024759,0.000282991354509396,5.92768539678378e-05,0.0801651925941925,0.0837199633210869,0.0232988378879086,0.53749418032039,0.0897873824408042,0.0638151565882918,0.499607150441459,0.0315872603032572,0.547876872757367,0.532234928960177,0.000330890093278341,0.000331252161260402,0.000292485272993547,0.000502050418286154,0.000338252208168576,0.000307332543766308,0.000437240091637614,0.000297217914230355,0.00052527375261183,0.000458118137752639
"chr8",43125001,43225000,43175000,0.000555479858374921,0.000530425955812846,0.000502248687539395,0.000438728334198053,9.03620453290985e-05,0.0853207703785353,0.111808443100744,0.0392048400181405,0.532686023414567,0.0825793520239382,0.057807328656013,0.526399311223938,0.0263377263206508,0.569352113146445,0.54106793734023,0.000570333958653065,0.000573933995155949,0.000493554432359255,0.000812266958334771,0.000538276450599096,0.000485435185787918,0.000722890917694353,0.000462769975993291,0.000839675508689139,0.000716831247184857
"chr8",43200001,43300000,43250000,0.000539070771479215,0.000493859308462279,0.000441099845610872,0.00039865091901784,9.44709979565512e-05,0.0500733958790649,0.0714482559617863,0.0292176135951977,0.480145038986803,0.124000564040482,0.081750930469747,0.465000850010571,0.0215248180256112,0.544461073531335,0.51781608556156,0.000528602910513545,0.000509356690927451,0.00046065712342017,0.000702787070134271,0.000512969344171146,0.000463054161748021,0.000606679909454113,0.000413696531227652,0.00070590672268762,0.000632928759421252
"chr8",43275001,43375000,43325000,0.000492742788089202,0.000453963041166794,0.000417735974670483,0.000390712280988414,0.000136944159268426,0.0518721144249368,0.0731263973319016,0.0260819618771251,0.449432058829885,0.110400011416893,0.0602958031162758,0.449059065844522,0.0273401977174488,0.513453686198709,0.468324182768393,0.000480526290773718,0.000472942372349811,0.000433493883346728,0.000657296915941461,0.000468997137584262,0.000427796438891963,0.000581725737991032,0.000400128793097396,0.000661792898439109,0.000593451036308537
"chr8",43350001,43450000,43400000,0.000332610240476613,0.000328956742720583,0.000310281377933119,0.000285844905200225,8.01251932454357e-05,0.0999099864220969,0.0791034409460836,0.029935684937389,0.537318758051733,0.162711887707134,0.107289017089126,0.531236532169517,0.0234871274404975,0.582465911136065,0.540876141507217,0.000346449605311699,0.000331651599718751,0.000300310369927529,0.000526146632647142,0.000359803226755989,0.000322604191012597,0.0004737462338242,0.000290185946128452,0.000564422962721048,0.000490710987490375
"chr8",43425001,43525000,43475000,0.000331703727890314,0.000347924478123543,0.000333302881898274,0.000285687655965393,6.5542639356286e-05,0.114989942209451,0.0615252633253343,0.0192677424902695,0.545790302179146,0.173956359890457,0.138008998283524,0.53986338614554,0.0139376293971813,0.594763981752908,0.577466743720804,0.000361385906614668,0.000336043172771129,0.000294811045856561,0.000547178310018114,0.000387843777285667,0.000342582962917363,0.00050189006551334,0.000296548212433015,0.00060714275836672,0.000525071543126904
"chr8",43500001,43600000,43550000,0.000327424992364804,0.00032588676726329,0.000322867837373627,0.000285460443043998,9.13404177347397e-05,0.0657947444974776,0.102449380822585,0.019810224049959,0.458650187853269,0.165664823603532,0.0800394620332477,0.494700557171977,0.0509265061456025,0.529955152528664,0.472089075103562,0.00033584826409946,0.000348139901496119,0.000299427063623338,0.000456230297742759,0.000371166474702233,0.00031706063970099,0.000450351002934053,0.000308511084152907,0.000521574237649683,0.000431884973153314
"chr8",43575001,43675000,43625000,0.00021697282915167,0.0002288968398233,0.000208996378133815,0.000196242432065951,3.94276681792713e-05,0.0745224050479362,0.0831040050502078,0.0125892468498907,0.42566601659238,0.151262184525686,0.0657745737589607,0.431257588480326,0.0502086167244675,0.494088722702114,0.4184379379056,0.0002338225834222,0.000226716009894723,0.000202491038976716,0.000273430121078604,0.00024939999355305,0.000219713678617532,0.000268299524980575,0.000207671767604771,0.000303262773005954,0.000259629450709914
"chr8",43650001,43750000,43700000,8.03434838177631e-05,NA,NA,7.51549487273979e-05,NA,0.0591022228381397,0.04067696682728,0.00858870821717016,0.422987953348575,0.0865855716769133,0.0593806134592833,0.384108137813893,0.0151898151861088,0.440905449740847,0.42489809771876,9.12983081466262e-05,8.67121891589623e-05,7.51490637662211e-05,0.000106576956814869,0.000102335201154772,8.88396029834213e-05,0.000108752369655358,8.16117970916219e-05,0.000123124575866911,0.000104600410658775
"chr8",43725001,43825000,43775000,5.94882185693786e-05,6.35311242503648e-05,6.90623830408557e-05,5.99581402288641e-05,9.26389120486169e-06,0.0181961017081843,0.046917667197579,0.0114122433066865,0.335205177497678,0.0708684536720113,0.04955181957262,0.368293117572986,-0.00105100502002468,0.360372316771961,0.352396067653056,6.08353558985292e-05,6.5941698493622e-05,5.91954737663859e-05,6.36284690068444e-05,7.07159100258109e-05,6.43790666612761e-05,6.36897340278107e-05,6.35852325154397e-05,7.21893626603125e-05,6.55986536718721e-05
"chr8",43800001,43900000,43850000,6.4671062376571e-05,8.88014818128642e-05,8.33373311687207e-05,0.000133311349141356,8.21101379071347e-06,0.045105823427247,0.0676298315069207,0.0225794564534699,0.479107434980218,0.0929438343504965,0.0635222136812336,0.392925762904766,0.00465434455530019,0.457153733436712,0.449818769251084,7.7367163738103e-05,7.61239067719292e-05,6.38381699225946e-05,9.19641673526424e-05,9.31468498187079e-05,7.98137067769215e-05,9.3164160162818e-05,7.24575892394084e-05,0.000108017874839275,8.95434249585772e-05
"chr8",43875001,43975000,43925000,7.72894666523487e-05,8.05836414797506e-05,7.50005861216907e-05,0.000133844681425842,8.053240658254e-06,0.0417355407796494,0.0781003515477379,0.0157483175262004,0.445824952507682,0.117822350814486,0.0492970140456095,0.421137965943506,0.017155089634387,0.49286074118186,0.456700574047855,8.11396308747252e-05,8.08055132540854e-05,6.91319775515546e-05,0.000101183744865342,8.5802533453379e-05,7.34215899105695e-05,8.895444836282e-05,6.90592920971268e-05,0.000103457496024697,9.02974866649898e-05
"chr8",43950001,44050000,4.4e+07,8.51813212949101e-05,0.000106469634248727,7.9795060014099e-05,6.93020702560962e-05,2.43176235344487e-05,0.0759201211503951,0.108993500179905,0.034310337317214,0.398784046214433,0.158130701234261,0.0949366931957514,0.335848692590778,0.0203707282179011,0.520416521073908,0.457603210570684,0.000103004195790672,9.10746012151389e-05,7.73182149944425e-05,0.000113037744193836,0.000106826248703919,9.21254766141375e-05,0.000108604735026086,7.44094952863395e-05,0.000126702626300204,0.000104278445315562
"chr8",44025001,44125000,44075000,6.93729827964095e-05,8.34546346683297e-05,7.53221566862941e-05,6.03210155560651e-05,1.40010294441123e-05,0.0561014686181391,0.0515534474824903,0.0322634186238608,0.402775852140246,0.053342178423214,0.0449168009387549,0.387766107305226,0.0166069121194502,0.449849490182912,0.425037414323707,7.85173950683005e-05,7.41901218934442e-05,6.45730855125694e-05,8.66557760118374e-05,8.14935438996755e-05,7.19606010445528e-05,8.81647880889868e-05,6.73296160442739e-05,0.000100473273566552,8.1837443092866e-05
"chr8",44100001,44200000,44150000,3.94583362732803e-05,4.35023619551651e-05,4.56034577870924e-05,3.78408825811403e-05,1.1947892241802e-05,0.0962242967760173,0.0203663201964704,0.0184374993494919,0.530255562153101,0.131875904315051,0.074122061371481,0.551167298185256,0.0213012812384721,0.568299511433802,0.553372935523408,4.17089921799392e-05,4.02228952234108e-05,3.63237575703669e-05,6.77212970865191e-05,4.75792411636156e-05,4.00201102327364e-05,6.81322687700453e-05,3.98531262249191e-05,8.23300659374418e-05,6.89479259811485e-05
"chr8",44175001,44275000,44225000,6.89501324352996e-05,7.63639820739527e-05,7.81324605648109e-05,0.000125404480401089,9.36916072321499e-06,0.0846028576912046,0.0554458010178962,0.0516969442511829,0.433912505492039,0.105251249950059,0.0883449078834131,0.444963357260152,0.0126097156002341,0.494524164971427,0.515806570556134,7.65378488142765e-05,7.51110093685253e-05,6.54446281389509e-05,8.70258296119451e-05,8.33839641204139e-05,7.1212760960003e-05,8.27548002755296e-05,6.68824762240281e-05,0.000103651477991,9.06192676278403e-05
"chr8",44250001,44350000,44300000,0.000125098405723368,0.000110079608264821,0.000120748368483587,0.00020866075024398,1.81073197682137e-05,0.0502165044961682,0.0591713785989901,0.0295465704613602,0.44201818873033,0.0832616975001449,0.0556355074484968,0.470417627629491,0.0125453098286577,0.51438501723801,0.499533310157552,0.000120935139986957,0.000127503258263453,0.000107464772186095,0.000154076970903139,0.000121925595908902,0.000103236992109277,0.000132855362066393,0.000103462002628501,0.000169776527107493,0.000142446164330068
"chr8",44325001,44425000,44375000,0.000137064403396334,0.000118169535432166,0.000135815858275964,0.00010205909153923,1.44752589663307e-05,0.0775524051134577,0.0637105721584988,0.0205498272274627,0.471471168902562,0.102721647734,0.0662589041994208,0.505595349955491,0.0212902357146594,0.497985745427131,0.501878165192031,0.000134486178961838,0.000141594389262992,0.000116161170687586,0.000176922025151945,0.000137312691111704,0.00011318055390648,0.000153295678705359,0.0001160879265405,0.000183046697142921,0.00015648287582616
"chr8",44400001,44500000,44450000,0.000222109788501467,NA,NA,0.00018339777613002,NA,0.0617047069955642,0.0575365605943634,0.020146309501896,0.469077487730065,0.0718779307588967,0.0539669706454173,0.46326284928308,0.0157507542120785,0.476942554428233,0.471906877768538,0.000230102248774205,0.000227016092791259,0.000200251060210145,0.000290211701213954,0.000229963901537914,0.000207548353858182,0.000268037976053285,0.000197788471763864,0.000298535074356323,0.000266943796311145
"chr8",44475001,44575000,44525000,0.000257091111540069,0.000239497090735541,0.000259732930203116,0.000209499931049242,5.13806523521363e-05,0.0699979611086945,0.0298951331873577,0.00494426677623277,0.473697524326602,0.112498466194991,0.078057420743329,0.506274210735004,0.0074320023874529,0.503405712258214,0.491414223703067,0.000259820450604261,0.000260270462608432,0.000226135916584527,0.000353743862275394,0.000275884137771345,0.000237288625566634,0.000331758065043533,0.000228393563616086,0.000394031756452448,0.000328621172253573
"chr8",44550001,44650000,44600000,0.000248663083541754,0.000239619411639579,0.000259369444879388,0.00019993334794155,4.79035057048864e-05,0.0732376015660513,0.028483269188362,0.00960424928687936,0.404694538390151,0.098473385006998,0.0830114778388833,0.409043431468258,0.00357229953644041,0.42996737650613,0.413025072260066,0.000259615412363532,0.000254929610556314,0.000218352759167209,0.000301086760818521,0.000272413716649505,0.000234513159732793,0.000270145318703625,0.000222879341284251,0.000327214043472106,0.000273316343715004
"chr8",44625001,44725000,44675000,0.000259398347446811,0.000275139116775094,0.000264895285892418,0.000210078532745223,4.3904273312419e-05,0.0458978848361844,0.0427047464680054,0.013472473853462,0.453473709360239,0.096515352563524,0.0691967461703131,0.475709654680506,0.0101111506573038,0.479962099675676,0.469156024587786,0.00027306977459225,0.000267386724046458,0.000229176902491913,0.000335653654825373,0.000291133728536035,0.000250416179852472,0.00034505427951245,0.000231990077400548,0.000366499600055373,0.000313435180374838
"chr8",44700001,44800000,44750000,0.00028478865276142,NA,NA,0.000560929452933834,NA,0.0515040084171738,0.0437187479711554,0.0110064560252964,0.523334100446608,0.0707625484239432,0.038956596418291,0.515927920464507,0.0191291651499704,0.522887139555766,0.51538250002193,0.000294113425815244,0.000291423037237303,0.000253312991952639,0.000443038084109437,0.000303773361025481,0.000263368159249868,0.000416030146976455,0.000258899120157284,0.000452927979656636,0.000395095997552223
"chr8",44775001,44875000,44825000,0.000353244448399842,0.00036746418965277,0.000340845518810203,0.000276358651353103,8.01305717663774e-05,0.0504362917490746,0.0289950369677495,0.0149467801375399,0.549018688954735,0.0480081835669324,0.0455644755083047,0.51853151256439,0.0145692095609931,0.541198073206608,0.550881132649837,0.000361486465733378,0.000342740373888892,0.00029984882756096,0.000566131270823911,0.000357513785194986,0.000316516621106246,0.000520722363191475,0.000298696768151109,0.000560946366486131,0.000497110700944378
"chr8",44850001,44950000,44900000,0.000315224042833156,0.000317450948909904,0.000303195187930908,0.000264972670694822,4.32225649375605e-05,0.0676991267559469,0.0211159152671079,0.0135650629816871,0.573051128390219,0.090737792723869,0.0700188357448064,0.57432553920943,0.0118354307661809,0.585648612034816,0.575088033262216,0.000320018605365529,0.00030126716429688,0.000275445692958392,0.000509250509466634,0.000324357219752999,0.000293388367772919,0.000479397743057434,0.00027324772079285,0.000534287821771064,0.000470232542695293
"chr8",44925001,45025000,44975000,0.000386205241438884,NA,NA,0.000284004511866414,NA,0.046822296827985,0.0762237199844021,0.0253309824006272,0.504006176837718,0.129877666584308,0.0708732921835448,0.527502130500013,0.0178245562704582,0.583696239022427,0.524409058024338,0.000373465352064467,0.000357215708629721,0.00032657487065873,0.000539950446084861,0.000357148616645134,0.000323865179942956,0.000506884313257021,0.000285995671475291,0.000543535284078805,0.000474346878285073
"chr8",45000001,45100000,45050000,0.000401066386143448,0.000376451628261674,0.000336388100002358,0.000307227417016393,7.40778726393404e-05,0.0670867686156435,0.0767859001054608,0.0186306453502332,0.520807478374746,0.134164044778708,0.0653137993722786,0.513909686135062,0.0210594493871555,0.573321418517467,0.530622959613687,0.000400552440396872,0.000384529058904368,0.000344187112312806,0.000587443299134592,0.000390998195371279,0.000346718848626363,0.000525266958295085,0.000315342934709607,0.000590364261573814,0.000512229510954048
"chr8",45075001,45175000,45125000,0.000441455855590288,0.000429637818717956,0.000387485332446031,0.000351037343846291,6.16035693423993e-05,0.0690255782795949,0.0700652523517465,0.0150978937641098,0.506776857491688,0.132073768226337,0.0760587766633087,0.504205057156629,0.0334097610986068,0.549732265291548,0.509448379790816,0.000452319687377726,0.000430272891241233,0.000385716264468978,0.00060989941600093,0.000450516071063905,0.000402147315971413,0.000563393977292347,0.000367783603643485,0.00061985930725439,0.000536814365127305
"chr8",45150001,45250000,45200000,0.000355894409728763,NA,NA,0.000282703927607543,NA,0.0749664323991746,0.0787416534496943,0.0261101198960751,0.467531557842559,0.129785065998048,0.0912853072107804,0.475782238594126,0.0283018149351848,0.516601571924408,0.486000835166105,0.000381271158803986,0.000353981879963892,0.000313451046169315,0.000478311712183847,0.000382412165230022,0.000340410458671794,0.000479213321445871,0.000298388302343875,0.000494177686004035,0.000427795788386504
"chr8",45225001,45325000,45275000,0.000503437754073656,0.000480255814887225,0.000412928681678391,0.000386598369375682,8.52486414320508e-05,0.0445258975837537,0.0553556875695061,0.0254027608480921,0.536653351418972,0.0996842036355152,0.0624820567255822,0.553770146636762,0.0169578975459756,0.593070494530487,0.564989285504507,0.000493913031674017,0.000465812422419536,0.000433448793337362,0.000751997059866073,0.000470263232290564,0.000433958832929137,0.000714351412916765,0.000388993873186023,0.000771829017735922,0.00068835072479124
"chr8",45300001,45400000,45350000,0.000437013742630257,NA,NA,NA,NA,0.0530986128678645,0.0557085839887285,0.0191225692452824,0.520020638514065,0.107450362730124,0.0571767545188607,0.519216054892025,0.0195485560645202,0.555822251681644,0.528728533947866,0.000422097838936296,0.000424986725600917,0.000382886894375725,0.000636886769025253,0.000423374748630428,0.000378028479498965,0.000558671409298799,0.000363997869192147,0.000664770292141927,0.000582476457062652
"chr8",45375001,45475000,45425000,0.000545717017621937,0.000497569234585831,0.000482059048567447,0.000398024075791562,8.30912952706046e-05,0.0600985377193603,0.038047593885504,0.0126270015506953,0.541085330494517,0.105153364709895,0.0721196779823751,0.525152480072461,0.0141473004563195,0.561520127180627,0.552633982223955,0.000532671005180545,0.000514291852268861,0.000450830853840361,0.000818502639176945,0.000524343169303443,0.000456573231404904,0.000682489532702974,0.000426245995532227,0.000814397492834659,0.000693253614458588
"chr8",45450001,45550000,45500000,0.00047443614550405,0.000475227966206325,0.000406840981986312,0.000353951526961484,0.000140478034958707,0.0561428432199312,0.059113885867676,0.0268764365840345,0.561522578816822,0.0795957555428987,0.0496986430215612,0.535043210092198,0.0104876656122779,0.584542613011902,0.563341367895571,0.000481535487081517,0.000445634399976746,0.000398018287391992,0.000792564884225254,0.000455438570786273,0.000406581649511241,0.00070574555574837,0.000365050553690788,0.00077978175314317,0.000671370179449667
"chr8",45525001,45625000,45575000,0.000428910349239747,0.000437827130237218,0.000368902165544127,0.000330475168816702,9.18202479652128e-05,0.0385477185093268,0.0454083805866456,0.0123158805019308,0.492801829889753,0.0734106403993034,0.0398088364406162,0.486602351141135,0.0214753134942543,0.538016056849385,0.518217620422881,0.000434978042233541,0.000402669356983005,0.000365999794279782,0.00059631017614462,0.000418584326085848,0.000378408715117366,0.000569581293396496,0.000343108453063289,0.00060889285238454,0.000539562114412129
"chr8",45600001,45700000,45650000,0.000563697209775144,NA,NA,0.000396436075035407,NA,0.0424472290124693,0.0848505998919218,0.0190715603429017,0.502922994603436,0.141475528301875,0.0669356300341755,0.50161810633213,0.0268191205208074,0.600580304172593,0.539845075754716,0.000545106486653097,0.000505477672738293,0.0004627491285546,0.000769555096122545,0.000508425030785035,0.00046278528061096,0.000676015068454278,0.000393821265145615,0.000754782343429069,0.000668804253030494
"chr8",45675001,45775000,45725000,0.000500722318952432,NA,NA,0.000360140111645867,NA,0.0505079592878556,0.0620229427975573,0.0214502557170066,0.5350605769908,0.107375488340908,0.0607310503779157,0.536777596413146,0.0212509575459896,0.58207853816315,0.550776651916273,0.000472017714150222,0.000460656123015491,0.000416840499647664,0.000717119060784615,0.00044378691703163,0.000399972571173506,0.000610835305578553,0.000371342541341154,0.000695238442640036,0.000610126573198331
"chr8",45750001,45850000,45800000,0.000487011253249048,0.000453057130619616,0.000397540396882591,0.000856620202804358,6.5289792693851e-05,0.0454433727730515,0.076971598308038,0.0244422125764736,0.531424771267198,0.0896771179751593,0.0506368398058826,0.51873527170919,0.0329290040874754,0.577222167277674,0.543432967085643,0.000475024518652743,0.000461446416258921,0.000411902084873971,0.000716556569598948,0.000447202956297185,0.000403208021698885,0.000613416817385618,0.000374652346217715,0.00069600297355592,0.000595141726832404
"chr8",45825001,45925000,45875000,0.00046071078319313,0.000440194917627152,0.000375677297479821,0.000366317341373086,7.23932519380463e-05,0.0884195560681846,0.143133294681378,0.0461161074344441,0.519142281531031,0.144529736025907,0.0762422274673733,0.485351465692118,0.0382453370015043,0.577412722854191,0.515768617546972,0.000477867286112631,0.000468490170207195,0.000414817752047871,0.000662469114587787,0.00045703363398706,0.000416474143223035,0.000560975789552143,0.000373062164949035,0.000661909620500239,0.000575951088593823
"chr8",45900001,4.6e+07,45950000,0.00052252705052937,0.000452529445648992,0.000445611305231135,0.000398368696645879,6.80817418984833e-05,0.0636882880986064,0.0706703742621196,0.0215684364263166,0.474205899421673,0.133739401905307,0.0583990561627634,0.451891005990996,0.0335619382536472,0.52241118850341,0.472830675858954,0.000508748770376719,0.000504818852717721,0.000453786418409048,0.000665112117194114,0.000503059006571161,0.000438431218205709,0.000543687395866384,0.000423629924405548,0.000677497264378426,0.000572679488651897
"chr8",45975001,46075000,46025000,0.0014679824880231,NA,NA,0.00122558154421998,NA,0.105626456982306,0.0903900046438071,0.0961539089928138,0.189083544434361,0.120274517167976,0.123453315199917,0.229242704211532,0.096657409654943,0.192236841900851,0.191222515246621,0.00136770637689137,0.00132448042447416,0.00134550620017177,0.00137847850257742,0.00132427834062873,0.00134500780564566,0.0013781739870362,0.00130112664880495,0.00133267705950722,0.00135203755033163
"chr8",46050001,46150000,46100000,0.000674507817883851,0.000633768598685357,0.000544773587026251,0.00050576285837382,0.000126069411163694,0.0555949987199123,0.0651307701921292,0.00641303063834104,0.52763278973585,0.111028271038771,0.0467072522551214,0.506195881872092,0.0417176204845685,0.562405478253092,0.528254994012883,0.000666204837988955,0.000625021633010643,0.000565485784193462,0.000985177680324388,0.000631521534385788,0.000567813701158258,0.000860105416457975,0.000526598293817623,0.000928288294251514,0.00083604781155261
"chr8",46125001,46225000,46175000,0.000594371635635239,0.000531542237498003,0.000471008341672932,0.000453041964062147,0.000111061054353301,0.0782127501355226,0.0479734308593753,0.00896699945756632,0.534693326928084,0.144818135662566,0.0806198158807697,0.501644186083755,0.0339276603870402,0.578710017324488,0.527025662288333,0.000588554661262027,0.000535481721500847,0.000503859280261838,0.000866984872664144,0.000558927268244217,0.000511341705509389,0.000721153255365611,0.000459032820587628,0.00084349002835412,0.000739797746764681
"chr8",46200001,46300000,46250000,NA,0.000495049987642674,0.000461650604359315,0.000441037566919749,0.000142285690604031,NA,NA,NA,NA,NA,NA,NA,NA,NA,NA,NA,NA,NA,NA,NA,NA,NA,NA,NA,NA
"chr8",46275001,46375000,46325000,0.000506083417064007,0.000447279690155294,0.000412008962071153,0.000370544011908881,8.71976017710802e-05,0.0787623359908324,0.0431302960760736,0.0160174755453573,0.543537057720164,0.137457590613287,0.0889020667233806,0.52763115685106,0.0221573429734876,0.588319968617319,0.5591955627219,0.000495065377103106,0.000458730494259865,0.000420606926380201,0.000743910050840475,0.00047377021292313,0.000425336301795832,0.000633052520803494,0.000381924989781864,0.000734922772678582,0.000643344389421448
"chr8",46350001,46450000,46400000,0.000738482636380478,0.000685205605753202,0.000594898955873191,0.00053597516657996,0.000148459239038702,0.046379836849557,0.0683323603977013,0.0145134549485996,0.478566301707211,0.100470678957463,0.0401776485286361,0.480504616121494,0.0260600585386174,0.556409773169723,0.499520996746305,0.000726310469988959,0.00069236187274848,0.000620427725150518,0.000964422659532757,0.000684918167601991,0.000611407894285142,0.000870653004090826,0.000559269140359329,0.000988469570209408,0.000832208008771074
"chr8",46425001,46525000,46475000,0.00138649539382517,0.000621086448138749,0.000545202340948403,0.000501634143275906,0.000106525472409929,0.0868852504822216,0.0845237279497309,0.0799349624094522,0.175241434862696,0.107843729118412,0.0970322371073937,0.204094241580543,0.0871175232456578,0.177287513785038,0.177420638752371,0.00127426117231872,0.00123298776459505,0.00125190395251244,0.00128593733851942,0.00123949745889475,0.00125787897203113,0.00129243677331417,0.00121623047323738,0.0012475633246084,0.00126868371487487
"chr8",46500001,46600000,46550000,0.0014280457059479,0.000619932449315143,0.000513458961535929,0.000477502005098708,0.000122590934116062,0.100460455080001,0.0963501155155257,0.0938631532272749,0.190090072861181,0.130254153029306,0.110670243330165,0.212122424186437,0.100820114831809,0.201994814292333,0.184152790582449,0.00131876517663929,0.00126409455867894,0.00129373812085941,0.00132326035939527,0.00128096346673458,0.00130915865859548,0.00133854011422277,0.00125414903516817,0.00128263400812031,0.00131147535693388
"chr8",46575001,46675000,46625000,NA,0.000475643777740702,0.00040683478252733,0.000413759629605001,7.71910381310038e-05,NA,NA,NA,NA,NA,NA,NA,NA,NA,NA,NA,NA,NA,NA,NA,NA,NA,NA,NA,NA
"chr8",46650001,46750000,46700000,0.000548964743543896,0.000467401347284768,0.000410210464717734,0.000933656150141612,0.000116575909635662,0.0598279250218946,0.0938116859073127,0.0126290321263334,0.514754614936973,0.132568054802107,0.0664174166283583,0.531072678367181,0.0645077433003931,0.589970356602905,0.530344386404838,0.000517683976594615,0.000504888994136034,0.000457377216168122,0.000772984127548742,0.000479924502410602,0.000441419130348498,0.000689625796457384,0.000415354221775551,0.000762423205400266,0.000672270631629876
"chr8",46725001,46825000,46775000,0.000564674611387176,0.000481294850305461,0.000410276848496969,0.000421869857334643,9.59422181409042e-05,0.0649811112285602,0.100561344636596,0.00832803617344093,0.472855418597582,0.169215459630311,0.0572399702236886,0.459050408073714,0.0896649841303787,0.560720530817928,0.461780129409489,0.000544975660841865,0.000519836763198875,0.000480073580754455,0.000706051543944802,0.000513182970065821,0.000464187425281933,0.000596578516444309,0.000445223700311568,0.000685426370959391,0.000601040931439832
"chr8",46800001,46900000,46850000,0.000643926766363933,0.000500112089001169,0.000462724821900674,0.000444333166394742,0.000126807654168986,0.0455914719342708,0.0811371658840063,0.0239958952941044,0.47233266632384,0.16518048245591,0.0832437678975094,0.490483670713832,0.029510324999238,0.57185424200623,0.511153543005466,0.000579136021860705,0.000576811697494061,0.00052888266716656,0.000827373719947511,0.000549340172636855,0.000492768734588073,0.000678616536333942,0.000449742356022398,0.000817002674104295,0.000711319096046122
"chr8",46875001,46975000,46925000,0.00067072500470367,NA,NA,0.000465211693345237,NA,0.0829510878626524,0.0700182546343602,0.021478159894589,0.511587253915761,0.163733042195761,0.102235211376676,0.487854145280693,0.0253882235402145,0.585679800176893,0.547718397003837,0.000658657547971285,0.000612811283797948,0.000546298866286804,0.000973891745700234,0.000628406812471729,0.00055095128446222,0.00081369112568116,0.000482397909049894,0.000971032972120324,0.000830884962175083
"chr8",46950001,47050000,4.7e+07,0.00124892451712083,NA,NA,0.000420897127271346,NA,0.0954357207295964,0.0905414930966231,0.0892344607754721,0.177359913375371,0.109080749766663,0.105657486422539,0.194757672197067,0.0913000250472778,0.193858337870188,0.167817687219628,0.00117027458390607,0.00112447555553152,0.00115835793257129,0.00118245332260904,0.00112855384489359,0.00116271005025596,0.00118591278577541,0.00111648467670556,0.00113985187806307,0.00117230990873106
"chr8",47025001,47125000,47075000,0.000624694684135441,0.000538638415839095,0.000471645732418659,0.0004374506498146,0.000127483257751717,0.0443136289798932,0.0943873582816911,0.0189703838204779,0.474083592741286,0.125935230780383,0.054034738717115,0.472618211385006,0.038403102895984,0.557217981638121,0.495279722790584,0.000592391722727517,0.000584224089860254,0.000519186296303572,0.000822864132045598,0.000554570417393068,0.000495070863835784,0.000705844147295156,0.000457999001095311,0.000811476464972007,0.000703358234252298
"chr8",47100001,47200000,47150000,0.000546964765235618,0.000505000589862241,0.0004549273749193,0.000410520904150556,0.000142913170717734,0.097732617253465,0.0465882181557107,0.0120331187228031,0.532418492521617,0.158022518414414,0.1072622735203,0.515833639664582,0.0151589215357698,0.583976966735061,0.541245822372476,0.000554086257666094,0.000503394623845729,0.00045845270972956,0.000832251888289715,0.000536382575798401,0.000479825559501105,0.000710621950585136,0.000419814225373043,0.000840049697683457,0.000723022290207047
"chr8",47175001,47275000,47225000,0.000566327314644694,NA,NA,0.000407601434343961,NA,0.0984209701028853,0.0957869021165544,0.017974413870879,0.46684155518295,0.229040583625136,0.115273339640212,0.465300427806103,0.0472209461851169,0.579159616037854,0.500107128071353,0.000569336864786781,0.000513220357866106,0.000475034509976036,0.000712240360514916,0.000549571831088517,0.000487203255529773,0.000622197121480367,0.000410087590910539,0.000714897442000158,0.0006283347609783
"chr8",47250001,47350000,47300000,0.000582976274224722,0.00051131736595392,0.000393392353068914,0.000427748365050225,0.00010342100246757,0.057857347771065,0.121884948895218,0.0136472391262292,0.520675459368439,0.197383637216557,0.0751016753903234,0.535396441029967,0.0655307445755821,0.641945162303187,0.539855589004579,0.000553450761401459,0.000520248932495607,0.000483955810591637,0.000818761605573145,0.000522454463943042,0.00047793975772117,0.000723701160338485,0.000416779129833501,0.000822766720181105,0.000704023211153659
"chr8",47325001,47425000,47375000,0.00055279738263883,NA,NA,0.000954397898209345,NA,0.0656708991412606,0.14773368128709,0.0198700806092519,0.512775360446272,0.23364016391016,0.0937264628995373,0.507193844374659,0.109210970514042,0.616345214835186,0.508316321478386,0.000529612196710471,0.000504662187730146,0.000460408365727071,0.000778263716867133,0.000512339296832518,0.00046324696959628,0.000665001651460262,0.000411408470943737,0.000724050014142844,0.000649736932672806
"chr8",47400001,47500000,47450000,0.000557887305971639,NA,NA,0.000405493470569058,NA,0.0824745360727143,0.10480569560352,0.0132381025525336,0.477524935157882,0.203209018226368,0.0950648637723604,0.460725702813482,0.06205604116121,0.563546347230541,0.480822289990405,0.000534057062161316,0.000513379675287237,0.000462371776631629,0.000719989875058752,0.00051796112122,0.000459327366662486,0.000582020680779883,0.000416242723391578,0.000699810869054549,0.000609978422714993
"chr8",47475001,47575000,47525000,0.000653256619188573,0.000576830669830118,0.00049869483972411,0.000508741981962918,0.000172573858794139,0.0691542609909144,0.16642341324345,0.0262971377031273,0.515135154644571,0.20949213566331,0.071514189485134,0.516534301055076,0.0816760512272849,0.614147486572184,0.519796644033399,0.000625732914265199,0.000651224508577396,0.000565574417788508,0.000936028287756898,0.000633570737455369,0.000550897375652462,0.00082494195649407,0.000521858299725317,0.000992379954411027,0.000831794391734118
"chr8",47550001,47650000,47600000,0.00131774392746222,NA,NA,0.00108909304594962,NA,0.112241592365205,0.107531798122721,0.102299900113777,0.205736807593406,0.146249867770409,0.12948053278345,0.252362453218647,0.115723671193876,0.234939666557661,0.199993680234426,0.0012333603096319,0.00118132254799424,0.00120293010442726,0.00123107750166911,0.00118805667512947,0.00120898459590675,0.0012380453336098,0.00115662895186812,0.00118401984175008,0.00120361939380255
"chr8",47625001,47725000,47675000,0.000554706832605601,0.000488145746611164,0.000394623967343896,0.000385802298637068,0.000103678512572981,0.0575792806284419,0.0872532948837,0.0140623707144377,0.520556099083622,0.181355139351958,0.073366820858408,0.494853723485653,0.0484525492951803,0.591558678112861,0.521632206812143,0.000533949496469817,0.000497317591758252,0.000450971813678747,0.000792320602036027,0.000512834016650694,0.000447980542864124,0.000656802747419058,0.000394025463196816,0.000742331064064651,0.000644850833630314
"chr8",47700001,47800000,47750000,0.000576588214702951,0.000477605665859569,0.000452126066213566,0.0004161719196969,0.00014749472236396,0.0874265304696118,0.0649244295526635,0.0168857107406125,0.540188831852715,0.160465980955285,0.0980704284029784,0.572332507866851,0.02449722482646,0.585928181835187,0.5391198358944,0.000544782228519278,0.000526722140389458,0.000475588465618655,0.000887561320022912,0.000517743133046114,0.000463256240194613,0.000781353041554079,0.000425407848178433,0.000845716053898717,0.000738291023983212
"chr8",47775001,47875000,47825000,0.00121319114596322,0.000505460531090954,0.000430503695937408,0.000432210586837544,0.000105366725967264,0.0958276286879616,0.0937394447476673,0.0935967191688392,0.178916654871856,0.129553738135275,0.117402301772573,0.202359779433114,0.10236235057868,0.203808071444159,0.179131418996102,0.00113867193121333,0.00109833471444104,0.00111475162062585,0.00114204663945951,0.00110450228861521,0.00112012081494448,0.00114692778957261,0.00107901719902513,0.00110657720672096,0.0011207192811269
"chr8",47850001,47950000,47900000,0.000639489561195565,0.000619233961828843,0.000483086267604101,0.00112420511228438,0.000116215072552538,0.0705247617338963,0.0849870469603321,0.00893010854531965,0.543969262729546,0.137370988163943,0.0640374336733511,0.501202668711402,0.0493207201440186,0.615886861634433,0.547294747960897,0.000650667833222672,0.000581588529679023,0.000535131987445345,0.000970791877126715,0.000605291785743598,0.000556295247153703,0.000832975959116038,0.000484883370295707,0.000960598550138174,0.000831302309287075
"chr8",47925001,48025000,47975000,0.000565333180732681,0.00050900784687718,0.000458534939608302,0.000422044458530689,0.000134537667492814,0.0458714566883622,0.0833922552708558,0.0209562922519821,0.518317874727158,0.145757748175273,0.064550416661494,0.517045589884612,0.0405890783553079,0.588828981241412,0.542774799470471,0.00054072410453188,0.000533710521287353,0.000477485895549225,0.000841045490321245,0.000536661111915627,0.000470221079012009,0.000739037171571542,0.000436058481802026,0.000862114610518408,0.000737086177709759
"chr8",48000001,48100000,48050000,0.00054084007156126,0.000474128267871876,0.00042500145540298,NA,0.000100359139339819,0.0749231919628619,0.133581965890892,0.0383922276089657,0.454154572339526,0.198320179544159,0.0812777775758778,0.457640318173376,0.0458771350669316,0.550321425551194,0.477952183463073,0.000537445026540304,0.000538796409406229,0.000474552395320283,0.000690137248073143,0.000544097812078583,0.000463370763707297,0.000595615892576637,0.000422987981636817,0.000719425018400559,0.00060506807414861
"chr8",48075001,48175000,48125000,0.000518855772556976,0.000480213531084776,0.000392867836561271,0.000397585549185501,0.000119270437739884,0.087604939341613,0.178334512613657,0.042193499101251,0.475338972071665,0.166005012618514,0.0691295977799109,0.480866876667764,0.0852149962084684,0.56328665963603,0.481715664517193,0.000530462690589227,0.000528147313087494,0.000457637093999671,0.000688123793606341,0.000501345502233882,0.000452932470780227,0.00061971426851219,0.000416154950334346,0.000683963315987562,0.000598168417023228
"chr8",48150001,48250000,48200000,0.000571133078015608,0.000494294535631701,0.0003806524204588,0.000417943232005118,0.000142607834931326,0.0810086096037474,0.226776808422351,0.0370010663128083,0.516964192180455,0.186374196514301,0.0663135445018258,0.515200267849813,0.131390542059826,0.619442959499652,0.518184099872679,0.000554728267600511,0.000577398074445222,0.000485533637193598,0.000817266848681369,0.000503416766241849,0.000462395177965518,0.000704429700420329,0.000439444254397294,0.000759826375484694,0.000676001210883358
"chr8",48225001,48325000,48275000,0.000466506778468222,0.00042875201852143,0.000324477394227533,0.000345521716420392,9.40950734094273e-05,0.0676898389918796,0.161265859262844,0.0435057858981202,0.494000985181402,0.1868711309972,0.0748117582918151,0.477041665617341,0.0639942404066103,0.60156663494271,0.507591403306793,0.000463797487195277,0.000450651383478161,0.000405829900867086,0.00062574780640367,0.000438476653291859,0.000400760474813413,0.000537198392342464,0.00034644312721747,0.000604131782085994,0.000537223931870888
"chr8",48300001,48400000,48350000,0.000419320900229684,0.000380267745225305,0.000343755089992944,0.0003321452826529,0.000106933975983187,0.0636046429889444,0.0915203373308086,0.0177293492577582,0.44156414910375,0.161753295542597,0.08875479638631,0.464975505748363,0.0488191188525554,0.538636509631707,0.458513013381515,0.000413520329405912,0.000404598389868334,0.000366789920225897,0.000531969245866334,0.000411841154407139,0.000374746532840729,0.000484692464240256,0.000343776104710966,0.000567607969269656,0.000490661666483047
"chr8",48375001,48475000,48425000,0.00027902281942361,0.000255937432979607,0.000215970037716875,0.000209154426826596,4.85357189463917e-05,0.0880702937526951,0.098671073072102,0.0111251499328989,0.526342321555237,0.195944268931029,0.112023431331189,0.52524117105085,0.044481511766084,0.613555709016897,0.552828742930548,0.00028084281703499,0.000260478687324925,0.000231061663050647,0.000419638583517155,0.000276059435934469,0.00024593179437218,0.000354234970911612,0.000210528737911962,0.0004293404127871,0.000374443283190993
"chr8",48450001,48550000,48500000,0.000230122137572962,0.000213802698540644,0.000194181030887143,0.000178181563797845,3.47950555436472e-05,0.0888133813264627,0.0407892728779151,0.00638622836329267,0.511631033935961,0.141189153960649,0.0901422243613659,0.531207450277158,0.0260753368989632,0.566925387097924,0.510836226273041,0.000235478592642508,0.000214633911999571,0.000196577548722488,0.000335838684154481,0.000227451181460659,0.000206368833295983,0.000298977067350529,0.000185296513933305,0.000339811329244587,0.000290343379269232
"chr8",48525001,48625000,48575000,0.00021309077921191,0.000195243258673465,0.000225150714739268,0.000196227493315432,5.25906861631588e-05,0.0804973245468688,0.0489252992713184,0.0156309112792322,0.461876770925151,0.101931155007516,0.0656004124952769,0.518954946294992,0.022288781654017,0.492478138733531,0.451275873517784,0.000216271194835465,0.000223961905099655,0.000200805389779218,0.000308845020889285,0.000226641566815071,0.000204923684928514,0.000282437841300993,0.00020982147621232,0.000329922608142506,0.000284099251553457
"chr8",48600001,48700000,48650000,0.000139438520930636,0.000164715940206242,0.000131618207903401,0.00013216242298867,2.22661439018243e-05,0.04048987844192,0.0776403735745612,0.0159431177212625,0.441624370602295,0.118562873355187,0.0449247221544534,0.452213462155575,0.0319350949744365,0.518461919410896,0.452688962433092,0.00015493478954293,0.000144052546261212,0.000134563614440827,0.000184873674252216,0.000164754660986298,0.000152153865324606,0.000194881209901159,0.000134019131713149,0.000198697638223301,0.000182528637708993
"chr8",48675001,48775000,48725000,8.44702091932723e-05,0.000106920091687921,9.58875897104272e-05,8.6557708865917e-05,1.13692647717541e-05,0.0569282371463678,0.0342533454758032,0.0117746808751578,0.486770044727795,0.0871631093185723,0.0691546165877134,0.498579251600592,0.0203498436800329,0.517452266366864,0.489985933857644,9.76361713628664e-05,8.96862948969454e-05,8.32830532089506e-05,0.000126931512587766,0.00010774010205827,0.000100633586616176,0.000137380142551344,9.0770650626887e-05,0.000146421533692432,0.000129389858796035
"chr8",48750001,48850000,48800000,NA,0.000144329624859532,0.000151314192869988,NA,7.79034005202789e-06,NA,NA,NA,NA,NA,NA,NA,NA,NA,NA,NA,NA,NA,NA,NA,NA,NA,NA,NA,NA
"chr8",48825001,48925000,48875000,0.000392008373041429,NA,NA,0.000153361658678241,NA,0.0856230160224437,0.0863917555223924,0.0796434109933398,0.163434369835529,0.107307047205734,0.0968765650728441,0.185868413321349,0.0837248382167335,0.189356964779183,0.178889141811314,0.000413773088027767,0.000404238935872364,0.000402034732310502,0.000412412100947485,0.000400009469019817,0.000397766172277518,0.0004081432660214,0.000387920819756578,0.000398731857729548,0.000396362750917194
"chr8",48900001,4.9e+07,48950000,0.000200541137597111,NA,NA,NA,NA,0.0665448995675529,0.100784672389228,0.0086329775225697,0.470280273528995,0.184707783679037,0.0660266777090906,0.473475997432327,0.0529890291376447,0.529857553886488,0.472701637915375,0.00020592414578088,0.000209201789203428,0.000176914649154437,0.000278155317566108,0.000232945040995817,0.000189007552404845,0.000259526211708697,0.000183382656482925,0.000306413406268821,0.000253282054278977
"chr8",48975001,49075000,49025000,0.000189383243937505,0.000209856933353772,0.000181839145131933,NA,4.99036643450057e-05,0.0729429459331515,0.0579304724105122,0.0112673259500818,0.521771684381408,0.142909485245268,0.0907069635907252,0.48752116668997,0.0164142615961403,0.574040811661604,0.540241662017982,0.000204267788987786,0.000188234749203044,0.000165928319706905,0.000300962156854157,0.000217309549115374,0.000190021872258835,0.000279124037177076,0.000165047708006752,0.000322885152648459,0.000277489315254107
"chr8",49050001,49150000,49100000,0.000223010009481417,0.000203204243411395,0.000199837774444079,0.000183782685348634,4.16391419304633e-05,0.0766702746625954,0.10651440668552,0.0302131239271056,0.493205798734732,0.23137468021724,0.133020159121519,0.51161974890834,0.0276076046835496,0.571518742192461,0.519647831290922,0.000220374712666628,0.000228006078657221,0.000199190956754467,0.000307431367598878,0.000246224955718012,0.000211304450999226,0.000274365537372148,0.000189480247852982,0.000330016096700855,0.000285456235183095
"chr8",49125001,49225000,49175000,0.000163905887895699,0.000158608126175592,0.000138135221024584,0.000127722400612087,2.67932529430467e-05,0.0908037782499767,0.130585255435487,0.039479547804458,0.550867383212328,0.281399812746914,0.1631312022988,0.562161520352821,0.0307913126370171,0.639870264572081,0.577814096175365,0.000166637634497034,0.000164323190611791,0.000141770455985893,0.00026089933360667,0.00019041113355022,0.000159314865579929,0.000239545523856026,0.000129105696210852,0.000290567641448783,0.000241496879111739
"chr8",49200001,49300000,49250000,0.000268934133931628,0.000240448531862867,0.000214262817284488,0.00021051088554092,5.70648765000785e-05,0.0824436975740793,0.11510750967017,0.0546836101934365,0.514369594479285,0.220293267045212,0.144392337026756,0.554660816127802,0.0206442691785831,0.576956666410847,0.529844473658096,0.000260962939499031,0.000258232870163055,0.000236661029984805,0.000398275629129357,0.000272854990924281,0.000246359119985656,0.000360979533846789,0.000206506187004918,0.000389397541482644,0.000354643281138625
"chr8",49275001,49375000,49325000,0.0006481062279402,0.000224160477457969,0.000217902987993612,0.000212459723514203,5.86472315848088e-05,0.11613448572707,0.108978138905816,0.107915595876915,0.209276019747333,0.136131363146078,0.132467653132132,0.227578729983811,0.1037173760604,0.239403543665917,0.217468668385295,0.000639645277675313,0.000615576193814656,0.00061848116953071,0.000646137568700801,0.000616653385833759,0.000619437987569618,0.00064688718570574,0.000594944243386225,0.000622776921100099,0.000625358561688393
"chr8",49350001,49450000,49400000,0.000198391787828417,0.000186161053740555,0.000147199495307057,0.00015114930039495,3.65333782683358e-05,0.0880873909386424,0.151034176308115,0.0542825226605643,0.51677351722687,0.310300126958789,0.172320492333921,0.531588105001747,0.0321765070025567,0.651902895145562,0.564322397121392,0.000201987522907616,0.000191560661266645,0.0001733806111677,0.000291332113257906,0.000223610195513261,0.000191212230001147,0.000266494135695936,0.000146737369061372,0.000316632434817617,0.000263777450853568
"chr8",49425001,49525000,49475000,0.00028945917909738,0.000250843645958208,0.000178446696958747,0.000211246130771073,1.66896768346812e-05,0.113009883350423,0.230309901712251,0.0812446696812112,0.597511167076439,0.436978931919809,0.26494091077313,0.640027411360491,0.0463840774974748,0.767197013955066,0.673584153270912,0.000288688348306602,0.000281987252289245,0.000254197109050996,0.000478521510147031,0.000342434979810019,0.000292586360493709,0.000424883762437853,0.000191653322196186,0.000534209712634102,0.000458972429596616
"chr8",49500001,49600000,49550000,0.000283814004749547,0.00022125626026518,0.000150928119346418,0.000207078413882983,2.29537930669226e-05,0.14450121223495,0.325058610528107,0.0941194923655684,0.731962801412246,0.579385838058565,0.336381105434615,0.81204578682756,0.0975607068091542,0.854041966828932,0.765923853781212,0.000250789300873295,0.000273494928552573,0.000235616070131219,0.000708039646103672,0.000343772521560089,0.000270226803665606,0.000668693866145049,0.000173455893169693,0.00071918997042233,0.00062030475095312
"chr8",49575001,49675000,49625000,0.000260654488487635,0.000160505732465762,0.000132526957947044,0.000195759753315414,2.94275111958783e-05,0.185508489554475,0.365046696577646,0.0956843510261829,0.739724646972365,0.611889573280718,0.33927052612049,0.846499112387683,0.115930089756087,0.861854968466643,0.762014321386564,0.00021683713438885,0.000260706863902479,0.00021988992558824,0.000654546544265104,0.000284823551369137,0.000224351881590039,0.000558743631469162,0.000161660889394801,0.000657518810372878,0.000565603173014617
"chr8",49650001,49693984,49671992,0.000232717357945865,0.000141628950462118,0.000155031038529357,0.000180608994571676,3.11219324996406e-05,0.134784147973696,0.303682884205601,0.0845542462852737,0.768736903890284,0.525273635702106,0.293144825285331,0.87057961618577,0.0953348820722237,0.83209807373739,0.774010068714006,0.000174414485606283,0.000239904607823795,0.00019444823255389,0.000620444125304817,0.000251232212643813,0.000186652712834782,0.000536957564125329,0.000161294910765024,0.0006365132391874,0.00054507844832949
