"Chromosome","Start","End","Midpoint","House_vs_Bactrianus","House_vs_Spanish","House_vs_Italian","House_vs_Tree","Bactrianus_vs_Spanish","Bactrianus_vs_Italian","Bactrianus_vs_Tree","Spanish_vs_Italian","Spanish_vs_Tree","Italian_vs_Tree"
"chr8",1,1e+05,50000.5,0.000161067364431572,0.000159900992248526,0.00013698610491827,0.000210432184282368,0.000189417609987176,0.000151202362340129,0.000188043333372521,0.000142974535172366,0.000230698300353241,0.000186425425473909
"chr8",75001,175000,125000.5,0.000128011496781542,0.000130170248695254,0.000106360624669374,0.000110962621319064,0.000146573882773064,0.00011458113019023,0.000118318942248542,0.000107065237980648,0.000117146346022499,9.74378365961027e-05
"chr8",150001,250000,200000.5,0.000104948252595997,0.000101996466253173,9.16071590576561e-05,0.000165825323004393,0.000112989557402276,0.00010215795780265,0.000141215974524159,9.0121083764895e-05,0.000185499438113467,0.000160887087233925
"chr8",225001,325000,275000.5,0.00012603540291478,0.000121479638275909,0.000110578709706886,0.00016619721509772,0.000136169976267728,0.000124208943811504,0.000130601414542576,0.000111445699150426,0.000185835490237047,0.000162805378833042
"chr8",300001,4e+05,350000.5,0.000102235572633549,0.00010166670336385,8.66220547351249e-05,0.000128347594177131,0.000106964043518966,9.65519623354293e-05,0.000102787220978021,9.13234917199234e-05,0.000125217877944729,0.000116199325990138
"chr8",375001,475000,425000.5,0.000111439780913602,0.000113130411302376,9.67453055672872e-05,0.000136913377727319,0.000126335297564337,0.000108421377944867,0.000134107597572635,0.000101456255157035,0.000156915171766681,0.000140003812061292
"chr8",450001,550000,500000.5,0.000168694211072529,0.00017887021070854,0.000145970409405409,0.000194796807480988,0.000195565722606347,0.000160481699151021,0.000194066161002855,0.000154836439570646,0.000238733158199464,0.000191013776940364
"chr8",525001,625000,575000.5,0.000177316669732266,0.000175707598158933,0.000147120245336409,0.000236547059961243,0.000188368781684781,0.000160295986649734,0.000196114029458398,0.000150954334246588,0.000245815515165123,0.000204655959833584
"chr8",675001,775000,725000.5,0.000275181946208008,0.000263388363522778,0.000241285145101207,0.000357315962521032,0.000278332142370255,0.000255892021430628,0.000338907267975743,0.000229067862616017,0.000370083713509769,0.000341401271875702
"chr8",750001,850000,800000.5,0.000116370629909014,0.000114007342005633,9.90681274681592e-05,0.00016207622192013,0.000122884651237605,0.0001068260486634,0.000147675430808709,9.80618375494071e-05,0.00016178539754281,0.000144645264568556
"chr8",825001,925000,875000.5,6.51512089964813e-05,6.51169894183492e-05,5.6391936035593e-05,8.60957928459499e-05,6.83224742442695e-05,5.79350262077038e-05,7.33088222006367e-05,5.41094401691168e-05,9.25383015797665e-05,7.55987517925579e-05
"chr8",975001,1075000,1025000.5,0.0001039226111583,0.000106047377890392,9.09895697955304e-05,0.000131766111632875,0.000108024380788752,9.1034103606489e-05,0.000110335548739362,8.9887074598071e-05,0.000142923795218693,0.000116076410828474
"chr8",1050001,1150000,1100000.5,0.000121382904947145,0.000117221829798176,9.98824712470887e-05,0.000149566344033048,0.000128909728754369,0.000108238055457654,0.000129430592537698,0.000102550856033094,0.000166013196446873,0.000139916454497685
"chr8",1125001,1225000,1175000.5,0.000198132408055118,0.000178543086518691,0.000153646867833936,0.000234301269573314,0.000194196791419706,0.000167519458003225,0.000225129137793421,0.000142193987567853,0.000231720631651937,0.000207760736497649
"chr8",1200001,1300000,1250000.5,0.000213025990964719,0.000191098643946585,0.000170184961933522,0.000310356982974491,0.000205361492237356,0.000182693809607847,0.000289213187466239,0.000161082564889201,0.000310621436195046,0.000265424400637607
"chr8",1275001,1375000,1325000.5,0.000133862844784316,0.00012440812885462,0.000108865683037934,0.000214908098440133,0.000134132662969533,0.000120340323419565,0.000205320530175567,0.000108934905803721,0.000222728390087099,0.000193873365058348
"chr8",1350001,1450000,1400000.5,0.000214162213370375,0.000203304183834434,0.000175849202317591,0.000315473163233705,0.000217570939187444,0.000184719805792935,0.000276489954471282,0.000175211585521181,0.000315293286722461,0.000271710058531764
"chr8",1425001,1525000,1475000.5,0.000351679546243491,0.000336300939362799,0.000294334551164851,0.000489404489538027,0.000335135640919333,0.000294049517082568,0.00040591644719743,0.00027836414948359,0.000482962761619584,0.000420853839342377
"chr8",1500001,1600000,1550000.5,0.000201503231655602,0.000194059187953252,0.000174703641686267,0.000268900808571107,0.000190420842426753,0.000172308346958702,0.000233702339901175,0.000165833238143749,0.000262781445259956,0.000234493534657772
"chr8",1575001,1675000,1625000.5,0.000313976643911983,0.000300230135231613,0.000307742347591618,0.000316658913448361,0.000301571283061635,0.000308690333958547,0.000318015564164217,0.000295019323603446,0.000303906983052277,0.000311307434678066
"chr8",1650001,1750000,1700000.5,0.000271301893031456,0.000268425215558889,0.000238305536478974,0.000400954073521323,0.000270856969167264,0.000238298171274696,0.000361971321084765,0.000231554857093527,0.000405622792333304,0.000355260204973091
"chr8",1725001,1825000,1775000.5,0.000380269710784804,0.000372621885894123,0.000337995918253423,0.00048118498177561,0.000367980078702408,0.000339487341161507,0.000444543270838119,0.000323689447091304,0.000496972554143991,0.000438795307233634
"chr8",1800001,1900000,1850000.5,0.000401118811430946,0.000365050081422815,0.000333627956344441,0.000521716098097117,0.000369508317622679,0.000343916420623414,0.000512281805653843,0.000307126955363127,0.000513588292260056,0.000460504697944026
"chr8",1875001,1975000,1925000.5,0.000382795755793742,0.000358053976636978,0.000320964594660832,0.000531418861394796,0.000373560063528354,0.000340194956546065,0.000516157007204319,0.000309413470028418,0.000553929262026067,0.00048043583997574
"chr8",1950001,2050000,2000000.5,0.000437545834269367,0.00039716640142087,0.000360208511366927,0.000616389433794485,0.000432879562779947,0.000391488114540101,0.000560683027058865,0.000345893627018857,0.000639283190136208,0.000555763492447552
"chr8",2025001,2125000,2075000.5,0.000326300261252757,0.000307500433498152,0.000261578089190795,0.000461743024138124,0.000322316017726799,0.000277391952051016,0.000398101444238684,0.000252133804329352,0.000457922844504585,0.000386965167182471
"chr8",2100001,2200000,2150000.5,0.000317872985041338,0.000297375777986164,0.000259381844296474,0.000363015517230733,0.000305795817284272,0.000267676414324362,0.000340274396758777,0.000240021138071709,0.000353724931603272,0.000309382464282246
"chr8",2175001,2275000,2225000.5,0.000251210859547312,0.000242340712655565,0.000209452103012784,0.000398802637070088,0.000260326179980063,0.00022106857300682,0.000362323439711784,0.00020736509514212,0.000408908728175606,0.000340565894444796
"chr8",2250001,2350000,2300000.5,0.000332529308892457,0.000317097898526346,0.000287639292223017,0.000507665368329914,0.00031261823743117,0.000280764410325091,0.000420979104027061,0.000259560974390141,0.000490672124392389,0.000429726255445811
"chr8",2325001,2425000,2375000.5,0.000281735972493943,0.000273289638008708,0.000250166125008598,0.000390655584287791,0.00028527111426203,0.000262444660762399,0.000360722483876585,0.000241976124036772,0.000409565885491887,0.000362300145518872
"chr8",2400001,2500000,2450000.5,0.000270014616513043,0.00024433233001772,0.000230627739062983,0.000434344460122988,0.000264562592785159,0.000238883537430362,0.000350364866151788,0.000212620522269403,0.000443536280647426,0.00038508091235007
"chr8",2475001,2575000,2525000.5,0.000269321693867803,0.000258041376261341,0.000236814704115133,0.000460002315036259,0.000262230277756558,0.000234930421969417,0.000346153461426396,0.000215950356702917,0.000464478262104588,0.000406328046574689
"chr8",2550001,2650000,2600000.5,0.000211372870400295,0.000172137685129318,0.00015445946858772,0.000287425609123728,0.000212700337911226,0.000180675329515304,0.000213898175811784,0.00014372866573347,0.000301787545238087,0.000252636133373952
"chr8",2625001,2725000,2675000.5,0.000325126361111978,0.000332355123219802,0.00029283243312482,0.00047805208655966,0.000304600096940141,0.000269760701822868,0.000373804483758458,0.000248182076515826,0.00047412700586379,0.000409991301736995
"chr8",2700001,2800000,2750000.5,0.000394251952017137,0.000375734318423711,0.000352271836565377,0.000541552722280625,0.000369033892376852,0.000342228237949281,0.000395505563813496,0.000291684010312441,0.000519380861307047,0.000464676532596086
"chr8",2775001,2875000,2825000.5,0.00040595347201621,0.000371341438515494,0.000345519468949481,0.000635563505736847,0.000394669462885953,0.000348806171104296,0.000500152169352262,0.000315408253940802,0.000614013915701393,0.000530926290561153
"chr8",2850001,2950000,2900000.5,0.000368169004861605,0.000316427183142279,0.000299470363120456,0.000506554853977346,0.000375047702120032,0.000330999696714553,0.000424968528812129,0.000272264048420338,0.000520012278886219,0.000444082010156726
"chr8",2925001,3025000,2975000.5,0.000419987893864317,0.000399558556666462,0.000349886519252276,0.000612775217772025,0.000426342341009708,0.000375230292017422,0.000569527422116467,0.000326968758356201,0.000607489755961328,0.000535750064973906
"chr8",3000001,3100000,3050000.5,0.00048856308741759,0.000461326786350642,0.000407626279294179,0.000774227222999219,0.000484536671038726,0.000424888911571679,0.000681429749255851,0.000384052733918653,0.000788204530829202,0.000676519785397294
"chr8",3075001,3175000,3125000.5,0.000386672558411338,0.000382175697041321,0.000342787153994323,0.000580504763732997,0.000364526442086981,0.000327721282622037,0.000503574987507889,0.000306940411284688,0.000578643386613659,0.00050731484093155
"chr8",3150001,3250000,3200000.5,0.000434355253919963,0.000395493217941046,0.00035650197472123,0.000684682462297796,0.000408769736447669,0.000368672297080863,0.000586035334356063,0.000319282688135939,0.000677249428956124,0.000589304651353783
"chr8",3225001,3325000,3275000.5,0.000427055353441179,0.000391751540278889,0.000343520648399049,0.000625743842701172,0.000430232862710372,0.000370142983951461,0.000526733779615429,0.000327650256480278,0.000662947309777085,0.00055244243967217
"chr8",3300001,3400000,3350000.5,0.000555177183259237,0.000504388314930069,0.000451406544868223,0.000789407776803973,0.000552945504077216,0.00048731745326244,0.000731648523187495,0.000414623246194983,0.000798729457738563,0.000690506718084088
"chr8",3375001,3475000,3425000.5,0.000570525932632552,0.000528334749146416,0.000482458998458164,0.000780344412203677,0.000573841477490523,0.000508665667148075,0.00066976016892713,0.000457555364086439,0.000802558466161273,0.00071883648958287
"chr8",3450001,3550000,3500000.5,0.000567765150177198,0.000524734619470257,0.00047258654866273,0.000723252860464754,0.000574898257085962,0.000502790789196931,0.000634444073171321,0.000435503725886232,0.000739818342960472,0.000639879828846493
"chr8",3525001,3625000,3575000.5,0.000418201143419844,0.00040246168649964,0.000360839517494267,0.000555330826004739,0.00040222910452068,0.000352306567071876,0.000477004783211023,0.000316323713292251,0.000545035840090628,0.000454486916977437
"chr8",3600001,3700000,3650000.5,0.00038437915112663,0.000377355755949704,0.000344368918181316,0.000534841056921514,0.000394281163503031,0.000350685929174506,0.000450623589333165,0.000317680224220456,0.000570192395084134,0.00049220056651299
"chr8",3675001,3775000,3725000.5,0.000449597128444427,0.000420104446926229,0.000373805307787908,0.000660788072887471,0.000441437643464326,0.000389815439450376,0.000548725720685912,0.000338770440195816,0.000675105917177339,0.000576992758073801
"chr8",3750001,3850000,3800000.5,0.000558426018172557,0.000494903517964775,0.000444368110065937,0.000750898531737691,0.000540170121716375,0.000477947828058536,0.000648680396312624,0.000401540430535668,0.000758017025393312,0.000646134857403577
"chr8",3825001,3925000,3875000.5,0.000419306443623175,0.000388815081837419,0.00035166519431709,0.000580267162073882,0.000419589253279052,0.000367315716811304,0.000521047505269708,0.000328495416680713,0.000600313639578763,0.000522405072265467
"chr8",3900001,4e+06,3950000.5,0.000287071718712927,0.000293487979662712,0.000256176048028972,0.000377265569274603,0.000296772639479988,0.000254564224010199,0.000331021041098903,0.000244952873936977,0.000418621008920441,0.000356372798289124
"chr8",3975001,4075000,4025000.5,0.00024173950895379,0.000249881738467998,0.000208422554055013,0.000304016829825041,0.00026275615863633,0.000214895417478572,0.000275833273278445,0.000194050987706582,0.000340045750905225,0.000269866179147041
"chr8",4050001,4150000,4100000.5,0.000330303870785781,0.000323586228593351,0.000289646993697659,0.000405966837719023,0.000323204068562093,0.000286942678713395,0.000340172108952417,0.000253602717476696,0.000404882075510714,0.000349786776908758
"chr8",4125001,4225000,4175000.5,0.000286820974062593,0.000322193640613999,0.000274928099359932,0.000448858920226612,0.000323960917168835,0.000270149356488724,0.000370040691313582,0.000271449053682634,0.000477402841691336,0.000398881031755534
"chr8",4200001,4300000,4250000.5,0.000365978331368149,0.000366744738492816,0.000310197020535382,0.000548624589324041,0.000379740651063739,0.000317851172841184,0.000484505392360154,0.000271953380535671,0.000568758872681064,0.000470682352779167
"chr8",4275001,4375000,4325000.5,0.000389996356978648,0.000347032689974439,0.000303857273037285,0.000557272926309466,0.000418953551998651,0.000358544127539678,0.000497917300446961,0.000281031577748433,0.000615896485653527,0.000513677499469503
"chr8",4350001,4450000,4400000.5,0.000385203121930649,0.000350725687145708,0.000316796084789865,0.000544369052042027,0.000380466230289821,0.000331501573441168,0.00046529945985247,0.000283111307282384,0.000564456607021906,0.000469990216471637
"chr8",4425001,4525000,4475000.5,0.000348260192777685,0.000337812291874921,0.000302095413977165,0.000538574520077739,0.000348538050964738,0.000306310880699629,0.000481146087699339,0.000291364528963393,0.000558008235645812,0.000461768051108953
"chr8",4500001,4600000,4550000.5,0.000164714304325977,0.00015820793792046,0.000142250004520378,0.000227988603780338,0.000176057967417836,0.000155113559462207,0.000232550916865328,0.000147018910760429,0.000257054214779425,0.000218221201442691
"chr8",4575001,4675000,4625000.5,0.000105058109797842,0.00010948610758357,9.44069645475677e-05,0.00015099263509087,0.000118492400602908,0.000101853537398146,0.000144052626758416,0.000105455751364744,0.00016921953948148,0.000146783072149445
"chr8",4650001,4750000,4700000.5,0.000429685170438144,0.000405783090012702,0.000368472251032207,0.000606893946343016,0.000429365131765198,0.000388299062391331,0.000568577169418212,0.000346989256431659,0.000627108715905108,0.000560286874913256
"chr8",4725001,4825000,4775000.5,0.000471781929151911,0.00044242806653144,0.000409626108949486,0.000724613516128368,0.000449335190262976,0.000412303413857995,0.000645783297755186,0.000367270162870324,0.000715322504822565,0.000634862624859185
"chr8",4800001,4900000,4850000.5,0.000430625734815682,0.000422144534046531,0.000394904038396382,0.00072191660418071,0.000420792458725098,0.000392843179490086,0.000643600229472736,0.000372645690790889,0.000730233634691511,0.000651016938240547
"chr8",4875001,4975000,4925000.5,0.000510695753943242,0.00051198519513535,0.000457101949606981,0.000832272063619282,0.000511369836288907,0.000460118772150968,0.000755308928314401,0.000422663400813408,0.000854394294448539,0.000763156714878812
"chr8",4950001,5050000,5000000.5,0.000608692495553989,0.000607123711286895,0.000543387372919181,0.000981348611493836,0.00059262217724861,0.000528332188538535,0.000911665313320508,0.000501323153433313,0.00100179658882896,0.00085858194320344
"chr8",5025001,5125000,5075000.5,0.000567362778477866,0.000543691056381015,0.000500921853082165,0.000742896409503524,0.000550716011644298,0.000502493351501605,0.00068096486132377,0.000471185077336126,0.00073905410227122,0.0006478090155717
"chr8",5100001,5200000,5150000.5,0.000595486163970018,0.000572283465060942,0.000504469409691456,0.000827108285164094,0.000544770034985643,0.000510266906242283,0.000712670736290296,0.000482575255440631,0.000805732299159843,0.000723513294330366
"chr8",5175001,5275000,5225000.5,0.000549991344155518,0.000533773146399853,0.000478063514984516,0.000783959411887372,0.000504233749804808,0.000469056548320462,0.000725103191249733,0.000447694692144192,0.000798213841585102,0.000697230892278006
"chr8",5250001,5350000,5300000.5,0.000591240900400255,0.000566136552050171,0.000519022322981875,0.000975468138447427,0.000552482303848513,0.000523306581889086,0.000894118228046197,0.000487089374246153,0.00094700747370506,0.000863743712031864
"chr8",5325001,5425000,5375000.5,0.000567168640235908,0.000568731095101152,0.000512262486930972,0.000995369148534168,0.00053815842576186,0.00049363010106175,0.000887645547977768,0.000453680029580692,0.000976480672084065,0.000851188020506999
"chr8",5400001,5500000,5450000.5,0.000557194673829008,0.000542699392959518,0.000484214587702012,0.000987673584986061,0.000513847413448116,0.000470975608790455,0.000880720632162218,0.000426864443788745,0.000970846176368127,0.000866983416373063
"chr8",5475001,5575000,5525000.5,0.000604104155280789,0.000612154978838517,0.000530489825914723,0.000997017429811439,0.000586906378119756,0.000527853093852319,0.000915545090771269,0.000501358372439291,0.00103873032282004,0.000876274490172543
"chr8",5550001,5650000,5600000.5,0.000580942084238416,0.000600803244387503,0.000535550820451374,0.000891047558616149,0.000545066924493957,0.000505425108564447,0.000782184450187173,0.000482250393425463,0.000905155569646812,0.000786946812079899
"chr8",5625001,5725000,5675000.5,0.000544407120605238,0.000518897011178552,0.000465686847717382,0.000802289071341908,0.000534651174108993,0.000479514706615719,0.000709208861907442,0.000443846776164888,0.000806388588222919,0.000694105398140033
"chr8",5700001,5800000,5750000.5,0.00065805655297543,0.000645644430906544,0.000567023143622657,0.000877172827403188,0.000633332053021,0.000564385372909325,0.000786942696609423,0.000532488911755812,0.000876214552489215,0.000769003573915052
"chr8",5775001,5875000,5825000.5,0.000551428246552574,0.000549696439574455,0.000484141000023686,0.000847420466838838,0.000515501044958052,0.000473280915507194,0.00072271428806323,0.000444544442573922,0.000812860358633799,0.00071348605952626
"chr8",5850001,5950000,5900000.5,0.000543208289190752,0.000529737132814057,0.000482739581862125,0.000926570240010698,0.000523309217038412,0.000476486946923779,0.000838313311510778,0.000437315596406582,0.000902017564801028,0.000793515028737748
"chr8",5925001,6025000,5975000.5,0.000428296192813088,0.000430269254178589,0.000390905126034192,0.000679742500210779,0.000410049434322453,0.000373333211915871,0.000583973540496165,0.000343583334897914,0.000673301898101258,0.000590494115304462
"chr8",6000001,6100000,6050000.5,0.000631074134867435,0.000626056919970235,0.000565889280031831,0.000893652436886774,0.000595350873121268,0.000540208816513736,0.000759496707628583,0.000482447354443883,0.000901205097133502,0.00079310010619625
"chr8",6075001,6175000,6125000.5,0.000409068506557411,0.000410642762295296,0.000360993563596414,0.000605475020635674,0.000385092822701491,0.00035013941360393,0.000546154134168287,0.000326784884861633,0.000615321224485101,0.000533270292440838
"chr8",6150001,6250000,6200000.5,0.000416467319255319,0.000423943332263095,0.000381753252514759,0.000551602215367226,0.000377978709242353,0.000351628091152398,0.000500579621588485,0.000324614406854886,0.000528291310313678,0.000470991276951048
"chr8",6225001,6325000,6275000.5,0.000349769595506912,0.000340476700984454,0.000315709948915031,0.000463503737525031,0.000353906440547434,0.000311470273550927,0.000410151804138503,0.000281758631410983,0.000459352926791044,0.000403161127499935
"chr8",6300001,6400000,6350000.5,0.000363592256391726,0.000356624392658681,0.000316275680267945,0.000542482876366226,0.000368547584063595,0.000311018691410494,0.000460500855742396,0.000258570594193251,0.000564416943209859,0.000470512404342951
"chr8",6375001,6475000,6425000.5,0.000410438326251754,0.000431027934823734,0.000372356567826886,0.000637722940072775,0.000393929669795976,0.000342598453138933,0.000555184015755186,0.000294458279712381,0.000631962015998899,0.000545878054048921
"chr8",6450001,6550000,6500000.5,0.000463058671911141,0.000476884852901181,0.00041251181340076,0.000696329172293403,0.000464384413447056,0.000396583406891126,0.000591377335778107,0.000354103445683697,0.000711545420033748,0.000602188416948753
"chr8",6525001,6625000,6575000.5,0.000541844185927627,0.000556934496986644,0.000499595876680734,0.000769683435701841,0.00050638642755527,0.000445602849669604,0.000650263502125074,0.000387761778618316,0.000760350084217905,0.000654274337660225
"chr8",6600001,6700000,6650000.5,0.000470389424989664,0.000475764027798155,0.000410899456441298,0.000626084197095546,0.000483950405973849,0.000403963583638685,0.000546625182637464,0.000335493279815172,0.000655500027856489,0.000541200616362885
"chr8",6675001,6775000,6725000.5,0.000430570348478524,0.000401311066675716,0.000373713990099956,0.000656776189743028,0.000425109033042493,0.000379484693222576,0.00053715229247483,0.000285846824163109,0.000641911543578492,0.000566628402482692
"chr8",6750001,6850000,6800000.5,0.000410419873249675,0.000375917439410262,0.000342024141198487,0.000676783927715525,0.000387234129682936,0.000342072960954124,0.000601881744147106,0.000275350447064256,0.0006426193774359,0.000573559277732411
"chr8",6825001,6925000,6875000.5,0.000426271226455251,0.000411115613476285,0.000376393191899747,0.000677393138746715,0.000413830150605567,0.000369040072071935,0.000589082834653962,0.0003134956897261,0.000659158076951713,0.000570165199421708
"chr8",6900001,7e+06,6950000.5,0.000420316748158234,0.000372388585511262,0.000355605911273982,0.000688991812916347,0.000412455287544526,0.000371593456930965,0.000626409296589137,0.000288246779511404,0.000663852954567035,0.000589096073768816
"chr8",6975001,7075000,7025000.5,0.000336375049443115,0.000319985246046323,0.000298857244923536,0.000545434776585412,0.000330354677672228,0.000301673195146992,0.000499045670225941,0.0002554182807352,0.000565843324862185,0.000497386863047868
"chr8",7050001,7150000,7100000.5,0.000410717561552733,0.000401863701730511,0.000366732748182916,0.000600728268260682,0.000420901624427999,0.000365073827399856,0.000545530914676426,0.000317699750062884,0.000649794005050222,0.000547120588038874
"chr8",7125001,7225000,7175000.5,0.000458919068995169,0.000397029429838801,0.000367352816332738,0.000623591910815055,0.000454934015616999,0.000390665761600392,0.00057736190194291,0.000299164360618219,0.000651307757418184,0.000553172508084905
"chr8",7200001,7300000,7250000.5,0.000394947526770193,0.000370869719522741,0.000333440052799537,0.00060008797118392,0.000395009333172302,0.000347319041852683,0.000574941344574707,0.000277977399123114,0.000663034579465416,0.000574244290926915
"chr8",7275001,7375000,7325000.5,0.000361420707120823,0.00037745169642443,0.000338304295209268,0.000589706581864851,0.000362496314053424,0.000321812466840829,0.000551109980549094,0.000303582108995465,0.000635423359440726,0.000545014633124675
"chr8",7350001,7450000,7400000.5,0.000350089245796233,0.000348144406213461,0.000315635901408315,0.000552245776850221,0.000359481757021778,0.00031707948129062,0.000509083382557792,0.000270772953418082,0.000606792257895343,0.000526026211942086
"chr8",7425001,7525000,7475000.5,0.000333075063652829,0.000325574182246957,0.000300708752695094,0.000498301075119201,0.000327823979437556,0.000301287018438287,0.000447771549693223,0.000276498160739669,0.000517182611952232,0.000446197301651179
"chr8",7500001,7600000,7550000.5,0.000312923377676316,0.000287307039425267,0.000261990025481469,0.000405952666120841,0.000308608681693798,0.000276108420736101,0.000322713118479852,0.000240948388950405,0.0004041495565573,0.00036032626550952
"chr8",7575001,7675000,7625000.5,0.00024497767969224,0.000257618867225384,0.000229019690302699,0.000368153062100282,0.00026390586409017,0.000228061504894422,0.000315236290043827,0.000221545669261177,0.00037450875691912,0.000338015349704793
"chr8",7650001,7750000,7700000.5,0.000354059255431873,0.000342394767440738,0.000315601650602908,0.000497576050878808,0.000377036003910845,0.000321620887054307,0.000387420966269133,0.000298023992062841,0.000532997949586355,0.000442556702947363
"chr8",7725001,7825000,7775000.5,0.000347263032006916,0.000305646532761397,0.000285012912245632,0.000517370133612612,0.000344824090122845,0.000308596513791138,0.000418315949669638,0.000256759107701454,0.000527102282890676,0.00045265051485791
"chr8",7800001,7900000,7850000.5,0.000358828171441591,0.00031676678299572,0.000288068044447707,0.000507563538581745,0.000362702006338466,0.000316106210191791,0.000401225021863064,0.000283585604366839,0.000508733170912322,0.000440971640865265
"chr8",7875001,7975000,7925000.5,0.000378886945467212,0.000371856761476892,0.000338095980909355,0.000528136803673331,0.000383941165585353,0.000332977201806438,0.000433924303873849,0.000325623448881581,0.000554321403684953,0.000460525820323385
"chr8",7950001,8050000,8000000.5,0.000256107238227408,0.00024593467445671,0.000228235307195221,0.000338720338969795,0.000273461446337651,0.000237703081997525,0.000300488028356898,0.000225967683206532,0.000392586111187862,0.00032478182105289
"chr8",8025001,8125000,8075000.5,0.000322422789496792,0.000298815396698,0.00027319481732739,0.000470939900123692,0.000313218208795659,0.000278113177472184,0.000410169272995073,0.00025055060902768,0.000489800864374841,0.000421110617531369
"chr8",8100001,8200000,8150000.5,0.000340089993284398,0.000326110076918135,0.000304857643105963,0.000453521162015412,0.00036137014937592,0.000321614489619879,0.000408336021935484,0.000298797335097046,0.000486152668558752,0.00042775446388149
"chr8",8175001,8275000,8225000.5,0.000483036339869026,0.000462604142162685,0.000411694690149367,0.000675456737707206,0.000505982488752989,0.000435822654888293,0.000625156537781236,0.000397625592271159,0.000758732932031256,0.000624357969491836
"chr8",8250001,8350000,8300000.5,0.000425439117916785,0.000393277605361805,0.000355836178976716,0.000613343741341241,0.000446608218592869,0.000395321638261386,0.000587662240410663,0.000344467286994774,0.000690400395780444,0.00058083184616807
"chr8",8325001,8425000,8375000.5,0.000378010501099933,0.00036225933080485,0.000321065709591678,0.000496845278465136,0.000399569420373014,0.000355400074074878,0.000483722873039492,0.000322120955065682,0.000544620564592312,0.000467376875348368
"chr8",8400001,8500000,8450000.5,0.000339458703926718,0.000314884248619143,0.000282615558036081,0.000478255492589572,0.000366089610846303,0.00032369347934732,0.00044504049678395,0.000295113227441346,0.000520704118004589,0.000457848972989259
"chr8",8475001,8575000,8525000.5,0.000349735352907514,0.000307496042521753,0.000288827306028304,0.00049434226665285,0.000374271738020044,0.000342663013700864,0.00048833075240025,0.000279922698417434,0.000550723322759849,0.000484128714801694
"chr8",8550001,8650000,8600000.5,0.000239245136988437,0.00023256969489446,0.000207192175266485,0.000306759085731137,0.000269845527743919,0.000240613292074374,0.000305766877366513,0.000212162131130785,0.000355334165827814,0.000295524569466326
"chr8",8625001,8725000,8675000.5,0.000178466612061434,0.000179444851381006,0.000156962702215192,0.00022505257709795,0.00018878941496277,0.000166890180402222,0.00021132764119339,0.000154900155453196,0.000246077357892878,0.000206561118231511
"chr8",8700001,8800000,8750000.5,0.000323036852976343,0.000343403377000926,0.000304977068445136,0.000564363752167024,0.000317340526711805,0.000283801195483126,0.000489536794528514,0.000276910276529354,0.000586357970629914,0.000511971516353343
"chr8",8775001,8875000,8825000.5,0.000490962079132836,0.000491105118840915,0.000444723098476073,0.000829446089585941,0.000479346402686446,0.000432110599923391,0.000723245348916879,0.000405175330845887,0.000840082343839822,0.000737688336227917
"chr8",8850001,8950000,8900000.5,0.000643856267882594,0.000608584641144012,0.000545849909642038,0.00104293065738106,0.000629488420486188,0.000550445435095167,0.000879273717334741,0.000497921754296883,0.00100954953292756,0.00088133495259087
"chr8",8925001,9025000,8975000.5,0.000537869288264372,0.000515678832348277,0.000465990033061038,0.000805437971333037,0.000534555720372021,0.00047486499926623,0.000729387646129854,0.000406563149290625,0.000810812347987227,0.000727784129840376
"chr8",9000001,9100000,9050000.5,0.000487374507598248,0.000464737794677696,0.000429184261981884,0.000800128293913286,0.000477263350334714,0.00044094869841469,0.000736893139642171,0.00038998152466609,0.000811423087478226,0.000731018875400878
"chr8",9075001,9175000,9125000.5,0.000473166153029875,0.000432303524892286,0.000392099049625024,0.000668035894598708,0.000449228205883525,0.000407324785272305,0.000590006865130205,0.000335580407830565,0.000662812244181075,0.000590659499297492
"chr8",9150001,9250000,9200000.5,0.000273653042692078,0.000274988237777506,0.000252263118369472,0.000401335286835964,0.000274369761326408,0.000256958644079105,0.00036218709410067,0.000248888579873375,0.00042203862542578,0.000375068541445217
"chr8",9225001,9325000,9275000.5,0.00016400998695349,0.000159370371755559,0.000139211675404028,0.000219929778887219,0.000180017672325527,0.000157762211596768,0.000222290772356468,0.000142821076187069,0.000248468477674678,0.000210576893567945
"chr8",9300001,9400000,9350000.5,0.000338209733911515,0.000330759746516877,0.000296351972545338,0.000480577944996179,0.000343497765161479,0.000304682493950559,0.000409183997193833,0.000274061794248659,0.000492621775611796,0.000428984175513393
"chr8",9375001,9475000,9425000.5,0.000169258004571935,0.000170524186792781,0.000155384999080561,0.000201540740165108,0.000173865211197018,0.000156798736670558,0.000182837704339851,0.000138036803370939,0.000225192146002973,0.000191353523869698
"chr8",9450001,9550000,9500000.5,0.00025080311989214,0.000274094629104929,0.000225060718043201,0.00039054495078936,0.000278838629181819,0.000238615938216434,0.000415903397164463,0.000240681725141943,0.000468508628982184,0.0003816591754161
"chr8",9525001,9625000,9575000.5,0.000312810981570673,0.00032179588548118,0.00027610702918997,0.000391896037035462,0.000315957653985402,0.000289074138964507,0.000394209478670103,0.000272678272750562,0.000447969394526257,0.000383890401119213
"chr8",9600001,9700000,9650000.5,0.000222468299924707,0.000219363704643194,0.00019089826385311,0.00028353903978154,0.000247101674329163,0.000216254366357893,0.000289677699999421,0.000196429462450195,0.000339991779202955,0.000286829848948231
"chr8",9675001,9775000,9725000.5,0.000272447433820712,0.000266504136768027,0.0002378472635193,0.000429102890920184,0.000275696085476782,0.000246481360108299,0.000389696499429231,0.000224098324814642,0.000453661567333514,0.000389211457837421
"chr8",9750001,9850000,9800000.5,0.000359683326549554,0.000362783454492675,0.00032268946084971,0.0005926638137726,0.000389143385074911,0.000341883925336424,0.000525893720971129,0.0003109650685588,0.00065128795449959,0.000563613440469077
"chr8",9825001,9925000,9875000.5,0.000198228404320818,0.000207427979131686,0.00017723449266616,0.000272465689349514,0.000237288567616291,0.000199100165080073,0.000259704739108457,0.000173344838025387,0.000298396490068479,0.000257162813479139
"chr8",9900001,1e+07,9950000.5,0.00012486951773928,0.000120821501090913,0.000106228833854065,0.000160465301215412,0.000152987776291976,0.000130628873292557,0.00016739050485257,0.000115792116294662,0.000194611968466788,0.00016175334314441
"chr8",9975001,10075000,10025000.5,0.000230343498254962,0.000205113694236823,0.000197065186864243,0.000311814894823292,0.000254425858521079,0.00022827211544275,0.000302514803455454,0.000204181780031829,0.000350286002505694,0.000299763222548218
"chr8",10050001,10150000,10100000.5,0.00043812508325342,0.000389039279243604,0.000362423766189989,0.000719609730551372,0.000447324200156569,0.000398533329389483,0.00065408801204692,0.000347363146509918,0.000758839259779885,0.000644396682664384
"chr8",10125001,10225000,10175000.5,0.00047654584654233,0.000460847713326852,0.000439322623826887,0.000705066913734113,0.000450003942869529,0.000428936901836442,0.000621098570107112,0.000380333828913695,0.000694680437562587,0.00062691398140484
"chr8",10200001,10300000,10250000.5,0.000294927000131497,0.000304276344134201,0.000278447200488846,0.000408514221877359,0.000334455617603022,0.00029085346782587,0.000367694997832907,0.000273871607621346,0.000448442432181774,0.000389196059393036
"chr8",10275001,10375000,10325000.5,0.000267995270568454,0.000307062008284281,0.000257593753152758,0.000382821125336847,0.000328939272777897,0.000252267862862899,0.00034201713063276,0.000271538098455011,0.000459602929020698,0.000361292028055811
"chr8",10350001,10450000,10400000.5,0.000325874188225165,0.000353903321584868,0.000311974759703405,0.000471684578192953,0.000354135465264754,0.000291866103407529,0.000427428507375306,0.00029567272273811,0.000495865927055893,0.000419429736938962
"chr8",10425001,10525000,10475000.5,0.00039875234941799,0.000422392745940367,0.000382707411289457,0.000499231884441034,0.000418956675174913,0.000352832085701772,0.000416276644996293,0.000368128121798162,0.000521857362399964,0.00042928166091673
"chr8",10500001,10600000,10550000.5,0.000340615370309784,0.000361310187663377,0.000343167896211167,0.000536826769212655,0.00031988979406261,0.000307812308323386,0.000456192342275483,0.000307472159329555,0.000516183196915366,0.000461772207606817
"chr8",10575001,10675000,10625000.5,0.000308138114517278,0.000299786134032461,0.000279543417557863,0.000435179388876656,0.000303963217762986,0.00027719872100962,0.000395802435033207,0.000257088490761428,0.000436144015950823,0.000395262132697204
"chr8",10650001,10750000,10700000.5,0.000295072344496611,0.000285460992296719,0.000249861989619324,0.000331612718005362,0.000335264988076753,0.000285285490066105,0.000345640469918955,0.000251287989784938,0.000386219807532116,0.000325997037485787
"chr8",10725001,10825000,10775000.5,0.000304703205972288,0.000301731013933654,0.000264958243644699,0.000395253857872789,0.000346149941732671,0.00029296511560457,0.000367946770445205,0.000262383664629486,0.000460527572426119,0.000383674416901841
"chr8",10800001,10900000,10850000.5,0.000361324419227674,0.00036107535935029,0.000329706827197187,0.000494298838343181,0.000371253175268969,0.000331889482993582,0.00040854522387348,0.00031914429772466,0.000516922510609164,0.000457251757176491
"chr8",10875001,10975000,10925000.5,0.000474041421910889,0.000460821351893443,0.000421364057409769,0.000706155345118166,0.000456892299987767,0.000408563910090519,0.00058102894699731,0.000379920089033853,0.000671310416289246,0.000602451191338219
"chr8",10950001,11050000,11000000.5,0.00128656415935645,0.00124328820995026,0.00126671094931907,0.0013102501090177,0.00124931917329086,0.0012710523971273,0.00131385518416992,0.00122722930053964,0.00127287773710251,0.00129160649218081
"chr8",11025001,11125000,11075000.5,0.000531286970912584,0.000504567877556035,0.000476076586574516,0.000824639227028668,0.000550387128353504,0.000458974416314027,0.000698989342921345,0.000428270613148776,0.000815270610868646,0.000696013520949566
"chr8",11100001,11200000,11150000.5,0.000529914186844003,0.000536491329726154,0.000499971692383553,0.00078307392675703,0.000527903873654051,0.000470041973944507,0.00069038543560287,0.000442206780964994,0.000782014564769181,0.000669725570351855
"chr8",11175001,11275000,11225000.5,0.000517220729621752,0.000574421211405275,0.000501392481246875,0.000660730277409139,0.00053002241337011,0.000458056012221125,0.000537415644263318,0.000406791617802084,0.000665301599384269,0.000578285103810462
"chr8",11250001,11350000,11300000.5,0.000496425821850721,0.000511110254690846,0.000450681951631602,0.000777043870986177,0.000522440040433743,0.000435633181652588,0.000642345282972496,0.000391658335179978,0.000804663256403758,0.000661209962574483
"chr8",11325001,11425000,11375000.5,0.000459092794023727,0.000466607604543629,0.000419804926587102,0.000726808006708199,0.0004682799056582,0.000406411939712997,0.000625686625758945,0.000384120291183662,0.000752822080988547,0.000624677402750941
"chr8",11400001,11500000,11450000.5,0.00048546647774305,0.000467040520833186,0.000423816027822044,0.00079938065187584,0.000468942164473271,0.000416064606501224,0.000683318960758395,0.000378063331368086,0.000792947462396201,0.000690716922379881
"chr8",11475001,11575000,11525000.5,0.000605939909858625,0.000592964446848659,0.000538553897356838,0.000884473422628678,0.000600029106794342,0.000511052929950422,0.00074550965160282,0.000476531934978759,0.000908062970925568,0.000752099804759669
"chr8",11550001,11650000,11600000.5,0.000507151698025483,0.000481160951347771,0.000441892047551111,0.000736273707404071,0.000491921773128189,0.000430191065353192,0.000637235972149084,0.000378712095101584,0.000702847124823597,0.000632712194231399
"chr8",11625001,11725000,11675000.5,0.000636493986354337,0.000639668687490763,0.000584466779801253,0.00101602256739068,0.000651816439034744,0.000570249919540813,0.000927829326452262,0.000527641827558909,0.00101964101458502,0.000908163715568075
"chr8",11700001,11800000,11750000.5,0.000566417865791392,0.000587554856285759,0.000519571571463753,0.000910047470856083,0.000633608098112364,0.000519127397652759,0.000806565995465513,0.000483070510064118,0.000931841081099053,0.000795734007676324
"chr8",11775001,11875000,11825000.5,0.000462430767034362,0.000485800992711516,0.000445549134930006,0.000748154007950256,0.000529525310369241,0.000402339505931708,0.000589144826648421,0.000421170743780949,0.000769798968885867,0.000622851086636719
"chr8",11850001,11950000,11900000.5,0.000519154941049057,0.000489391743664485,0.00048509283597382,0.000787735267590366,0.000587316652310759,0.000472102104411485,0.00069698050596168,0.000439407890659989,0.00074195750767534,0.000692878445619372
"chr8",11925001,12025000,11975000.5,0.00048353619853033,0.00046632838630644,0.000455547476833319,0.000737674845757118,0.000522042433257975,0.000438615077395834,0.000641750837889321,0.000398416840072592,0.000694375752888893,0.000653765929559062
"chr8",12000001,12100000,12050000.5,0.000465807520324874,0.000458087629586509,0.000430010814351152,0.000754645968715446,0.000552152726338131,0.000417926534572375,0.000628503885759502,0.00037299432218753,0.000741044788872167,0.000648506755897409
"chr8",12075001,12175000,12125000.5,0.000466437975518193,0.000356706730636459,0.000372059227654606,0.000748859873090255,0.000527477411332613,0.000393238643232646,0.000587540972097289,0.000307427652053408,0.000739909102495067,0.000619818468234093
"chr8",12150001,12250000,12200000.5,0.000502968536333085,0.000497986425008714,0.000450656065995158,0.00080706390780233,0.000588159707258521,0.000440371787496561,0.000617356476175341,0.000379861124598691,0.000787654972220988,0.000678840141037773
"chr8",12225001,12325000,12275000.5,0.00042892776114238,0.00055644150080739,0.000447694977008692,0.000668146587960763,0.000573848060014147,0.000404590502893175,0.000514269320660701,0.000390166292898069,0.000716215575122813,0.000575467649291682
"chr8",12300001,12400000,12350000.5,0.00037511628282972,0.000546106846728743,0.000425670858564295,0.000668362098490254,0.000491160525061807,0.000376230637800178,0.000538389988374427,0.000356946751116775,0.000694255811000893,0.000577225182814278
"chr8",12375001,12475000,12425000.5,0.000346060814334624,0.000579389538316619,0.000434592597580298,0.000836270417966823,0.000540004145144933,0.000392575128195417,0.000732860413583704,0.000387715399592166,0.00079589637421969,0.000711936180905892
"chr8",12450001,12550000,12500000.5,0.000343056043480237,0.000583255519110984,0.0004320829698769,0.000766842498582948,0.000527789584203507,0.000396420402685923,0.000660915348595326,0.000389415013472737,0.000690161081104139,0.00064210760356906
"chr8",12525001,12625000,12575000.5,0.000353143252823757,0.000411607823112787,0.00033808006098267,0.000525039327007806,0.00043860913363495,0.000326457507701331,0.000444854899728044,0.000315525653849822,0.000516360275153296,0.000458560832629133
"chr8",12600001,12700000,12650000.5,0.000360349197960517,0.000477928508443283,0.000323669938754318,0.000491348301563374,0.000404942574463039,0.000330975794338509,0.000366047393104304,0.000364328343662844,0.000442495409935673,0.000413426785214619
"chr8",12675001,12775000,12725000.5,0.000236043042333239,0.000381395400049941,0.000262081409137066,0.000348820097701735,0.000350469614100183,0.000246973047206282,0.000279629314488736,0.00029141222259775,0.000393798552925375,0.000320466078233526
"chr8",12750001,12850000,12800000.5,0.000269260427394501,0.000417698387413085,0.000295304650087238,0.000401803335852717,0.000369246335738411,0.000276039021374105,0.000316224526609456,0.000305467261673166,0.000411605869028222,0.00035658308348193
"chr8",12825001,12925000,12875000.5,0.000237680874228844,0.000279156089700428,0.000244858705238226,0.000415969936061525,0.000257283625609556,0.000227247249219522,0.000356685055957875,0.000196275261133458,0.000382802545251797,0.00035012428704017
"chr8",12900001,1.3e+07,12950000.5,0.000347633163499815,0.000365571738266387,0.000344564852109065,0.000545953029514438,0.000418187591875753,0.0003277695914658,0.000490265595243277,0.000296093073457812,0.000524639088634045,0.00046775378628454
"chr8",12975001,13075000,13025000.5,0.000375063761912055,0.000337097414755307,0.000326390080170512,0.000528959285983176,0.000418889050350677,0.000325966254746094,0.000440611388302337,0.000274307414779863,0.000525072462093545,0.000445392942544418
"chr8",13050001,13150000,13100000.5,0.000367309879037644,0.000332036236052634,0.000309324600943592,0.000592334293971853,0.000451024530532592,0.000341764927941241,0.000483844066075648,0.000276290984789103,0.000604722290571045,0.000508030114084346
"chr8",13125001,13225000,13175000.5,0.000529846632529966,0.000391089306124157,0.000402567017649872,0.000767330813919859,0.000596032577023414,0.000443015243285686,0.00059882667535432,0.000327872601258096,0.000743112609791631,0.000627863968043607
"chr8",13200001,13300000,13250000.5,0.000453696846762547,0.000421160358636587,0.000411677269504245,0.000742725495647457,0.000496427506281977,0.000399803057301107,0.000624691976506924,0.000372725010603038,0.000685364750005707,0.000632253901230377
"chr8",13275001,13375000,13325000.5,0.000375083898036154,0.000410388164765859,0.000378032433383626,0.000687784524455039,0.000447370298954754,0.000341877208206507,0.000536973122732601,0.000339385851986481,0.000711609138120242,0.000592641582213866
"chr8",13350001,13450000,13400000.5,0.000355235858883608,0.000412788581711115,0.000347051585670231,0.000675632533789551,0.000437361064890828,0.000319159552627535,0.00057577425577038,0.000320709390690892,0.000641849652047612,0.000574241501986094
"chr8",13425001,13525000,13475000.5,0.000396084165998417,0.000486914095886251,0.000400879848360709,0.000670442132822345,0.000512024856419273,0.000355993815871089,0.000540419157910343,0.000400134037132628,0.000695200365527286,0.00058345465625185
"chr8",13500001,13600000,13550000.5,0.000449411533885144,0.000488307922159547,0.000427235049980218,0.000620985608399164,0.000511278799165142,0.000387072170100532,0.000493135796615433,0.000404129369924229,0.000662705993374956,0.000528278567552553
"chr8",13575001,13675000,13625000.5,0.000495538901700439,0.00047296316299122,0.00042680973196729,0.000715548252745995,0.000495313716710608,0.000410779551388495,0.000605952730771972,0.000389417346917011,0.000705339337212935,0.000587260184455368
"chr8",13650001,13750000,13700000.5,0.000405552218828813,0.00038326058791141,0.00035014493657308,0.000564404874169206,0.000415890405463573,0.0003524259758925,0.000475311447613974,0.000302533223030908,0.000568931733698122,0.000484121086577304
"chr8",13725001,13825000,13775000.5,0.000463653980287417,0.000433963795579372,0.00040405261533298,0.000645378022565691,0.000457194879162638,0.000417398539815273,0.000560149017365409,0.000368968606627029,0.000635050381240913,0.000567218239526448
"chr8",13800001,13900000,13850000.5,0.000526228792795341,0.000503393768105371,0.00046635635388532,0.000788328870836797,0.000547752089134955,0.000481642007420542,0.000710210110674823,0.00040341316124402,0.000754308291644122,0.000680985334899839
"chr8",13875001,13975000,13925000.5,0.000605515542394514,0.000571284183241025,0.000530909797634425,0.000810222089294231,0.000601403736700655,0.000538286724381955,0.000738740850435214,0.000440124744820073,0.0008500207793199,0.0007158901095858
"chr8",13950001,14050000,14000000.5,0.000467704616405761,0.000481959742394067,0.00042833541055672,0.000671888951798066,0.000487184994974028,0.00042732617606022,0.000618326450623048,0.000398046865064406,0.000694342724476917,0.000582468814874302
"chr8",14025001,14125000,14075000.5,0.000423395252511895,0.000408585901349651,0.000382345524499113,0.000739441238600204,0.000414927565830983,0.000378265069859343,0.000680556605436075,0.00032746627091404,0.000752154460892117,0.000677681530458854
"chr8",14100001,14200000,14150000.5,0.000418973399620977,0.000385735263753483,0.000368912379382753,0.000676638483071625,0.000406952581519798,0.000376562995076667,0.00060199005702802,0.000316707627264574,0.000698922207229756,0.000621967248425859
"chr8",14175001,14275000,14225000.5,0.000678962266020568,0.000659006362834915,0.000628359426087947,0.00103931625874312,0.000677927914520464,0.000611909725114265,0.000876873121012294,0.000563221175181865,0.00105702013329942,0.000913056978479365
"chr8",14250001,14350000,14300000.5,0.000674705840873818,0.000634187802467815,0.000592782092943879,0.00112434788584346,0.000644921265550836,0.000582422812619524,0.000948475405588295,0.000516158671405605,0.0011322018433877,0.000982343714792175
"chr8",14325001,14425000,14375000.5,0.000552444994994421,0.000492735482326921,0.00046751987744089,0.000809008193009181,0.000510620102097568,0.000473777326746286,0.000702514506950897,0.000385487136963952,0.000790451214889262,0.000713487726501058
"chr8",14400001,14500000,14450000.5,0.000582978104262593,0.000528479428712553,0.000493449690909991,0.000861254023244594,0.000562214667238092,0.000497859102203602,0.000746401802622819,0.000435886198682278,0.000838605228608644,0.000729856594748498
"chr8",14475001,14575000,14525000.5,0.000467990009868597,0.00044459261038568,0.000407069867910365,0.000556902169822926,0.000463881025250418,0.000410299612666021,0.000474638590138797,0.000353483133042864,0.000548381463581977,0.000481275689376586
"chr8",14550001,14650000,14600000.5,0.000242846542103329,0.000275053444776769,0.000238079930480995,0.000378007341072982,0.000256165094424117,0.000221235315495318,0.000326973509910143,0.000190378341511577,0.000410811003056037,0.000347076503915713
"chr8",14625001,14725000,14675000.5,0.000453942018170903,0.000560180014530143,0.000457933191475204,0.000691393216614927,0.000550175909461523,0.000435103002523326,0.000585037149083754,0.000370195941037031,0.00070536276561971,0.000612495606138427
"chr8",14700001,14800000,14750000.5,0.000405508756699699,0.000441095325430463,0.000395623655236703,0.000658009651713894,0.000464067447301836,0.000381974883110708,0.000551687664047369,0.000325624345780612,0.000682710845460218,0.000588485656542994
"chr8",14775001,14875000,14825000.5,0.000380109714128359,0.000373586804549387,0.000350580705368786,0.000599059397288856,0.000401256898920184,0.000339468214827026,0.000499956586566737,0.000273264980754907,0.000595141965310728,0.000524765853073667
"chr8",14850001,14950000,14900000.5,0.000425247553049464,0.000465816948122944,0.000425584017364646,0.000625720784111015,0.000510015784441737,0.000408217125740967,0.000532738134765342,0.000357915298554118,0.000641976836768425,0.000562496061523336
"chr8",14925001,15025000,14975000.5,0.000544573421322159,0.000505716444656345,0.000484845801006295,0.000702028244903451,0.000607217005235833,0.000495059640698825,0.000559506606741778,0.000438172175219651,0.000731068214548537,0.000637142828243424
"chr8",15000001,15100000,15050000.5,0.000464818223604575,0.000446432868212678,0.000410348681732893,0.000576410031951102,0.000474009046841124,0.000405016698900424,0.000460545958320869,0.000373991398445567,0.000571513571388889,0.000493413147880479
"chr8",15075001,15175000,15125000.5,0.000996840098099384,0.000967298079748758,0.000983221062831889,0.00100539843389384,0.000972069996238955,0.000987995964512762,0.00101028680113019,0.000957105477311188,0.000978462744059484,0.00099349791043669
"chr8",15150001,15250000,15200000.5,0.000561917467612537,0.000543881310694584,0.000495970861466785,0.000768111008509662,0.000522676610794227,0.000485648550921646,0.000665333950773538,0.000445329420564963,0.000765050933458835,0.000667688756994437
"chr8",15225001,15325000,15275000.5,0.000505127502470395,0.000466923064301725,0.000419989332970377,0.00070291956065788,0.000496676969920119,0.000446650656134537,0.000609024657790393,0.000398433081128767,0.000702652843118163,0.00059643261633135
"chr8",15300001,15400000,15350000.5,0.000355146488371117,0.000326376049695187,0.000292981650794347,0.000553092062710031,0.000358054203519248,0.000310639337426415,0.000513158730665727,0.000284618746999724,0.000541590002267945,0.000464595962348918
"chr8",15375001,15475000,15425000.5,0.000415555089223292,0.000370006847379926,0.000332634353502472,0.00057612268486262,0.000410668452864938,0.00036017461868948,0.000490460776301094,0.000298241272768333,0.000560596655895477,0.000490033270547821
"chr8",15450001,15550000,15500000.5,0.00056699856891816,0.000556170659734078,0.000513378941720501,0.000867722624719198,0.000598176844871605,0.000516554819811465,0.00069324570829295,0.000440310500052181,0.000893101477550063,0.000765701618365704
"chr8",15525001,15625000,15575000.5,0.000475396574359572,0.000420823427662144,0.000402272712599631,0.000714158641782743,0.00049632762137028,0.000432580808774392,0.000601011606822741,0.000350111423146218,0.000737796130225108,0.000637799270800647
"chr8",15600001,15700000,15650000.5,0.000364511262994379,0.000264751063863812,0.000254861685062221,0.000546567938240355,0.000363963405993209,0.000324306290195071,0.000423983744949911,0.00023532751165117,0.000561779862937552,0.000484414576405548
"chr8",15675001,15775000,15725000.5,0.00037942887631894,0.000331581251714788,0.000299020712099055,0.000551096027139622,0.000415399458527265,0.000362352871067865,0.000476314721061628,0.000275361571612275,0.000594754569198294,0.000507849841982548
"chr8",15750001,15850000,15800000.5,0.000516126095435632,0.000491136973864788,0.000442945264095735,0.000776692361810104,0.000526540535667018,0.000461342818959665,0.000640245957425297,0.000410356498489007,0.000779103032960351,0.000672173632809663
"chr8",15825001,15925000,15875000.5,0.000651662554323336,0.000580882345653802,0.000526656637617019,0.000927661507391893,0.00062885371701557,0.000566452595105188,0.000773183584726742,0.000492204879559356,0.000901765689125115,0.000790996994501998
"chr8",15900001,1.6e+07,15950000.5,0.000595014339033208,0.000529952048657979,0.000473344254972955,0.000884580404976296,0.000594558005492984,0.000529985345324901,0.000753910177606,0.00044724283257443,0.000886070248134315,0.000776068423162697
"chr8",15975001,16075000,16025000.5,0.00108261797524027,0.00104150973017385,0.00106657355404146,0.00109143490346581,0.00104746277713071,0.00107252043750651,0.00109812338624926,0.00102944499865856,0.00105569106396908,0.00107965177295418
"chr8",16050001,16150000,16100000.5,0.000486891236026012,0.000428928766724383,0.000390484976111317,0.00087902489824027,0.000468461736962115,0.000416049921980764,0.000764683845939666,0.000346367390906547,0.000871101351924274,0.000750686045628728
"chr8",16125001,16225000,16175000.5,0.000580985735230232,0.000526669739549523,0.000482876467241119,0.000855590980866874,0.000556820762867224,0.000500827037455834,0.000715395765046642,0.000429862737618767,0.000849374400575045,0.000740193750924032
"chr8",16200001,16300000,16250000.5,0.000877359652494819,0.00084915759632473,0.000864055424312305,0.000887729667520661,0.000850763560517477,0.000864930458547559,0.000888714098668147,0.000836247229192007,0.000859355965715579,0.00087402724394106
"chr8",16275001,16375000,16325000.5,0.000528352773878392,0.000528812620592979,0.000471468145720153,0.000836712454129133,0.00053106025241307,0.000476715814167199,0.000718948294057839,0.000441801315122338,0.000835673729935958,0.000724250451089502
"chr8",16350001,16450000,16400000.5,0.000575838840253223,0.000527742523799107,0.000477421481599233,0.000921284283424949,0.000539298415786868,0.000487134563263566,0.000781255257154777,0.000425865905567307,0.000885786480949651,0.000774958601136501
"chr8",16425001,16525000,16475000.5,0.000488282706969743,0.000444593251613093,0.000392907045398556,0.000770457797426908,0.000470217725423294,0.000406676273639662,0.000637745250627828,0.000363773289846251,0.000748019506960949,0.000633255819425498
"chr8",16500001,16600000,16550000.5,0.000430192330947792,0.000388440268529289,0.000316320767237814,0.000689577039243831,0.000431270531410846,0.000364368190586455,0.000606922396486631,0.000303794714541744,0.000695702568597013,0.000591922743609259
"chr8",16575001,16675000,16625000.5,0.000531771299391445,0.00048520649540448,0.000426814143944227,0.000907819736890373,0.000538175895353763,0.00047466226362787,0.000786162188021137,0.000390015058899132,0.000931127775260253,0.000816293779818083
"chr8",16650001,16750000,16700000.5,0.000577165231195901,0.000481896195063741,0.000454349266015777,0.000852275206933186,0.000567231692195879,0.000512122370391088,0.000700662781526797,0.000392790988765989,0.000855902702460655,0.00075866827193044
"chr8",16725001,16825000,16775000.5,0.00067979846227415,0.000572703272948767,0.000536525116107407,0.000932206798923193,0.000670352622137011,0.000596835302074405,0.00076799454702805,0.00049862098789676,0.000934675977141563,0.000815853399804112
"chr8",16800001,16900000,16850000.5,0.000667878144026879,0.000630424896098329,0.00057147403925815,0.00100242787983086,0.000649256161824656,0.000591368060564111,0.000895193644581556,0.000544924809184518,0.000967323585873601,0.000865777135339948
"chr8",16875001,16975000,16925000.5,0.000611350533196083,0.00054794468129621,0.000502618774932219,0.000978794669279805,0.000586794795543341,0.000537473970220078,0.000858820400013996,0.000464577211535673,0.000932108892264278,0.000839472991113851
"chr8",16950001,17050000,17000000.5,0.000568229558656449,0.00048307704500375,0.00043667744756962,0.00106888379627338,0.000559393138421106,0.000496668615039775,0.000906792476589107,0.000399961872281227,0.00105303486727515,0.000920993177461617
"chr8",17025001,17125000,17075000.5,0.000455582767004559,0.0004443266907502,0.000410461803093514,0.000608697227370749,0.000446105682010506,0.000395477040048768,0.000507330578734827,0.00037792090874585,0.000584798949993627,0.000532047638815332
"chr8",17100001,17200000,17150000.5,0.000460478185449342,0.000404983301230629,0.000395947620710133,0.000654189716664629,0.000467134553978718,0.000385253924974531,0.000564473419082431,0.000380479609262156,0.000629685479115486,0.000563319743026345
"chr8",17175001,17275000,17225000.5,0.000444164055279262,0.000518045439050016,0.000438795038527845,0.000661630869140741,0.000495881511224838,0.000406915830990786,0.000588391726355719,0.000411313509562155,0.000621363246324554,0.000576930250441889
"chr8",17250001,17350000,17300000.5,0.000409907891595292,0.000578952599608293,0.000431504116373288,0.000595820732560603,0.000514272563822016,0.000395151821176216,0.000547670823652335,0.000424970387835466,0.000600545986148704,0.000531168985297594
"chr8",17325001,17425000,17375000.5,0.000504725313378296,0.000573316745637133,0.000476633538044171,0.000717089831944924,0.000537515461093768,0.000455448126922958,0.00063703685153598,0.000448012202052347,0.000625663350253639,0.000597047999280336
"chr8",17400001,17500000,17450000.5,0.000521399079077463,0.000588182264992669,0.000492589445853702,0.000740350756996966,0.00054205444808337,0.000452329675389018,0.000622315094068144,0.000450867537297815,0.000747674564953383,0.000638152238542135
"chr8",17475001,17575000,17525000.5,0.00046993924666141,0.000513643180844849,0.000446357619726023,0.00070051125443617,0.000522856780409447,0.000427245529653979,0.000617994176666471,0.000455815129992045,0.000708451207103498,0.000637777838191181
"chr8",17550001,17650000,17600000.5,0.000500719162138517,0.000499486626656722,0.000461490698764418,0.000684801144591788,0.000546816754333088,0.000428384997564222,0.000513339603680879,0.000441456076850773,0.000695983501870274,0.000581598914066541
"chr8",17625001,17725000,17675000.5,0.00102363069463216,0.000990838485040351,0.00101554016579357,0.00103176321849696,0.000989284165988849,0.00101489880566579,0.00103378497208235,0.000981297136521914,0.00100031692620918,0.00102401971447017
"chr8",17700001,17800000,17750000.5,0.000471628747704949,0.000563060724314656,0.000470489521559191,0.000751565689805558,0.000520194653435813,0.0004284100735855,0.00062774567421003,0.000413903049259099,0.000696215104833896,0.000642196138623546
"chr8",17775001,17875000,17825000.5,0.000404938314751013,0.000485844402604061,0.000401286714106005,0.000597451884693618,0.000437626080030794,0.000360606012467493,0.000514926852420244,0.000357842915578079,0.000562082566188305,0.000516098859292407
"chr8",17850001,17950000,17900000.5,0.000429610699786167,0.000512091672134657,0.000409046462013804,0.000629281097910869,0.000473703710075965,0.000401920854821678,0.000562084590527738,0.00041108418716803,0.000633736839985526,0.000564687356579973
"chr8",17925001,18025000,17975000.5,0.00113225281148483,0.00110249544802298,0.00111144526554035,0.00113365283774181,0.00110385156295699,0.00111217483809485,0.00113525106808748,0.00107999024830458,0.0011040388015539,0.00111249126997776
"chr8",18000001,18100000,18050000.5,0.000558279103468923,0.000593389353896075,0.000515456460037702,0.000790330542249797,0.000561525106549417,0.00047507564779799,0.000656649627030618,0.000498315184517503,0.000803887325473021,0.00067413004260499
"chr8",18075001,18175000,18125000.5,0.000548399757745653,0.000653821432790189,0.000536106895999961,0.000870686458302755,0.000550613245479188,0.000468172256394684,0.000731683868800472,0.000513322034647356,0.000860677977065358,0.000724246031721833
"chr8",18150001,18250000,18200000.5,0.000632659442594565,0.000715169035813213,0.000582928199888566,0.000996151314038174,0.000613563703582683,0.000546591894853148,0.000912257339957193,0.000553176083033224,0.00103748633654851,0.000875113886956767
"chr8",18225001,18325000,18275000.5,0.00068264917736561,0.000711352531212976,0.000584116158882082,0.000969292299472058,0.000672790057520717,0.000587916452575278,0.00083155361333585,0.000599901274626038,0.00096412469899466,0.000822037235192342
"chr8",18300001,18400000,18350000.5,0.000634052183267061,0.000659974245147132,0.000532918201698351,0.000960159504930634,0.00060808313490339,0.000543220062523199,0.000793937101199186,0.000540379865454548,0.000903895648039789,0.000810318846780935
"chr8",18375001,18475000,18425000.5,0.000610269365605212,0.000639269298567306,0.00053622261098873,0.000895030775792567,0.000595230330694745,0.000513926301612289,0.000772040156270033,0.000499640678889016,0.000862394280490676,0.000737006225110794
"chr8",18450001,18550000,18500000.5,0.000532115960457655,0.000524890788907585,0.000479321937549621,0.000793376955547174,0.000522091713276115,0.000468166027002881,0.000726230371402924,0.000417397895048789,0.000808506350865669,0.000713361834806455
"chr8",18525001,18625000,18575000.5,0.000548650210086082,0.000593809985923556,0.000509884539283475,0.000775435507489776,0.000557947765360104,0.00048809613669703,0.000666049565088505,0.000492861972481764,0.000780825343324257,0.000677268677888535
"chr8",18600001,18700000,18650000.5,0.000580104900206258,0.000610618344421406,0.000528308328480678,0.000727721675360545,0.000549953629427587,0.000504855665532145,0.000618095211236554,0.000487760235046251,0.000664216006395832,0.000620276013320744
"chr8",18675001,18775000,18725000.5,0.000580959764411122,0.000631472887963959,0.000534408222499398,0.000815070352725854,0.000566521226400506,0.000498902231561294,0.000717898298531002,0.000496516306557815,0.000777070236941719,0.000675402094282796
"chr8",18750001,18850000,18800000.5,0.000646211315635405,0.000801210629416184,0.000597495999732323,0.000872166806420887,0.000678087314966294,0.000570452139318736,0.000782767870936934,0.000633997767198483,0.000938485968774381,0.000772073460221902
"chr8",18825001,18925000,18875000.5,0.000699364473029947,0.000852376186080092,0.000654665020741962,0.00100619214487816,0.000732062099063352,0.000615218197228651,0.000851235268494352,0.000692722858694855,0.0010015869676119,0.000854452621839013
"chr8",18900001,1.9e+07,18950000.5,0.000496749149442151,0.000609852498742826,0.000413949314750801,0.00080698817463108,0.000531250230021864,0.000432118478406005,0.000649682394075234,0.000500260676861311,0.000769489124733816,0.000678942001178679
"chr8",18975001,19075000,19025000.5,0.000476458551402172,0.000638503008074032,0.000403949254695391,0.000926701944031946,0.000582801749462205,0.000432817294448574,0.000780707318958496,0.000511644723526251,0.000846361367450673,0.000745854369768572
"chr8",19050001,19150000,19100000.5,0.000406482176713129,0.000577886770590667,0.000334805746974031,0.000712912151758789,0.000513847768753221,0.000380610315317688,0.000614084394638465,0.000473020011581862,0.000671621838708488,0.000599743001614462
"chr8",19125001,19225000,19175000.5,0.000556206013628778,0.000600704711961972,0.00036549562954198,0.000887631095271347,0.000596366104894005,0.000481216433307977,0.000761527005009202,0.000500048742392223,0.000789384014419115,0.000739706500043746
"chr8",19200001,19300000,19250000.5,0.000544529043424607,0.000577079439671958,0.000384645750876896,0.000863622641497004,0.000578459208356326,0.000473465562818827,0.000756273406250858,0.000488960874367836,0.000793725342487482,0.000721309659429559
"chr8",19275001,19375000,19325000.5,0.000398472926767167,0.000452506024537445,0.000354372426697543,0.000871911369867537,0.000435289093203424,0.000374272245344126,0.000801617628215817,0.00040716148058854,0.000812469500886368,0.00074623616283543
"chr8",19350001,19450000,19400000.5,0.000470386354225764,0.000606217490614307,0.000479108635896843,0.00078531497436131,0.000566565392370463,0.000454269514043093,0.00070285148864782,0.000508735898041,0.000743362672614257,0.00067204383038654
"chr8",19425001,19525000,19475000.5,0.000630546690456975,0.000817515645685842,0.000622454617398083,0.00110571592980751,0.000765933917053694,0.000585749497603632,0.000974398313430638,0.00063084222972426,0.00101488157702409,0.000893084009383194
"chr8",19500001,19600000,19550000.5,0.000677345332963963,0.000820211329614739,0.000603297129008111,0.000958206894535476,0.000805972376761626,0.000589469512279581,0.00082313406121196,0.000673253770958535,0.000940673823901733,0.000793688407528296
"chr8",19575001,19675000,19625000.5,0.000540549533240047,0.000742271258013193,0.000420504190616387,0.000849169993457377,0.000699798278055934,0.00045496141936,0.00069916108276959,0.000624316615221419,0.000783929564159414,0.000720017815347141
"chr8",19650001,19750000,19700000.5,0.000508862319713567,0.000729821672328618,0.000490807719779346,0.00078551015176868,0.000655906466852336,0.000448042689381702,0.000673701735182058,0.000574849060358476,0.000723727795511561,0.000652041331475035
"chr8",19725001,19825000,19775000.5,0.000532943380660851,0.000771764760306435,0.000553638917448915,0.000888809782931138,0.000683421102813453,0.000510608760243697,0.000721774306098664,0.000551304311916101,0.000805519683721343,0.000750309588799423
"chr8",19800001,19900000,19850000.5,0.00035016954048419,0.000533708241310041,0.00033542158048473,0.000751459662072664,0.000461957796576116,0.000337367426026957,0.000654885494937165,0.000440151143907654,0.000699521881143711,0.000634471501432398
"chr8",19875001,19975000,19925000.5,0.000439607733257741,0.000618241411415459,0.000410101035824792,0.000777735663581443,0.000536736794607961,0.000392303807272979,0.000655039580025684,0.00054656216945157,0.000788443776262015,0.000677365288637459
"chr8",19950001,20050000,20000000.5,0.000454175864032648,0.000547988270828598,0.000423187957525092,0.000778162555714488,0.000474038153255623,0.000390206143535338,0.000634600857681008,0.000447711121794572,0.00072340976598789,0.000645766185582097
"chr8",20025001,20125000,20075000.5,0.000445536776248482,0.00055162738070033,0.00045738894219401,0.000794772361633652,0.000521512096906788,0.000411967116304267,0.000683099994956469,0.000420264058665903,0.000765170003309067,0.000663496274231163
"chr8",20100001,20200000,20150000.5,0.000399148262677762,0.000467831943791231,0.000396840928396055,0.00068496757081892,0.000431653146808752,0.0003552241281867,0.00057590590141633,0.00034509147564565,0.00065869119783205,0.000577487840209464
"chr8",20175001,20275000,20225000.5,0.000486441692137984,0.000573413133593463,0.000476065123231631,0.000808542763365236,0.000569270577882477,0.000425490998074123,0.000702697164642247,0.000464626340346109,0.00076314573696039,0.000683592765728059
"chr8",20250001,20350000,20300000.5,0.000549979304706401,0.000598650871753203,0.000525052599422891,0.000867334738054245,0.000604005767080159,0.000465635123555555,0.000757238398578741,0.000496830604810308,0.000757672578972512,0.000711601466157667
"chr8",20325001,20425000,20375000.5,0.000602832829582862,0.00070377701146493,0.000585731948320944,0.000801200720185049,0.000664296934691301,0.00053115110751931,0.000721677381418317,0.000514667430455134,0.000818370173781488,0.000697952693623844
"chr8",20400001,20500000,20450000.5,0.000659248198983428,0.000658280865767244,0.000590193541005309,0.000890061380675238,0.000694763125489831,0.000593977305995128,0.000832482865810269,0.000536478390529387,0.000869822634837699,0.000789224714028688
"chr8",20475001,20575000,20525000.5,0.000638490036748556,0.000651693241089759,0.000578901543259943,0.00085860998362578,0.000650844246767253,0.000573619595985348,0.000779668953621474,0.000552087964288655,0.000872509198902363,0.000765664948448061
"chr8",20550001,20650000,20600000.5,0.000715407655179869,0.000717837875370547,0.000649836341721747,0.0010439556751529,0.000718107085157468,0.000641414906217289,0.000950259927911921,0.000609697468040512,0.00110497669016867,0.00093191117674506
"chr8",20625001,20725000,20675000.5,0.000607726339881225,0.000594245937055685,0.000553401022465843,0.000903835590527398,0.000586083878296845,0.000528997122564929,0.000797441493113817,0.000493849343194227,0.000917514949677525,0.000782476318549542
"chr8",20700001,20800000,20750000.5,0.000639849575663714,0.000621913471383202,0.000558703824824883,0.00103032930762513,0.000636933968585992,0.000538731149805566,0.00091145716756961,0.000510302514864149,0.0010297879886131,0.000866041311175065
"chr8",20850001,20950000,20900000.5,0.000539121614535584,0.00059537527566834,0.000530457892156393,0.000755008695075052,0.000556762622686002,0.000503222412683974,0.000669537755346662,0.000469818063409162,0.000801912272826856,0.000681854425954221
"chr8",20925001,21025000,20975000.5,0.000554104018843184,0.00062805958272828,0.00052978128235024,0.000775562018961229,0.000610801531135276,0.000511156076738165,0.00065921373556498,0.000456688261146946,0.000810198796985927,0.00068662081016485
"chr8",21000001,21100000,21050000.5,0.000597427329294649,0.00062256157028959,0.000544319602708688,0.000882888357134702,0.000672372832269585,0.00053464008782766,0.000765532393328408,0.00051880175337415,0.000863192239259255,0.000758411472697187
"chr8",21075001,21175000,21125000.5,0.000505994676612259,0.000530869143625706,0.000483523359745229,0.000806294208008097,0.000564634001813927,0.000456518597787313,0.000682819722194967,0.000465525033328175,0.000799980579582104,0.000710432024301596
"chr8",21150001,21250000,21200000.5,0.00053762729921462,0.000499271178952767,0.00045753501634993,0.000862855680944146,0.00056357303331236,0.000463339281854359,0.000730739526422742,0.000396094522201171,0.000824295555970773,0.000713661020054606
"chr8",21225001,21325000,21275000.5,0.000586006043450008,0.000463780038875069,0.000425933435512242,0.000832148877082776,0.000611344188817486,0.000506639163333068,0.000687860887800445,0.000370981091050129,0.00078781967492252,0.000687367873367199
"chr8",21300001,21400000,21350000.5,0.000547681706680147,0.000464748068570055,0.000440649511222464,0.000694926374611222,0.000581025861911976,0.000488868244273868,0.000605294645965531,0.00037037292009962,0.000705384331176134,0.000613667074869392
"chr8",21375001,21475000,21425000.5,0.000560469306862333,0.000459816201407743,0.000439967536761316,0.000733126359751464,0.000567439108712163,0.000501276545869871,0.000624219177492278,0.000376317733325553,0.00078357953994168,0.000663188319047617
"chr8",21450001,21550000,21500000.5,0.000511501663879719,0.000449913065497828,0.000431246158042576,0.00074456097272777,0.000527675486850322,0.000446807413083202,0.00062348148527379,0.000381322865294118,0.000763051320058489,0.000644808575390917
"chr8",21525001,21625000,21575000.5,0.00055125883134571,0.000524916014945679,0.000486167373425753,0.000764959203342337,0.000571560501497741,0.000482975830462545,0.000665294048501373,0.000434258949612043,0.000799051737817958,0.000659262671015983
"chr8",21600001,21700000,21650000.5,0.000504026448780587,0.000474350517138318,0.000444224167097768,0.000617339707611117,0.000537878053780654,0.00044857309279731,0.000495866356718259,0.000394448664644964,0.000653282440182667,0.000549533668365065
"chr8",21675001,21775000,21725000.5,0.00053271244037957,0.000456011004722044,0.000454510643799201,0.000644819593162187,0.000551173230748442,0.000464384609985653,0.000584089867108585,0.000410335931116594,0.000598570591659504,0.000549700626292522
"chr8",21750001,21850000,21800000.5,0.000552673695162303,0.000482484675213809,0.000469185577793454,0.000847587905827354,0.000585389120139589,0.000503349415434664,0.000764178597967339,0.000398501469005166,0.000831458653006218,0.000748527988809777
"chr8",21825001,21925000,21875000.5,0.000639532451070954,0.000583254272514238,0.000559691209501404,0.000981083703110742,0.000677992458854243,0.00059573001525905,0.000871560615478388,0.000503806724079938,0.00099180969995756,0.000886638997837842
"chr8",21900001,2.2e+07,21950000.5,0.000736549730537461,0.000733094872324054,0.000683189503208923,0.00115744615595073,0.000778440889100273,0.000691733851011735,0.00106690696408583,0.000596725898196853,0.00115815282937054,0.00104580788879158
"chr8",22050001,22150000,22100000.5,0.000608039920013461,0.000646533500818727,0.000573463697056596,0.000872441232238376,0.000665936496078211,0.000549012881347591,0.000731558773743184,0.000451063069445445,0.000886906546186544,0.000750462999548345
"chr8",22125001,22225000,22175000.5,0.000524929259031667,0.000471453130122512,0.000446776610833719,0.000912301617887609,0.000582594657302401,0.000463027996133946,0.000727067970191003,0.000383025503174504,0.000979414456442817,0.000776270211839031
"chr8",22200001,22300000,22250000.5,0.00071689868592665,0.000648129960458509,0.00061021961519982,0.00102539458605165,0.000754756833120321,0.000620907206070709,0.000843661611368805,0.00049603546008238,0.000987891664916374,0.000852158738151341
"chr8",22275001,22375000,22325000.5,0.000605142868856819,0.000636472035374337,0.00057677254291746,0.000895828870417765,0.000694644913864619,0.000550453919921347,0.000770980358974728,0.000464006248041799,0.000846103137086911,0.00074681595643848
"chr8",22350001,22450000,22400000.5,0.000597535112319009,0.000586906238041107,0.000540266016074942,0.000804525616650636,0.000726711563515823,0.000569620469334165,0.00073968950595283,0.000411981738212982,0.000756801067996757,0.000672362714287815
"chr8",22425001,22525000,22475000.5,0.000610971980540799,0.000593347338093711,0.0005354206646658,0.0008062773942554,0.000705568288816645,0.000574083871521917,0.000727363648061203,0.00042640409479473,0.000799434427386816,0.000691287301319693
"chr8",22500001,22600000,22550000.5,0.000581937413996953,0.000591755676428586,0.000536593207967428,0.000937228770613433,0.000653832612408618,0.000548439871752007,0.000837013211045766,0.000456509539280367,0.000916224505034768,0.00080609448540114
"chr8",22575001,22675000,22625000.5,0.00164445267749075,0.00158818706529347,0.00162017153953797,0.0016596674421717,0.00159045118082315,0.00162638394988742,0.0016672875824488,0.00157018443884692,0.0016136755698655,0.00164105398193555
"chr8",22650001,22750000,22700000.5,0.000825944704064718,0.00082173541742525,0.000747400458543384,0.00114211908798645,0.000911355001521099,0.000765639311757303,0.000989504069830766,0.000564994824457405,0.0011217960860149,0.000983847365071939
"chr8",22725001,22825000,22775000.5,0.000628351143523406,0.0005662398403194,0.000519137996690143,0.000822094731054816,0.000691233304222692,0.000580252610694942,0.00069843181693971,0.000407813767343789,0.000856571426621204,0.00072384433678841
"chr8",22800001,22900000,22850000.5,0.00064954538649384,0.000533586441447351,0.000505120148357027,0.000923980394644187,0.000643910507842234,0.000553280720075693,0.000748861348069795,0.000418126458125448,0.000944697621522455,0.000787381011264259
"chr8",22875001,22975000,22925000.5,0.000624189422170827,0.000537261065744008,0.000512932108113897,0.000852046284221378,0.00061850575540001,0.000551219335302008,0.000763724245225465,0.000449805067951685,0.000869551188102216,0.000753544170491395
"chr8",22950001,23050000,23000000.5,0.00110110474425231,0.00106153740967363,0.00107554865665057,0.00110478855596593,0.00106191598512227,0.00107435209337101,0.00110464432339318,0.00103668154735102,0.00106552601797546,0.00107820492732848
"chr8",23025001,23125000,23075000.5,0.000652196344727784,0.000631326385424995,0.000571532192712287,0.000850249732422195,0.000659153138654862,0.00057111617338705,0.000743774498315748,0.000486973885917434,0.000869732329850259,0.000743146650044919
"chr8",23100001,23200000,23150000.5,0.000403769112405962,0.000380212130819204,0.000340557212619434,0.000571071120442279,0.000446881644492124,0.000361205660885994,0.00056169441811126,0.000317892424494938,0.000588949326912101,0.000503622979725185
"chr8",23175001,23275000,23225000.5,0.00100983218062277,0.000968345279872934,0.000981719816796785,0.00100651535123465,0.000969313282870312,0.000982434522661153,0.00100675187102485,0.000940460463356567,0.000965676677309175,0.000977407967278171
"chr8",23250001,23350000,23300000.5,0.000525464444843523,0.000485824819014927,0.000450980360275461,0.000630297718403779,0.000562712336652997,0.000481083501440439,0.000600413127762145,0.000377818299568421,0.000633489199932702,0.000563705783240439
"chr8",23325001,23425000,23375000.5,0.000756171417136704,0.000727237621302235,0.000739362978973085,0.00075458309749503,0.000731584595982223,0.000743539580741934,0.000759493385828621,0.000713829852462845,0.000729654104693491,0.00074057343622561
"chr8",23400001,23500000,23450000.5,0.000403699750589787,0.000425157435525214,0.000364120639152346,0.000486869108043937,0.000420442220088719,0.000363458897410953,0.000448974983297627,0.000346110441714298,0.000504479491471438,0.000428575732080725
"chr8",23475001,23575000,23525000.5,0.000382042906870284,0.000424353964045605,0.000353447161825029,0.00049248193646244,0.000427315564584934,0.00035124730848001,0.000454925436632765,0.000336654169113911,0.000536454878166903,0.000447902994887533
"chr8",23550001,23650000,23600000.5,0.000434117566452207,0.000481678781734049,0.000400437711948877,0.000598533900720526,0.000501982402799086,0.000398580164350606,0.000527339914000329,0.000406034267434977,0.000631806767273211,0.000538467850592996
"chr8",23625001,23725000,23675000.5,0.00100960378095692,0.000977726365700188,0.000987470346743448,0.00100867845267707,0.000981521358626239,0.000990634271128455,0.00101331905240461,0.000959273182822207,0.000981508617265301,0.000988103772686278
"chr8",23700001,23800000,23750000.5,0.000474844716699453,0.000504769797983506,0.000412308191567996,0.000634783413842433,0.000507357463889378,0.000418646620015967,0.000560176480895814,0.000381792782789162,0.000648216082816342,0.000555166638224173
"chr8",23775001,23875000,23825000.5,0.000495965111578449,0.000574263629123633,0.000455348705480328,0.000635659870279193,0.000546539386840329,0.000436590929344104,0.000550422536694592,0.000464438388398417,0.000595928020809059,0.00055188940433318
"chr8",23850001,23950000,23900000.5,0.000434829970344612,0.000642837727912756,0.000464982538196574,0.00079085813532133,0.000599119638694871,0.000441824505916389,0.000732473958074299,0.000465993096578741,0.000635907064501446,0.000637552938718952
"chr8",23925001,24025000,23975000.5,0.00051708395816384,0.0007118034337842,0.000537985844514259,0.000861415672280767,0.000698626301112492,0.000528952977262116,0.000825559108721494,0.000498796458760994,0.000707083249987765,0.000695721575062997
"chr8",24000001,24100000,24050000.5,0.000563480462587618,0.000661053975292138,0.000535882151362734,0.000785157878926222,0.000679349107400992,0.000534550853324707,0.000700785999095617,0.00048600952230892,0.000790578673546607,0.000670586699601802
"chr8",24075001,24175000,24125000.5,0.000564243295249495,0.000640775038714776,0.000535731763257961,0.00080247021337284,0.000716256817341928,0.000551253781857341,0.000716766754426542,0.000446459119066121,0.000759859854448484,0.000662482880164722
"chr8",24150001,24250000,24200000.5,0.000384671111659731,0.000549351458527907,0.000412673160358555,0.000584829891750175,0.000616117659021553,0.000426300530899942,0.000526077286940015,0.00033077623174081,0.000594861861766537,0.000496410349248458
"chr8",24300001,24400000,24350000.5,0.00029233177190357,0.000425697062245678,0.000317002544614483,0.000421289086974255,0.000399201130000312,0.000305507101190719,0.000368527823338777,0.000242157654119792,0.000438709183786888,0.000376112595456254
"chr8",24375001,24475000,24425000.5,0.000246902280630273,0.000383044893692065,0.000278794701913462,0.0003074464569173,0.00035728187063928,0.000270226123895672,0.000278100362758933,0.00021709726536094,0.000292175315528146,0.000265817666040934
"chr8",24450001,24550000,24500000.5,0.00037260914333479,0.000517764386275126,0.000399438896774967,0.000519542175482821,0.000514642674883544,0.000393989732584417,0.000486692754669875,0.000312594798272129,0.000502924913581834,0.000430439604288214
"chr8",24525001,24625000,24575000.5,0.000372660751547889,0.000535782660289469,0.00040968458888913,0.000518420412154314,0.000538537479225557,0.000399415087043405,0.0004708460690818,0.000335872228937765,0.000463663301728884,0.00043124259154814
"chr8",24600001,24700000,24650000.5,0.000221072150891341,0.000416942070657663,0.000290222499374364,0.000403319801936141,0.000398813969068859,0.000271402697669947,0.00036541330458932,0.000225155868711246,0.000339814203024034,0.000307654949985273
"chr8",24675001,24775000,24725000.5,0.000218122939205241,0.000421479475281984,0.00029934284537073,0.000382720519467518,0.000414244465540278,0.000299210185664714,0.000357863996237851,0.000231116529922532,0.000292614035083185,0.000291929057097652
"chr8",24750001,24850000,24800000.5,0.000209509596411213,0.000522737000199951,0.000340196992945467,0.000523203398691734,0.000519542701035762,0.00033796923053925,0.000495543153732457,0.000316503269387917,0.000494988018521565,0.000445936841386554
"chr8",24825001,24925000,24875000.5,0.000223694001738265,0.000574981838166583,0.000339629184817279,0.000588852486658042,0.000521677686345288,0.000321326766039715,0.000521838899439421,0.000341904268065916,0.000466050363527038,0.000447805848166868
"chr8",24900001,2.5e+07,24950000.5,0.000334319823029018,0.000657578858083563,0.000453080571915835,0.000701528335911223,0.000594490393576521,0.000420584316588202,0.000639737039964302,0.00038859591581166,0.000607482105264464,0.000577169169472447
"chr8",24975001,25075000,25025000.5,0.000399055226025095,0.000895079974211411,0.000598045880914535,0.000889582975737295,0.000824602462763862,0.000570756510049671,0.00076085011586244,0.000500629239028317,0.000761488545419596,0.0007158856749336
"chr8",25050001,25150000,25100000.5,0.000284817237413407,0.000731276702947901,0.000482196170269556,0.000748670194918964,0.000663639646304915,0.000446481790258617,0.00064633128740744,0.00037683898916715,0.000603642925989179,0.000580769472570298
"chr8",25125001,25225000,25175000.5,0.000335159063269907,0.000618975672593965,0.000434923704025621,0.000636741890572367,0.0005922954640985,0.000407000718137631,0.000538394420310049,0.000365300606110092,0.000556668191064924,0.000512969396316827
"chr8",25200001,25300000,25250000.5,0.000452069436040015,0.0006847452486845,0.000483569422804364,0.000720685205064705,0.000665875707226204,0.000467473185192726,0.000600347594294679,0.000421711375499296,0.000674400342087392,0.000588912604795599
"chr8",25275001,25375000,25325000.5,0.000466248641810578,0.000696089246402236,0.000518097535281784,0.000867922997952318,0.000677836805539822,0.00050406455193287,0.000788446263510736,0.000446528471699466,0.000795035990881033,0.000728265555808226
"chr8",25350001,25450000,25400000.5,0.0004353997768503,0.000882707867876156,0.00060214133489439,0.000900591119978856,0.000873304895992059,0.000568944213577192,0.000813089390326036,0.000572828631498716,0.000910595825298601,0.000803801023232102
"chr8",25425001,25525000,25475000.5,0.000448568209674991,0.000721755688616624,0.000508284017350706,0.000772835008979181,0.000656083997172156,0.000471345654034703,0.000693324361290511,0.000489700401301241,0.00080951927657436,0.00067838653261589
"chr8",25500001,25600000,25550000.5,0.000545163696671961,0.000715068391520763,0.000551467763655204,0.000826259695524342,0.000694638420172699,0.000546894406966889,0.000730140597045945,0.000559211261803955,0.000824606183360998,0.000739850531970683
"chr8",25575001,25675000,25625000.5,0.000369236672876942,0.000446516095980826,0.00033323025069787,0.00049808930587274,0.000428783512613637,0.000355208964186911,0.000465146210120192,0.000337206147963117,0.000476920597373421,0.000447706137224872
"chr8",25650001,25750000,25700000.5,0.000443428640879807,0.00048470428475744,0.000408473104890781,0.000638771779585653,0.000513349436483228,0.00040899381727812,0.000588271120030184,0.000419224258679057,0.000595235002336037,0.000577059313627935
"chr8",25725001,25825000,25775000.5,0.000527161016887994,0.000602603264026108,0.000496914782139874,0.000770685714299831,0.000641653679702988,0.000483207463771589,0.000680250375204118,0.000525180853145338,0.000755660310162517,0.000688211064449613
"chr8",25800001,25900000,25850000.5,0.000352352867082291,0.000355082333035691,0.000312571656406718,0.000459771345269631,0.000436596853128067,0.000339869173130474,0.000414388267327613,0.000306639634312656,0.000532095545800657,0.000440213211509933
"chr8",25875001,25975000,25925000.5,0.000295992735337137,0.000279100054898911,0.000254268170187516,0.000366585167161395,0.000402491041715477,0.00029451949502335,0.000377553023547797,0.000261994977756656,0.000441644236815393,0.00037246722822639
"chr8",25950001,26050000,26000000.5,0.000177265277297371,0.0001877394855528,0.000159428699326652,0.000231371382764046,0.000222776762283551,0.000175706250735647,0.000226498916899434,0.000171278531827034,0.000273730444710211,0.000236598545023812
"chr8",26025001,26125000,26075000.5,0.000306220754801497,0.000346261891537494,0.000292269052343014,0.000388429042364639,0.000383721011952873,0.000304024601890238,0.000376451580447331,0.000277159790691184,0.000470762662393863,0.00037307527116758
"chr8",26100001,26200000,26150000.5,0.000366056673619478,0.00040439329699896,0.000327791561362161,0.000473008561704038,0.000449067449453372,0.000348117398908787,0.000456002994234414,0.000349641153773325,0.000533824869926715,0.000440590385737932
"chr8",26175001,26275000,26225000.5,0.000458868833082759,0.000510221932967671,0.000445621711093397,0.000764143614863713,0.000532303131732169,0.000428891459402118,0.000628709623741966,0.00043488025123168,0.000808097588974951,0.000669258624853309
"chr8",26250001,26350000,26300000.5,0.000438659449389409,0.000456310782604576,0.000401960341714293,0.00066595902216276,0.000499534093103887,0.000422905810082263,0.000595523377232437,0.00039059919501974,0.000674751953948735,0.000584881522757766
"chr8",26325001,26425000,26375000.5,0.000698270369889318,0.00063379960614411,0.000578615653081627,0.000892778393725236,0.000750651058650822,0.000621907688154094,0.000792016302469654,0.00048420001790202,0.000940415066611829,0.000791931340313301
"chr8",26475001,26575000,26525000.5,0.000435994561106317,0.000445215613598812,0.000390549803023261,0.000626535899152505,0.00047799620639914,0.000407699475437321,0.00056957486740001,0.000350193993179508,0.000669850195727994,0.000566716275934357
"chr8",26625001,26725000,26675000.5,0.000477577094741388,0.000420009470582968,0.00039044466995473,0.000555573030721286,0.00053094037802279,0.00044826343596026,0.00049818986044541,0.000361349000537625,0.000576549056484177,0.000503345192339728
"chr8",26775001,26875000,26825000.5,0.000531886406234403,0.000550570256593514,0.000462673727121784,0.000663812256124237,0.000593418022045814,0.000487133774462814,0.000668798756459077,0.000440351470109006,0.000643001482214971,0.000582778214234271
"chr8",26850001,26950000,26900000.5,0.000401870619386456,0.000486332629562216,0.000378680747335708,0.000599593960766448,0.000447666804576085,0.00037422465350837,0.000544213707141415,0.000366001765086467,0.000622172615347057,0.000528509779941323
"chr8",27000001,27100000,27050000.5,0.000351301791054119,0.000343573565222678,0.000306344265664597,0.000499047209886639,0.000368083351869538,0.000317016190783393,0.000424632958818588,0.000287892187477518,0.000484838436602641,0.000426183995943748
"chr8",27075001,27175000,27125000.5,9.79782326699843e-05,0.000100139965943539,8.93246631250284e-05,0.000143498979681713,0.000120756150297601,0.000100663111454323,0.000138731339333522,8.27262924438478e-05,0.000157151319250566,0.00013393029824191
"chr8",27150001,27250000,27200000.5,5.4273305394018e-05,4.80356552478999e-05,4.25373815761089e-05,6.58280487409887e-05,6.93191564988472e-05,5.38591516962874e-05,5.33952070520506e-05,4.09041212275111e-05,7.60513046287336e-05,5.87151911756588e-05
"chr8",27225001,27325000,27275000.5,8.10999128897258e-05,7.20052645246351e-05,5.98762863439111e-05,8.3382336575559e-05,0.000100601338579855,7.57385339067603e-05,6.57065344402833e-05,6.79330109161885e-05,0.000105304384714362,8.19799267113077e-05
"chr8",27300001,27400000,27350000.5,0.00012711030150427,0.000100713539252343,9.15019544853326e-05,0.000119726429430263,0.000154452978839458,0.00011679153381941,9.11795564088262e-05,8.2277695716418e-05,0.000140247800574915,0.000111970521658598
"chr8",27375001,27475000,27425000.5,0.000145778037389327,0.000129937150839673,0.000120314834811962,0.000156181687233093,0.000185882434455769,0.000150785360015988,0.000171077943110881,0.000112680628059724,0.000158807114351977,0.000147842759402651
"chr8",27450001,27550000,27500000.5,0.000215081379181901,0.000207082963630532,0.000185155218455072,0.000302211167398273,0.000275310158538398,0.000215208301239042,0.000289826691242566,0.000170365642730108,0.000309728221239406,0.000276317275476528
"chr8",27525001,27625000,27575000.5,0.000357700494813167,0.000401283268891819,0.000342474694636444,0.000516164438153723,0.000440989133667755,0.000348778538724941,0.000485007162345683,0.000310682442597493,0.000520590821662896,0.000463092793561061
"chr8",27600001,27700000,27650000.5,0.000269564821291627,0.000322320227970382,0.000271701707764518,0.000375189858952982,0.000336238890357913,0.000274914080008422,0.000362582662529572,0.000192780729413747,0.000372816749499038,0.000342628708693135
"chr8",27675001,27775000,27725000.5,0.000413347796696478,0.000398323692466379,0.000403062397158066,0.000410493276172612,0.000396902424607437,0.000401896924276564,0.000410080349926654,0.000381742189742882,0.000396235148426238,0.00039970745296716
"chr8",27750001,27850000,27800000.5,0.000277386830849414,0.000277029189442771,0.000274124183509572,0.000278557115094474,0.000277959042367262,0.000274904976928332,0.00027989570269956,0.000274595431323532,0.000279898740279941,0.000277107383188466
"chr8",27825001,27925000,27875000.5,0.000170412614760661,0.000241462397665695,0.000178420302803479,0.000258661230554872,0.000270006012593368,0.000198244986308979,0.000254868500136749,0.000161940247822982,0.000207475490794671,0.000220449543548626
"chr8",27900001,2.8e+07,27950000.5,0.000107808142411017,0.000165950568448431,0.000128248260334217,0.000177270767741709,0.000209168672140859,0.000143246375342828,0.000162974908239249,0.000104741787801519,0.00019082295604296,0.000169975022651686
"chr8",27975001,28075000,28025000.5,0.000106547297300591,0.000117154482125286,9.51275582223855e-05,0.000159652585437593,0.000154469824331752,0.000112449405833438,0.000140221422932493,8.17520349094808e-05,0.000177410929247178,0.000143681380086901
"chr8",28050001,28150000,28100000.5,0.000303207074402734,0.000268250085178212,0.000247199959331118,0.000539174741561049,0.000384015399258105,0.000310328022324865,0.000488767330605604,0.000174174186795605,0.000557238549173,0.000483405492460269
"chr8",28125001,28225000,28175000.5,0.000441956815998811,0.000551259483943324,0.000447419809557499,0.000836411180732788,0.000606863676986609,0.000481760439664801,0.000762329167767061,0.000313942413644105,0.000770880739743574,0.00070289508206916
"chr8",28200001,28300000,28250000.5,0.000324617283224016,0.000539326204403279,0.000378181993274979,0.000669678418509183,0.000558222814668924,0.000381266642035393,0.000587776552597358,0.00028320240454311,0.000643428604278058,0.000551219187182726
"chr8",28275001,28375000,28325000.5,0.000184506025578362,0.000362017792649143,0.000230108975341299,0.00040289975858123,0.000421372424673029,0.000261737025869462,0.000388695483557362,0.000240209141652392,0.00042957639071625,0.000377139261823173
"chr8",28350001,28450000,28400000.5,0.000145516608528268,0.000296003325313952,0.000165640061606462,0.000292645840288106,0.000335973395671792,0.000195130414368011,0.000295787435930026,0.000214855342642138,0.000335397268146284,0.000284769635777019
"chr8",28425001,28525000,28475000.5,0.000280777195802084,0.00045107798911135,0.000322971757088041,0.000526027027790248,0.000537199012866892,0.000357828597010567,0.000459824511474846,0.000262328115511222,0.00054396840348847,0.000481958038347236
"chr8",28500001,28600000,28550000.5,0.000272154107807113,0.00037914730328971,0.00032001866203775,0.000539935753573256,0.000515575769600377,0.000354282120470597,0.000484340864118622,0.000241353941158438,0.000606856141917926,0.000519979497725838
"chr8",28575001,28675000,28625000.5,0.0004108866114031,0.000448471652347002,0.000405542329352514,0.000774358483517094,0.000636586848687714,0.000455753716107787,0.00072045287548399,0.0002620045896199,0.000740390747938649,0.000659391672628424
"chr8",28650001,28750000,28700000.5,0.000324503468159456,0.000339376752861736,0.000304330096974813,0.000555424379956544,0.000548368384883933,0.000377297495452939,0.000525567949158927,0.000199758463043802,0.000537824082789265,0.000477962142544056
"chr8",28725001,28825000,28775000.5,0.000326296012856755,0.000363993795290655,0.000311481336168151,0.000609868051633258,0.000563080926495474,0.000359683481254358,0.000593904441407191,0.00023706171606248,0.000610932415210607,0.000540530538603799
"chr8",28800001,28900000,28850000.5,9.4199999847923e-05,0.000133467421319652,9.90586476669735e-05,0.00038619920058453,0.000157785581435185,9.18921739845766e-05,0.000388694195726171,0.000113053420637748,0.000367324670504886,0.000336283751210111
"chr8",28875001,28975000,28925000.5,0.000141854160819448,0.000266739107837186,0.000168929409211761,0.000505520676005579,0.000337492269117996,0.000151225135044097,0.000519736504618024,0.000234965957252586,0.00047582818411709,0.000451740947836729
"chr8",28950001,29050000,29000000.5,0.000131730359185754,0.000214263281809949,0.000159947852948508,0.000309658666664032,0.000313962940473625,0.000182696513935517,0.000337864770685656,0.000166075311246106,0.000300160566326453,0.000283541805333511
"chr8",29025001,29125000,29075000.5,0.000169344210960007,0.000246268378821371,0.00020325952695367,0.000452518378182036,0.000341754695986707,0.000228928723630397,0.000453737228294345,0.000158411092837898,0.000472779285203726,0.00041658807162676
"chr8",29100001,29200000,29150000.5,0.000210962358893631,0.000410026838214322,0.000327606568962674,0.000685380996455911,0.000505069861589454,0.000368912625301829,0.000719457792599246,0.000182483937765749,0.000628993941579569,0.00057544051096177
"chr8",29175001,29275000,29225000.5,0.000190327026683498,0.00035327662497188,0.000292626681373781,0.000510968039602627,0.000508559063797327,0.000390241947119804,0.00055685078259193,0.000124122978791492,0.000497146916877552,0.000456302374245966
"chr8",29250001,29350000,29300000.5,0.000303520956196804,0.000274411315437789,0.000248153191842564,0.000732158474067466,0.00050310662447824,0.000426961750376367,0.000734001049843217,8.19373634377276e-05,0.000684229916243579,0.000603959554969696
"chr8",29325001,29425000,29375000.5,0.000237316689894603,0.000236788819146173,0.000214489075273964,0.000536797707160448,0.000424274503454968,0.000361274701407194,0.000551058731202553,7.64649143640989e-05,0.000506528199428717,0.000441153054473976
"chr8",29400001,29500000,29450000.5,0.000248450174790675,0.000295019337954773,0.000258289768897231,0.000509110853207715,0.000499353090177617,0.000406210834658933,0.000508280841983097,9.78693289485633e-05,0.000534508776212557,0.000460201019821236
"chr8",29475001,29575000,29525000.5,0.000214453130964039,0.000293773629971582,0.000244043820082372,0.000326657508483504,0.000518412444406007,0.000387689171281151,0.000330495517486372,9.42968823804279e-05,0.000386334879405133,0.000323740615125454
"chr8",29550001,29650000,29600000.5,0.000101717393984378,0.000153293107949103,0.000128723038892881,0.00026877167434669,0.00025943066329903,0.000195510516115497,0.000298086084383541,5.52435890368297e-05,0.000282140798841325,0.000242716018959704
"chr8",29625001,29725000,29675000.5,6.81307960771089e-05,0.000107188664998323,9.17593111860283e-05,0.000310662413099516,0.000180850742163165,0.000146837566779083,0.000366180523664467,2.57927558259645e-05,0.000292743625144476,0.000246225721932311
"chr8",29700001,29800000,29750000.5,0.000108498587402792,0.000165185163754903,0.000138073534934917,0.00067684820226088,0.000247068271121653,0.000194360312037002,0.000705534798243194,3.46340413346889e-05,0.000600630939677084,0.000523809009902194
"chr8",29775001,29875000,29825000.5,4.89070059164122e-05,8.0806968365657e-05,6.53928688717982e-05,0.000441649500897581,0.00012360125316356,9.31382537649838e-05,0.000451172929717797,1.56378362370221e-05,0.000454458772939604,0.000384637529050369
"chr8",29850001,29950000,29900000.5,9.20159250142163e-05,0.000184817848315647,0.000154421513011454,0.000871446153592848,0.000233211096834527,0.00018878473284922,0.000798172670408651,3.1027713061654e-05,0.000845024399150625,0.000723345727415791
"chr8",29925001,30025000,29975000.5,7.45416643057582e-05,0.000168187045740329,0.000145146548953009,0.000668567506343221,0.000212564006264954,0.000182369292594822,0.000619176412019656,2.57373570814955e-05,0.000662476530181993,0.000582536545720164
"chr8",30075001,30175000,30125000.5,3.7793190398194e-05,8.38021800265343e-05,7.30855618863049e-05,0.000377474026049926,0.000113402667513283,0.000100734805384924,0.000359260024363591,1.40352624319447e-05,0.000359493538071026,0.000313986054122183
"chr8",30150001,30250000,30200000.5,2.44369429105641e-05,5.60305670453608e-05,4.69359538954147e-05,0.00019203260586888,8.47380519438566e-05,7.25812713695131e-05,0.000184603425172831,3.37254061227286e-06,0.000234966808111904,0.000197371354813474
"chr8",30225001,30325000,30275000.5,1.75547508897023e-05,4.55456041652603e-05,3.70042147645288e-05,6.19789279052962e-05,7.32162829194191e-05,5.86370926311724e-05,6.86867651919685e-05,6.87591159751869e-06,8.99516860475813e-05,7.224438740326e-05
"chr8",30300001,30400000,30350000.5,3.91560791728318e-05,9.65941140223505e-05,7.53197282735204e-05,9.86505940416111e-05,0.000138908722402816,0.000100901648985092,0.00010208257219776,3.17622204327208e-05,0.000134154854264777,0.000111999010092923
"chr8",30375001,30475000,30425000.5,4.80958620129524e-05,0.000124738751115331,9.43932342676967e-05,0.000165634092743733,0.000169680360344458,0.000117486826541237,0.000167645872963905,4.54521213595949e-05,0.000172221193153181,0.000144048795279257
"chr8",30450001,30550000,30500000.5,5.99294851819377e-05,0.000103948499294473,8.26283456593556e-05,0.000134561163306465,0.000168326178848481,0.000113426093917417,0.000146999324744697,5.41695905678528e-05,0.000138561936927392,0.000128919235262495
"chr8",30525001,30625000,30575000.5,5.82810545418263e-05,9.53928361237734e-05,7.39041054740275e-05,9.61199755088525e-05,0.000148652833694642,9.84058907900576e-05,9.76675183625169e-05,5.18017759820062e-05,0.000129555607083207,0.000109275063813985
"chr8",30600001,30700000,30650000.5,1.25939204778921e-05,9.46129333084558e-05,3.84636566419751e-05,0.00010186111157183,0.000113509234251013,4.31711134668116e-05,0.000116382408968487,6.57717615662192e-05,0.000112086654780701,9.60127656651898e-05
"chr8",30675001,30775000,30725000.5,1.12682305788001e-05,9.75330508261633e-05,3.47236100414323e-05,0.000115853786019415,0.000109531315159687,3.58019288214866e-05,0.000125856792632044,7.45162481621245e-05,0.000113740648116772,0.000106891938379916
"chr8",30750001,30850000,30800000.5,1.3519077992253e-05,3.91877878535533e-05,2.15422674401412e-05,3.1009484869285e-05,4.89858682869393e-05,2.51708006487869e-05,3.72818790768831e-05,2.84858721402514e-05,2.94196506831871e-05,3.1918841765774e-05
"chr8",30825001,30925000,30875000.5,4.43219722741548e-05,0.000105871001647954,6.26533684200162e-05,7.7578775072709e-05,0.000127745811198815,7.08051393324587e-05,7.70234715139481e-05,6.82361967252178e-05,9.78235898660394e-05,7.40034606878705e-05
"chr8",30900001,3.1e+07,30950000.5,7.86609431651779e-05,0.000105246678729922,7.9424378181919e-05,0.000119392021748526,0.000115406352708425,8.34979378938348e-05,0.000112170262996574,4.99873311657726e-05,0.00011816154131129,9.87384491786804e-05
"chr8",30975001,31075000,31025000.5,0.000164316051592121,0.000193226353040411,0.000157546720964985,0.000218921339698173,0.000224821517239562,0.00016768539641816,0.00019946908062563,9.97078622665845e-05,0.000224488386663873,0.000193712987366873
"chr8",31050001,31150000,31100000.5,0.000149728355971148,0.000185696426686435,0.000145312615602821,0.000227183017025041,0.000235857392025786,0.000165724349648252,0.000207427586190359,0.000127724826308643,0.000255707997154223,0.000217392714956457
"chr8",31125001,31225000,31175000.5,3.6064928724394e-05,5.0235908930911e-05,3.55405680977896e-05,3.8891420832418e-05,4.12749827482323e-05,3.69125218904923e-05,3.60543478502427e-05,3.51109852617363e-05,5.16946477137025e-05,4.23144320387029e-05
"chr8",31200001,31300000,31250000.5,0.000142090310285036,0.000170004895937698,0.000131415717855222,0.000185977758566501,0.000195896885412741,0.000139215046201887,0.000162247299392532,0.00012995135756887,0.000215934908217391,0.000166666606916682
"chr8",31275001,31375000,31325000.5,0.000352751766030622,0.000390024939417795,0.000312824393187916,0.000459842424776831,0.000431706189278404,0.000323939503887852,0.000391907248403385,0.000282548699374196,0.00048142134408042,0.000401889956774463
"chr8",31350001,31450000,31400000.5,0.000184410899304181,0.00021286787144414,0.000165717721767833,0.000259173972437868,0.000239097477019379,0.000177215807704392,0.000249341858567192,0.0001498556167022,0.000259411896496475,0.000225886098767635
"chr8",31425001,31525000,31475000.5,0.000217048362602478,0.000248163060469877,0.000198677355969763,0.00030788070883158,0.000283071215007668,0.000210707017704519,0.000298952840321046,0.000193392935474374,0.000303814190084353,0.000271127022902668
"chr8",31500001,31600000,31550000.5,0.000228124067905181,0.0002601256148593,0.00021770136946412,0.000272172117497839,0.000302152156335941,0.000241592695621344,0.000261192558840124,0.000183323439068022,0.000283830806135573,0.00025727972368674
"chr8",31575001,31675000,31625000.5,0.000276505973796516,0.000317616803604297,0.000264516263746201,0.000338949686553869,0.000374986931837653,0.000303736515370832,0.000312184477687058,0.000204025267614218,0.000363587397377182,0.00031808126810574
"chr8",31650001,31750000,31700000.5,0.000365333963626322,0.000338837048862134,0.000302812030754317,0.000536840899714143,0.000413786721168543,0.000357793935357549,0.000478859740542959,0.000250403067315797,0.00058513117026415,0.000503857324272519
"chr8",31725001,31825000,31775000.5,0.000444662639377566,0.000315054290771639,0.000298542639263247,0.000540015487236615,0.000486487223805453,0.000402730556661181,0.000477105377019427,0.000192762961475877,0.00054995597586387,0.00048193173760938
"chr8",31800001,31900000,31850000.5,0.000582988609435992,0.000376659590073725,0.000373571020458084,0.000707821525637919,0.000608160069532837,0.00050387483109031,0.000653674995577031,0.000300504099944165,0.000688785564376071,0.000605149673984916
"chr8",31875001,31975000,31925000.5,0.000427791551467891,0.00036945851860331,0.000337352344466995,0.000574252822910532,0.000484753490387987,0.000403439001089858,0.000554275211375743,0.000265227872326095,0.000597433965284155,0.00051669928850924
"chr8",32025001,32125000,32075000.5,5.56586762772077e-05,6.01397428306927e-05,5.2891877280951e-05,7.988405165325e-05,7.81569673931335e-05,6.2968445074859e-05,7.74312566590004e-05,4.85116587823467e-05,0.000102719121139851,8.8555785789845e-05
"chr8",32100001,32200000,32150000.5,0.000189583155328991,0.000253566966052276,0.000186922935940231,0.000306505742336616,0.000254360566990535,0.000193381546504148,0.000284145710481842,0.000160852931920458,0.000269580844816902,0.000261217950384149
"chr8",32175001,32275000,32225000.5,0.000200057088415542,0.000277483797685945,0.000213531487749267,0.00025038833242235,0.000278818780941215,0.000213386276137399,0.000249995379121443,0.000164255434460615,0.000311570423741721,0.000254165186217499
"chr8",32400001,32500000,32450000.5,0.00043772447165021,0.000449989091526073,0.000399196993479159,0.000678860477816329,0.000510465382243537,0.000424090069279003,0.000600956369859612,0.000288414319788056,0.000710678254884433,0.000611443401323257
"chr8",32475001,32575000,32525000.5,0.000495082177205445,0.000499158770457612,0.000440351684998573,0.000707866474471291,0.000550636670971903,0.000463707160734435,0.00057026703229912,0.000309453111845869,0.000725264482978602,0.000625154297922796
"chr8",32550001,32650000,32600000.5,0.000399203546851801,0.000272492242048935,0.00024478992873856,0.000648093435779039,0.000396244841476472,0.000347796772125923,0.000471186460905008,0.000220675035935595,0.000618836449960607,0.00054237855570382
"chr8",32625001,32725000,32675000.5,0.000817881582968409,0.000787908291044487,0.000798614116580243,0.000825945682903315,0.000789611427168347,0.000800260703434368,0.000827742238174475,0.000769614560688898,0.000797500216099897,0.000808020366236239
"chr8",32700001,32800000,32750000.5,0.000402117481370341,0.000281968467423248,0.000246616991183292,0.000535063034270546,0.000403656055042247,0.00035355510800201,0.000456800165298655,0.000236216013859007,0.000549358302199152,0.000470602799044895
"chr8",32775001,32875000,32825000.5,0.000260698769416014,0.000213022016482347,0.000189947696585527,0.000314883961174781,0.000274042307621957,0.000237489877212655,0.000282706454826544,0.000181993223767374,0.00033467179651748,0.000287201649118323
"chr8",32850001,32950000,32900000.5,0.000304526050354066,0.000222241208065779,0.000223448701607002,0.000456313733413243,0.000329213700285346,0.000275210555692966,0.000439427889690262,0.000191133215494556,0.000471101740684294,0.000401327923011015
"chr8",33000001,33100000,33050000.5,0.000477052711399102,0.000465359073208414,0.000422952208086222,0.000604201708142517,0.00049768283154774,0.000433322275738054,0.000535078878501349,0.000333537315162736,0.00058843155911253,0.000529936147293737
"chr8",33150001,33250000,33200000.5,0.000439601955942995,0.000464889179948309,0.000396112830607978,0.000610905161450802,0.00048249971737238,0.000404903260585692,0.000551604459030388,0.000367376925971207,0.000649261953577816,0.000537004232198708
"chr8",33225001,33325000,33275000.5,0.000435889696768086,0.00040830056153477,0.000366209351273057,0.000610550726594681,0.000444621727136834,0.000382865549069034,0.000526148901279875,0.000331642577326821,0.000620749031736462,0.000523590607946434
"chr8",33300001,33400000,33350000.5,0.000371902371210595,0.000338484378763244,0.000306456339902272,0.000503951832060352,0.000403330265536033,0.000331861392912117,0.000446173290383231,0.000298000082248848,0.000498727448861244,0.000435375014200519
"chr8",33375001,33475000,33425000.5,0.000250581060852757,0.000219159882579308,0.000203533954190375,0.000300401549360712,0.000275930707107007,0.000233520116025701,0.000286375559904871,0.000166117091609068,0.000285885298884467,0.000263824459017343
"chr8",33450001,33550000,33500000.5,0.000193381354484889,0.000185332574014268,0.000163845452225937,0.000236841809552101,0.000218486049965031,0.000187394110524671,0.000218953711834221,0.000136292234262391,0.000280468267389931,0.000236992489483761
"chr8",33525001,33625000,33575000.5,0.000219169707039876,0.000166912223968592,0.000155728336589864,0.000269320504737003,0.000248631495350907,0.000213594635355984,0.000276275650981997,0.000120414350232827,0.000263973172014212,0.000244616930711098
"chr8",33600001,33700000,33650000.5,0.00019856388243084,0.000164017662526035,0.000146761914671236,0.000307144117848506,0.000215250021791272,0.000182056164054885,0.000282242432650773,0.000129242756685641,0.000307613788220448,0.000269322123528937
"chr8",33675001,33775000,33725000.5,0.000139074397783778,0.000152602563120007,0.000131385124025095,0.000191784731548092,0.000174600960751504,0.000144515934452599,0.000184062094256988,0.000121951955229192,0.00021004226611196,0.000179822502714097
"chr8",33750001,33850000,33800000.5,0.000168048850098593,0.000185456786690614,0.000156746907475298,0.000171742782368081,0.00019670437176568,0.000168904174307206,0.000185702183530141,0.000159227706305231,0.000202239878695872,0.000172727738457939
"chr8",33825001,33925000,33875000.5,0.000152430839039936,0.000160856583555895,0.000134619755389648,0.000141738283911805,0.000188638787552609,0.00015506934536741,0.000151426612399518,0.000147208080957909,0.000185530928967239,0.000151181085650843
"chr8",33900001,3.4e+07,33950000.5,0.000124895651398963,0.000125991431962361,0.000107396615341951,0.000179144825780885,0.000146788644917154,0.00011941233846327,0.000166365635228972,0.000100616151718487,0.000212002672058058,0.000178599595623557
"chr8",33975001,34075000,34025000.5,0.000178757021009565,0.000168761767382367,0.000144599131028421,0.000210730567622408,0.000214619298857732,0.000175572050967368,0.000210268876866487,0.00015017011638471,0.000236653872919325,0.000199496413617712
"chr8",34050001,34150000,34100000.5,0.000310266023205687,0.000265924820158555,0.000244483912779233,0.000438495829421561,0.000350037415766163,0.000299779295583031,0.000452876959086234,0.000239151513486685,0.000462297040536437,0.000401359955119975
"chr8",34125001,34225000,34175000.5,0.000245261345287143,0.000233352003044432,0.000216154196957935,0.000312018760971854,0.000269231421881041,0.000240739016555174,0.000313346428722257,0.000217322111450574,0.000328935270361557,0.000294360145658435
"chr8",34200001,34300000,34250000.5,0.000445633033230202,0.000433832957546415,0.00039188512886737,0.000680955373740569,0.000456651551935635,0.000403115943960606,0.000619180393192274,0.000366228471165562,0.000712719977100727,0.000597625014843343
"chr8",34275001,34375000,34325000.5,0.000236374752832636,0.000206150849675881,0.000190236139265691,0.000337766844760415,0.00027475625474947,0.000231579593101977,0.000318309368981799,0.000179884203966602,0.000394305531853459,0.000327844213477925
"chr8",34425001,34525000,34475000.5,0.000225794883096627,0.000172888264935588,0.000164260516222614,0.000310627472846182,0.000234078350529196,0.000203375057913065,0.000266020558803441,0.000149255849334822,0.00030470223823753,0.000273614227208408
"chr8",34500001,34600000,34550000.5,0.000203673028397413,0.000168441832709859,0.000157708395193384,0.000266912428890754,0.000225199091544784,0.000186539868014212,0.000228875408135798,0.000147789201638223,0.00028616831519603,0.000232611368070347
"chr8",34575001,34675000,34625000.5,0.000739417358969692,0.000713602654693459,0.000722128692949038,0.000742850645231165,0.000719496659210668,0.000727454142519256,0.000747250078474346,0.000700422409723084,0.000721738862813084,0.00072975509936553
"chr8",34650001,34750000,34700000.5,0.000527087215736508,0.00047578400082016,0.000438335766990984,0.000825194542933008,0.000551399266344125,0.000480244025949693,0.000706775413167701,0.000386995613989646,0.000835656641320596,0.000725545645081564
"chr8",34725001,34825000,34775000.5,0.000428844415932394,0.000497819616605733,0.000403670002922827,0.000550633474488784,0.00047137952056236,0.000395213966930398,0.00048036565008529,0.00040684571886962,0.000554564168841782,0.00048776168279789
"chr8",34800001,34900000,34850000.5,0.000422564489328255,0.00047005493935676,0.000391047432913688,0.00058912352005873,0.000473277759036179,0.000390112614308883,0.000543248692119486,0.000413819588697162,0.000572436332356162,0.000524717077594324
"chr8",34875001,34975000,34925000.5,0.000443837933976738,0.000405935496344646,0.000377164870765304,0.00067619253866163,0.000495863248891451,0.000408045945377142,0.000646207533157517,0.000364832757092428,0.000724784301250105,0.000601681739284684
"chr8",34950001,35050000,35000000.5,0.000566514311517572,0.000570880887242275,0.000498068270392572,0.000848700940344337,0.000627392585610632,0.000510702727905117,0.000749545752454119,0.000477899310687857,0.000880362393574293,0.000749485092191258
"chr8",35025001,35125000,35075000.5,0.000450006088489743,0.000415770548289591,0.000375477024019484,0.000746487556310768,0.000460225648148519,0.000396911168601378,0.000675789839247318,0.000320575027970606,0.000737585383925827,0.000648078680359605
"chr8",35175001,35275000,35225000.5,0.000471306286290755,0.00047932857033607,0.000430410779227496,0.000719236387955791,0.000483739817486248,0.000414995291175776,0.000599288389648968,0.00032703177347445,0.000724156746586993,0.000611098811146778
"chr8",35250001,35350000,35300000.5,0.000595439811458038,0.000583319221327528,0.000520669106583323,0.000854419225288964,0.000630568735213419,0.000526037098823535,0.000729057289543005,0.000422265591800787,0.000835406681195314,0.00071236607307969
"chr8",35325001,35425000,35375000.5,0.000578559709419763,0.000634109178987619,0.00052969925814482,0.000951192917050765,0.000646933509443453,0.000525815839617145,0.00083048507537799,0.000473232195266583,0.000967770619152126,0.000813791503205229
"chr8",35400001,35500000,35450000.5,0.00050388529007975,0.000594272527721967,0.000484133665871859,0.00087343019100758,0.000603161992975676,0.000458271024367386,0.000769286672832507,0.000489767685536013,0.000855383093731269,0.000757119766755315
"chr8",35475001,35575000,35525000.5,0.000373913270374739,0.000478241149983912,0.000391498919540684,0.000671895106474441,0.000472270466089332,0.000341090183143529,0.000585281722447805,0.000444062389966347,0.000669386072359512,0.000595344492145326
"chr8",35550001,35650000,35600000.5,0.000406834713988098,0.000413888229170931,0.000382915855135888,0.000617027209179099,0.000431996252632266,0.000350872626942169,0.000498420051147879,0.000377048520136822,0.000605887637992121,0.000529402068847983
"chr8",35625001,35725000,35675000.5,0.000529749083672254,0.000463154321648136,0.00044421376822986,0.000711189210870627,0.00054268009385048,0.000467030312108125,0.000556300175549332,0.000388780016087071,0.000672503066885442,0.000607425225059914
"chr8",35700001,35800000,35750000.5,0.000510607072408625,0.000346150402207587,0.000308520970502328,0.000617808189853908,0.000508091882438667,0.000438992376375539,0.000470117537867703,0.000262212832340653,0.000583488835137221,0.00051120686745852
"chr8",35775001,35875000,35825000.5,0.000648429252226975,0.000383322117144545,0.000351392525519134,0.000833295077941159,0.000656248374167709,0.000560053901651643,0.000613252646866417,0.000310615486391884,0.000813607203332952,0.000705583760532957
"chr8",35850001,35950000,35900000.5,0.0006083429415455,0.000570063659385134,0.000506441127900283,0.000889830121169566,0.000676371059583448,0.000525973194424638,0.000747374052813692,0.000459402632120978,0.00084922677470388,0.00074577782672306
"chr8",35925001,36025000,35975000.5,0.000544720781325526,0.000635345357682812,0.000527879298009494,0.000859876753674883,0.000617967025664592,0.000495576761166345,0.000720919696918806,0.000450616287883313,0.000860639755447226,0.00073604022947624
"chr8",36000001,36100000,36050000.5,0.000533955380510571,0.000799632679900053,0.000558236510424171,0.000895852891559846,0.00070690430941688,0.00051647168013479,0.000765794280282696,0.000543362812842523,0.000836690380477983,0.000766471139254292
"chr8",36075001,36175000,36125000.5,0.00148488536543304,0.00145007499329303,0.00147118665859945,0.00150917964641062,0.0014498546341536,0.00146938911739179,0.00150632035012423,0.00142453318991316,0.0014644738547198,0.00148620179264486
"chr8",36150001,36250000,36200000.5,0.000627862757280941,0.000922002221534265,0.000640717135376092,0.000919464738478896,0.000860637378039522,0.000575332931955392,0.000783152311537077,0.000663929060172448,0.000943406398470216,0.000784338346815531
"chr8",36225001,36325000,36275000.5,0.000551297558617676,0.00075540078860092,0.000555561101827582,0.000839590618208369,0.000652805493503696,0.000491411383687732,0.000668050593027289,0.000521777161690955,0.000693158710580274,0.000664792160936987
"chr8",36300001,36400000,36350000.5,0.00051958313203335,0.00062951037680591,0.000503752292185321,0.000788169916637537,0.000642959321394541,0.000495459616468701,0.000675477007363015,0.000496233479402437,0.00076856095254297,0.000683303309046793
"chr8",36375001,36475000,36425000.5,0.000578507693171269,0.000661824587226804,0.000534198477198056,0.000858130294580954,0.000655660754833937,0.000522338632035743,0.000753222531456147,0.000502199202667964,0.000798772246078525,0.000714091496403177
"chr8",36450001,36550000,36500000.5,0.00112884887028904,0.00108175144370633,0.00110388004184048,0.0011285480948434,0.00108634567415522,0.00110921201964323,0.00113561453000475,0.00105972854492897,0.00108905098455306,0.00111017905516142
"chr8",36525001,36625000,36575000.5,0.000331382829560448,0.000379474584310793,0.000323188255577987,0.000636285065095052,0.000401268532411359,0.000339634860800924,0.000547331734394581,0.000286312416990735,0.00065369666381026,0.00058352702055532
"chr8",36600001,36700000,36650000.5,0.000363452261597956,0.000349500425276856,0.000313402112822346,0.00055053315146886,0.000354050881350857,0.000325576305648213,0.000463877543582522,0.000245577886721016,0.000525212704230609,0.000474397199638297
"chr8",36675001,36775000,36725000.5,0.00035362513146376,0.000375439168786133,0.000332760190886188,0.000541247791043773,0.000376679975609476,0.00033395907235973,0.000477829232560505,0.00029526672299709,0.000541510646426557,0.000483859417341173
"chr8",36750001,36850000,36800000.5,0.000388500236980757,0.000428637313593542,0.000372115096398299,0.000561875693673696,0.000476253538288826,0.000376472867384789,0.000503097152538565,0.000345621478152455,0.000600516971167198,0.000511223278586957
"chr8",36825001,36925000,36875000.5,0.000429655111765621,0.000495889162946607,0.000411178139041495,0.000701652990283038,0.000488554079658936,0.000402903378134186,0.000646934524960498,0.000377347212609847,0.000728697766319542,0.000630090285741954
"chr8",36900001,3.7e+07,36950000.5,0.000514781916859176,0.000527848953122127,0.000460120247516045,0.000804263063603276,0.000523032376570574,0.000456878120546294,0.000754014996748029,0.000382021646224058,0.000819179744268767,0.000715654391010646
"chr8",36975001,37075000,37025000.5,0.000478162013674566,0.000456897079077189,0.000419543283266615,0.000706857834334822,0.000498862004347809,0.00042360381917615,0.000588241695924185,0.000347582389604343,0.000739444327203643,0.000620800713663476
"chr8",37050001,37150000,37100000.5,0.000393705301801859,0.000352773633634084,0.000331696388307117,0.000581389963535765,0.00042778261758732,0.000370024173757501,0.000447007849798342,0.000272676771873022,0.000587669915604411,0.000508604770018441
"chr8",37125001,37225000,37175000.5,0.000382191120404526,0.000363396358800108,0.000341195279055122,0.00049466935721348,0.000402088349233706,0.000355338185873365,0.000426122602563101,0.000282845765719399,0.000493113178735013,0.000446556597682324
"chr8",37200001,37300000,37250000.5,0.000513358816963524,0.000451199211434442,0.000426936078353645,0.000802375614796796,0.00052448118112388,0.000458642938201999,0.000715899982991817,0.000386474105288966,0.000814644238408459,0.000687500221933357
"chr8",37275001,37375000,37325000.5,0.000444067459797035,0.00042617606312979,0.000381480028942775,0.000637040453602279,0.000448997354961554,0.000386842660539704,0.00054751039997716,0.000326301432861746,0.000637015912175378,0.000535162492576154
"chr8",37425001,37525000,37475000.5,0.000453440507521033,0.000508968527419984,0.000418729864301946,0.000600402532782213,0.00045524483401843,0.000405186846945196,0.0005206050731512,0.000436220425652109,0.000631777977295078,0.000531342043653646
"chr8",37500001,37600000,37550000.5,0.000484893230066279,0.000549033959193842,0.000419511494306471,0.000706704265880887,0.000494124776140371,0.000446160067144881,0.000626211775074887,0.000498238794793841,0.000698417481353495,0.000633449058569021
"chr8",37575001,37675000,37625000.5,0.000442372429178333,0.000488517410755349,0.000403564914674864,0.00063843890950937,0.000485065829584108,0.000394152961386839,0.000555096753583555,0.000435615091782556,0.000638746023299643,0.00055680585360423
"chr8",37650001,37750000,37700000.5,0.000463145410672272,0.000443394699933063,0.000395209992482922,0.000683125153690809,0.00046991126559755,0.000411833120870031,0.000577680100137458,0.000377751344763483,0.000685642813209292,0.000585810128226192
"chr8",37725001,37825000,37775000.5,0.000411503396975071,0.000385857960634302,0.000354070074840788,0.000598880073266989,0.000417245901048367,0.000364436315847412,0.00051909367286065,0.000329632057392399,0.000615614989551606,0.000524758374455096
"chr8",37875001,37975000,37925000.5,0.000480051251234259,0.000466450173372642,0.000416522486648929,0.000782561847623252,0.000484936511134203,0.000421203403635447,0.000676299225576245,0.000366302590961634,0.000796712215557698,0.000695826497193524
"chr8",37950001,38050000,38000000.5,0.000467926010763381,0.000459809000890449,0.000411409498529922,0.000734878436808729,0.000432551831945978,0.000398234566760395,0.000617747999186282,0.000343335580497926,0.000717304721112147,0.000641668874185487
"chr8",38100001,38200000,38150000.5,0.00044601009741898,0.000416060090096575,0.000390953697848149,0.00078041735995015,0.000417967645533753,0.000391503145786261,0.000722392608784224,0.000346713440414416,0.000768952850397871,0.000695155377071493
"chr8",38175001,38275000,38225000.5,0.000510258273283273,0.0004651266082668,0.000427929066979053,0.000742093999094723,0.00050275535431054,0.00045375963825093,0.000671432652748149,0.000380099565951835,0.000755856374569722,0.000658275676750507
"chr8",38250001,38350000,38300000.5,0.000505096436304556,0.000487451544931118,0.000442962881325797,0.000737140289269256,0.000497588367171314,0.000448698974318117,0.000639657526219522,0.00041844006857743,0.000760871728941822,0.000654515260395604
"chr8",38400001,38500000,38450000.5,0.00058886191251059,0.00049848506220292,0.000466528076850335,0.00105269832825387,0.000578223615333938,0.000518402229794893,0.000943169668019257,0.000437988461804931,0.00105147892729499,0.000917370932035235
"chr8",38475001,38575000,38525000.5,0.000412353283268304,0.00037477639190786,0.000337171999756532,0.000731449986170548,0.000427507325473736,0.000377880542755522,0.00065771433328729,0.00033486404818415,0.000746483543433324,0.000654617285324981
"chr8",38550001,38650000,38600000.5,0.000399035831451836,0.000350818336129163,0.000315884973397364,0.000623874286490614,0.000417222246644815,0.000358888341938069,0.000542465561407833,0.000310588388389269,0.000658066466690631,0.000560834886386511
"chr8",38625001,38725000,38675000.5,0.000451128274105013,0.00041098099159274,0.000364678867769965,0.000620306763677902,0.000443241339815364,0.000394305943220692,0.000513486584438999,0.000335234755984093,0.000625856816244158,0.000534232709638058
"chr8",38700001,38800000,38750000.5,0.000592160740839964,0.0006008105088406,0.000489277438164018,0.000834790492310441,0.000555923275362332,0.000503806683816648,0.000656303855139319,0.000467396446722428,0.00080282040142623,0.000702072705290625
"chr8",38775001,38875000,38825000.5,0.000566678651693107,0.000533602299730949,0.000463356069227455,0.000797474496666787,0.000561675087935327,0.000506235073579298,0.000671253089826682,0.00040471960391028,0.000719172237873056,0.000664567305655804
"chr8",38850001,38950000,38900000.5,0.000529434170131881,0.000571475468011667,0.000480095493251594,0.000867526495265011,0.000569853254565881,0.000482074069522792,0.000732955472011563,0.000435833593171476,0.000866866037150958,0.000756367517601197
"chr8",38925001,39025000,38975000.5,0.000472755313809124,0.000501853176986557,0.000441992580698767,0.000747610037810319,0.000489011463745494,0.000430169991694792,0.00060658484046336,0.000339165555959813,0.000731227350307149,0.000650896587408104
"chr8",39000001,39100000,39050000.5,0.00043330550915918,0.000394896037968477,0.000359592190727344,0.000711177999016689,0.000450542530874462,0.000390441878163309,0.000584713891547684,0.000259502862706759,0.000682679562782103,0.000594193761286498
"chr8",39075001,39175000,39125000.5,0.000657925918846409,0.000574177927083889,0.000522635547209468,0.000904255065104718,0.000694313787305732,0.000590005416830411,0.00074702378374861,0.000421884809817663,0.000883490369991164,0.000760776962148983
"chr8",39150001,39250000,39200000.5,0.000543876391651153,0.000482583017955391,0.000437597466575091,0.00090830227225847,0.000554013047926786,0.000478201783207839,0.000744963145653256,0.000354755908053491,0.000895355267471179,0.000760661684192137
"chr8",39225001,39325000,39275000.5,0.000593974408576183,0.000542341138806946,0.000489611108566378,0.000824213489368062,0.000653993880788519,0.000545443620964678,0.000686735544820926,0.000402103775479355,0.0008285618580924,0.000718181431106398
"chr8",39300001,39400000,39350000.5,0.000538248277154974,0.000599207143461236,0.000510869674902355,0.000853584232408435,0.000600819863439053,0.000493617493019575,0.000674155422989665,0.000446195507015688,0.000799461646098032,0.000712411415341469
"chr8",39375001,39475000,39425000.5,0.000550662124736235,0.000626139986053988,0.000543796971559675,0.000874101545806445,0.000569361704191627,0.000477579718971593,0.000675952046991,0.000453979719183321,0.000787031607538915,0.0007192760198006
"chr8",39450001,39550000,39500000.5,0.00059174153884201,0.000607874053611548,0.000551590231283021,0.000888679057600418,0.000624252110600195,0.000539646810185734,0.000740360523538023,0.000451384619947244,0.000841212678297478,0.000758480066855438
"chr8",39525001,39625000,39575000.5,0.000572083004685064,0.000618885540851905,0.000546830646117287,0.000833010057468307,0.000641441673412496,0.00054234238146927,0.000705311053380171,0.000438345981354137,0.000818322142405401,0.000724909804167458
"chr8",39600001,39700000,39650000.5,0.000565174581067694,0.000634735020266449,0.000541464365569555,0.000883868145441445,0.000632854710472216,0.000518749283963706,0.000761544854989033,0.000481331250716867,0.000867075001580414,0.000772679987086128
"chr8",39675001,39775000,39725000.5,0.00049027634988414,0.000556982538501329,0.000459378795425845,0.000921334521402999,0.000533883958090814,0.000419679736706508,0.000794410077448619,0.000474563178622924,0.000914813473248111,0.000796992002208484
"chr8",39750001,39850000,39800000.5,0.000457675230980408,0.000467521097219122,0.000385440899809216,0.000692816706445958,0.000430501476265726,0.000389493098330443,0.000606538813101683,0.000385019221796948,0.00065318252862952,0.000586189154005142
"chr8",39825001,39925000,39875000.5,0.000433432303934943,0.000407899417094517,0.000382962917484091,0.000563973707821152,0.000419537770436338,0.000378336780143182,0.000487795774453016,0.000352139299917617,0.000565066010794754,0.000489759519881102
"chr8",39900001,4e+07,39950000.5,0.000562984017346757,0.000571080987906208,0.000523774846604781,0.000778481339689476,0.000541949936643607,0.000496070043924598,0.000671471192446476,0.000472042328615623,0.000796334022171807,0.000698354506118148
"chr8",39975001,40075000,40025000.5,0.000536050654700082,0.000550643140157175,0.000458636665046156,0.000760223608789355,0.000500062738227385,0.000453330799263749,0.000676303115785995,0.000410971364489194,0.000757088780296122,0.000650624644492274
"chr8",40050001,40150000,40100000.5,0.000484995203682773,0.000544326384594478,0.000466997355136251,0.000665242859755458,0.000485746314235737,0.000431808896406692,0.000573087227035394,0.000404066276778681,0.000677497001842455,0.000596995258360991
"chr8",40125001,40225000,40175000.5,0.000507640378732604,0.000576314419264056,0.000494056497525288,0.00070455164322786,0.000488855919650095,0.000444428322372495,0.000577183766838939,0.000396825715591636,0.000654705736097137,0.000605831686822858
"chr8",40200001,40300000,40250000.5,0.000539299763762832,0.000595333744047794,0.000517232738137482,0.000897478439438577,0.000559738165475569,0.000472046966171148,0.00078518406611426,0.00046141921045846,0.000863696455369892,0.000765946460469745
"chr8",40275001,40375000,40325000.5,0.000520827675537045,0.000591776104133912,0.000466029581831465,0.000854088550359503,0.000514411204670605,0.000442328620660718,0.000710420918836019,0.000440687971129788,0.000790121292828452,0.000716738481593311
"chr8",40350001,40450000,40400000.5,0.000474128495989483,0.000563398618038279,0.000414035567846619,0.000685973385014867,0.000485164846139199,0.000428277082504853,0.000562476981533449,0.000450159377506372,0.000701136206707838,0.000620131029085045
"chr8",40425001,40525000,40475000.5,0.000593179078425078,0.000654450250499566,0.000529475630083294,0.000899251583710892,0.000559946754044996,0.000517182480926485,0.000741443961383356,0.000513881810352114,0.000903082129243218,0.000788317158719364
"chr8",40500001,40600000,40550000.5,0.000607757167724027,0.000688232301499113,0.000571998284029064,0.000855580104227683,0.000599128282128902,0.00053185255720202,0.000689132791643496,0.000530477615090317,0.000880362349236607,0.000741875635807563
"chr8",40575001,40675000,40625000.5,0.000651919052150716,0.000646752388465408,0.000576847426701373,0.000880633184667854,0.000615068854424017,0.000560273304216612,0.00071682377381065,0.000529067609484347,0.000872879910106231,0.000762864594484784
"chr8",40650001,40750000,40700000.5,0.00047182616265736,0.000411115901146503,0.000370340301953857,0.000713767470383055,0.000465884926784316,0.00042159438478478,0.000608264392802081,0.000343123377696592,0.00069401279836269,0.000626345020839496
"chr8",40725001,40825000,40775000.5,0.000332009280970864,0.000330015840519071,0.000294132575718906,0.000503644402845043,0.000360546933265856,0.000319542626746898,0.000492899261417424,0.000297137861654899,0.000535634581649036,0.00047660212056567
"chr8",40800001,40900000,40850000.5,0.000489403656027871,0.000499782066837846,0.00044413650438105,0.000679432805985432,0.000503369032043505,0.000450504185961984,0.000636311944163232,0.00042070769387687,0.000707687187113159,0.000617630419770601
"chr8",40875001,40975000,40925000.5,0.000568505314651351,0.000578423798639056,0.000522926996036222,0.000790202810966927,0.000561247821168093,0.000510501331424176,0.000664683830750981,0.000478399756942471,0.000800164146311844,0.000707847185359541
"chr8",40950001,41050000,41000000.5,0.000590132490902697,0.000572684191683399,0.000530086497935019,0.000806007340365174,0.000567098660886342,0.000522325334138087,0.000677271212290016,0.000481030025466384,0.000795409320894181,0.000708160195722249
"chr8",41025001,41125000,41075000.5,0.000546309589541781,0.000554556090646885,0.000495330924949916,0.000702233977337056,0.000493993198971657,0.000463416146799279,0.000622512932400444,0.000439205621213315,0.000706018210605791,0.000619096842823115
"chr8",41100001,41200000,41150000.5,0.000434131244567752,0.000448347265919738,0.000376398191327994,0.000637080322719843,0.000433562785411893,0.000392301845476838,0.000580417060125134,0.000374062690683429,0.000660583138794404,0.000589165748473082
"chr8",41175001,41275000,41225000.5,0.00051748582889687,0.000611048558015633,0.000412745038782394,0.00081880473366057,0.000525103621162336,0.000469293469658515,0.000734305811410701,0.000512625945966351,0.000846112797131921,0.000725596866509116
"chr8",41250001,41350000,41300000.5,0.000576166783329087,0.00063504317609305,0.000449560750950124,0.00100660146927787,0.000585961337096814,0.000522083103340746,0.000873910186806896,0.000514465881227781,0.000993829521001343,0.000882009650451124
"chr8",41325001,41425000,41375000.5,0.000602950801785302,0.000638281529032715,0.000531942598218667,0.000843377021005517,0.00058158493704627,0.000544129805722398,0.000742740565237623,0.0005406903559571,0.000826571999198764,0.000764695824202675
"chr8",41400001,41500000,41450000.5,0.000552636587108659,0.00054326440936426,0.000447292145656328,0.000716132626906141,0.000491894182702095,0.000476630753709969,0.00057754931284708,0.000434295546409019,0.000638008096300639,0.00060593818343789
"chr8",41475001,41575000,41525000.5,0.000541509873691252,0.000409129958233438,0.000367048702349142,0.000830188579816384,0.000527380288960557,0.000472102171561253,0.000701008845453877,0.000355105931797169,0.000806784971518165,0.000699729035449913
"chr8",41550001,41650000,41600000.5,0.000451716910417427,0.000391328924538304,0.000350894119462889,0.000682047722507777,0.000476242309255811,0.00042399795645132,0.000651885600673456,0.000340195193124006,0.000701543854032761,0.000620915747618353
"chr8",41625001,41725000,41675000.5,0.000443479785193398,0.000431204203296912,0.000386734210160431,0.000672260437843783,0.000453812351944769,0.000405397585592892,0.000624931840509835,0.000374622092686972,0.000703527024271081,0.00062036610602504
"chr8",41700001,41800000,41750000.5,0.000636604388568768,0.00060224630969969,0.00056038612519733,0.000968454090335026,0.000597807974145349,0.0005451367187188,0.000851411740142817,0.000505630834397242,0.000936497338353532,0.00082260792038332
"chr8",41775001,41875000,41825000.5,0.000477248691427934,0.000469412459669495,0.000420067624765686,0.000765405948636462,0.000459741862650473,0.00040713608404243,0.000672536705589421,0.00038942873147521,0.000756140646969108,0.00064535563645682
"chr8",41850001,41950000,41900000.5,0.000479287641335877,0.000509776924110254,0.000423169989617704,0.000687578291572887,0.000497198642436218,0.000430062372466466,0.000626888762393625,0.000424494598810151,0.000719815993482051,0.000608641220401507
"chr8",41925001,42025000,41975000.5,0.000418929431989534,0.000446482535027093,0.000400314685645738,0.00071896072782778,0.000418477702650843,0.0003868470146322,0.000629150961537955,0.000381847704079833,0.000727105439219662,0.000645682427098887
"chr8",42000001,42100000,42050000.5,0.000447869374039601,0.000454980915758679,0.000408014960468843,0.000647475192606937,0.000458854812275663,0.000416249638330034,0.000618632121794965,0.000399151502591722,0.000722408696648246,0.000618370366512754
"chr8",42075001,42175000,42125000.5,0.000528836500211767,0.00048820127536809,0.000447124388939667,0.000779177690846552,0.000524679692685439,0.000481300274623875,0.000754954522524833,0.000423856368192876,0.000803602014929064,0.000708198075092884
"chr8",42150001,42250000,42200000.5,0.000314313854493707,0.000302099663532466,0.000270684302515901,0.000459957078631583,0.000311256355097843,0.000281333259251032,0.000412234719324139,0.000261991893284676,0.000481616581609417,0.000407692305209802
"chr8",42225001,42325000,42275000.5,0.000332937148591938,0.000339850317825663,0.000298923759708164,0.000491023097413631,0.000348710844902379,0.000312962460234004,0.000456807048013878,0.000282277076615533,0.00053414654225735,0.00046839007103414
"chr8",42300001,42400000,42350000.5,0.000302505495477501,0.000294404724813266,0.000256076548211247,0.000395959056388629,0.000326074458622673,0.000283490691431427,0.000356653408230744,0.000262881584135969,0.000434276447594621,0.000365330358721531
"chr8",42375001,42475000,42425000.5,0.000356816814904159,0.000324670725281234,0.000282750860981004,0.000507102898662414,0.000360128729491017,0.000315217217558009,0.00046119514357536,0.000271936099234954,0.000524309334985937,0.000449089041517365
"chr8",42450001,42550000,42500000.5,0.000350278175789641,0.000360717856454216,0.000313192756513122,0.000536520773938627,0.000349956958232894,0.000312367889600205,0.000501728510733591,0.000296691723461741,0.000552044854894907,0.000473154150136395
"chr8",42525001,42625000,42575000.5,0.000274648313852988,0.000299186637300391,0.000254587076651269,0.00038229547541964,0.000291275055883733,0.000251456428602621,0.000370911180956984,0.000251756267331368,0.000444230094001026,0.000367754784343991
"chr8",42600001,42700000,42650000.5,0.00033448434534479,0.000320840801516323,0.000294327521382855,0.000492523007563505,0.000333260223744239,0.000303805256168106,0.000456450242097628,0.000271228180645121,0.000531872066900989,0.000439420625277137
"chr8",42675001,42775000,42725000.5,0.000354275122305948,0.000322847304694205,0.000291608656950443,0.000543928684247134,0.000357531762880101,0.000317676237690014,0.000509578472335163,0.000265781164800648,0.000584255346560032,0.000490367544711701
"chr8",42750001,42850000,42800000.5,0.000396141152622345,0.000378919007110271,0.00033305289123072,0.000606059233783701,0.000380549794714711,0.000330885372775237,0.000512429111730256,0.000302577879612077,0.000606114264074272,0.000509788952036014
"chr8",42825001,42925000,42875000.5,0.000400162854004731,0.000404671526516545,0.00035944042944204,0.000629344264198286,0.000424236349773438,0.000372122061540422,0.00056881813071374,0.000360779346140383,0.000665355531978889,0.000577566576153563
"chr8",42900001,4.3e+07,42950000.5,0.000309945235760791,0.000312033289892484,0.000277606658027146,0.000467855847790568,0.000317574904895888,0.000281318700582272,0.000430309891564364,0.000266223152801755,0.000471174603210708,0.000421277948278679
"chr8",42975001,43075000,43025000.5,0.000355470061768481,0.000367673713507781,0.000328911864518579,0.000523040929625132,0.000351672822987019,0.000314116123078956,0.000462979538340252,0.0003031576675674,0.000532098874284539,0.00046256031635554
"chr8",43050001,43150000,43100000.5,0.000330890093278341,0.000331252161260402,0.000292485272993547,0.000502050418286154,0.000338252208168576,0.000307332543766308,0.000437240091637614,0.000297217914230355,0.00052527375261183,0.000458118137752639
"chr8",43125001,43225000,43175000.5,0.000570333958653065,0.000573933995155949,0.000493554432359255,0.000812266958334771,0.000538276450599096,0.000485435185787918,0.000722890917694353,0.000462769975993291,0.000839675508689139,0.000716831247184857
"chr8",43200001,43300000,43250000.5,0.000528602910513545,0.000509356690927451,0.00046065712342017,0.000702787070134271,0.000512969344171146,0.000463054161748021,0.000606679909454113,0.000413696531227652,0.00070590672268762,0.000632928759421252
"chr8",43275001,43375000,43325000.5,0.000480526290773718,0.000472942372349811,0.000433493883346728,0.000657296915941461,0.000468997137584262,0.000427796438891963,0.000581725737991032,0.000400128793097396,0.000661792898439109,0.000593451036308537
"chr8",43350001,43450000,43400000.5,0.000346449605311699,0.000331651599718751,0.000300310369927529,0.000526146632647142,0.000359803226755989,0.000322604191012597,0.0004737462338242,0.000290185946128452,0.000564422962721048,0.000490710987490375
"chr8",43425001,43525000,43475000.5,0.000361385906614668,0.000336043172771129,0.000294811045856561,0.000547178310018114,0.000387843777285667,0.000342582962917363,0.00050189006551334,0.000296548212433015,0.00060714275836672,0.000525071543126904
"chr8",43500001,43600000,43550000.5,0.00033584826409946,0.000348139901496119,0.000299427063623338,0.000456230297742759,0.000371166474702233,0.00031706063970099,0.000450351002934053,0.000308511084152907,0.000521574237649683,0.000431884973153314
"chr8",43575001,43675000,43625000.5,0.0002338225834222,0.000226716009894723,0.000202491038976716,0.000273430121078604,0.00024939999355305,0.000219713678617532,0.000268299524980575,0.000207671767604771,0.000303262773005954,0.000259629450709914
"chr8",43650001,43750000,43700000.5,9.12983081466262e-05,8.67121891589623e-05,7.51490637662211e-05,0.000106576956814869,0.000102335201154772,8.88396029834213e-05,0.000108752369655358,8.16117970916219e-05,0.000123124575866911,0.000104600410658775
"chr8",43725001,43825000,43775000.5,6.08353558985292e-05,6.5941698493622e-05,5.91954737663859e-05,6.36284690068444e-05,7.07159100258109e-05,6.43790666612761e-05,6.36897340278107e-05,6.35852325154397e-05,7.21893626603125e-05,6.55986536718721e-05
"chr8",43800001,43900000,43850000.5,7.7367163738103e-05,7.61239067719292e-05,6.38381699225946e-05,9.19641673526424e-05,9.31468498187079e-05,7.98137067769215e-05,9.3164160162818e-05,7.24575892394084e-05,0.000108017874839275,8.95434249585772e-05
"chr8",43875001,43975000,43925000.5,8.11396308747252e-05,8.08055132540854e-05,6.91319775515546e-05,0.000101183744865342,8.5802533453379e-05,7.34215899105695e-05,8.895444836282e-05,6.90592920971268e-05,0.000103457496024697,9.02974866649898e-05
"chr8",43950001,44050000,44000000.5,0.000103004195790672,9.10746012151389e-05,7.73182149944425e-05,0.000113037744193836,0.000106826248703919,9.21254766141375e-05,0.000108604735026086,7.44094952863395e-05,0.000126702626300204,0.000104278445315562
"chr8",44025001,44125000,44075000.5,7.85173950683005e-05,7.41901218934442e-05,6.45730855125694e-05,8.66557760118374e-05,8.14935438996755e-05,7.19606010445528e-05,8.81647880889868e-05,6.73296160442739e-05,0.000100473273566552,8.1837443092866e-05
"chr8",44100001,44200000,44150000.5,4.17089921799392e-05,4.02228952234108e-05,3.63237575703669e-05,6.77212970865191e-05,4.75792411636156e-05,4.00201102327364e-05,6.81322687700453e-05,3.98531262249191e-05,8.23300659374418e-05,6.89479259811485e-05
"chr8",44175001,44275000,44225000.5,7.65378488142765e-05,7.51110093685253e-05,6.54446281389509e-05,8.70258296119451e-05,8.33839641204139e-05,7.1212760960003e-05,8.27548002755296e-05,6.68824762240281e-05,0.000103651477991,9.06192676278403e-05
"chr8",44250001,44350000,44300000.5,0.000120935139986957,0.000127503258263453,0.000107464772186095,0.000154076970903139,0.000121925595908902,0.000103236992109277,0.000132855362066393,0.000103462002628501,0.000169776527107493,0.000142446164330068
"chr8",44325001,44425000,44375000.5,0.000134486178961838,0.000141594389262992,0.000116161170687586,0.000176922025151945,0.000137312691111704,0.00011318055390648,0.000153295678705359,0.0001160879265405,0.000183046697142921,0.00015648287582616
"chr8",44400001,44500000,44450000.5,0.000230102248774205,0.000227016092791259,0.000200251060210145,0.000290211701213954,0.000229963901537914,0.000207548353858182,0.000268037976053285,0.000197788471763864,0.000298535074356323,0.000266943796311145
"chr8",44475001,44575000,44525000.5,0.000259820450604261,0.000260270462608432,0.000226135916584527,0.000353743862275394,0.000275884137771345,0.000237288625566634,0.000331758065043533,0.000228393563616086,0.000394031756452448,0.000328621172253573
"chr8",44550001,44650000,44600000.5,0.000259615412363532,0.000254929610556314,0.000218352759167209,0.000301086760818521,0.000272413716649505,0.000234513159732793,0.000270145318703625,0.000222879341284251,0.000327214043472106,0.000273316343715004
"chr8",44625001,44725000,44675000.5,0.00027306977459225,0.000267386724046458,0.000229176902491913,0.000335653654825373,0.000291133728536035,0.000250416179852472,0.00034505427951245,0.000231990077400548,0.000366499600055373,0.000313435180374838
"chr8",44700001,44800000,44750000.5,0.000294113425815244,0.000291423037237303,0.000253312991952639,0.000443038084109437,0.000303773361025481,0.000263368159249868,0.000416030146976455,0.000258899120157284,0.000452927979656636,0.000395095997552223
"chr8",44775001,44875000,44825000.5,0.000361486465733378,0.000342740373888892,0.00029984882756096,0.000566131270823911,0.000357513785194986,0.000316516621106246,0.000520722363191475,0.000298696768151109,0.000560946366486131,0.000497110700944378
"chr8",44850001,44950000,44900000.5,0.000320018605365529,0.00030126716429688,0.000275445692958392,0.000509250509466634,0.000324357219752999,0.000293388367772919,0.000479397743057434,0.00027324772079285,0.000534287821771064,0.000470232542695293
"chr8",44925001,45025000,44975000.5,0.000373465352064467,0.000357215708629721,0.00032657487065873,0.000539950446084861,0.000357148616645134,0.000323865179942956,0.000506884313257021,0.000285995671475291,0.000543535284078805,0.000474346878285073
"chr8",45000001,45100000,45050000.5,0.000400552440396872,0.000384529058904368,0.000344187112312806,0.000587443299134592,0.000390998195371279,0.000346718848626363,0.000525266958295085,0.000315342934709607,0.000590364261573814,0.000512229510954048
"chr8",45075001,45175000,45125000.5,0.000452319687377726,0.000430272891241233,0.000385716264468978,0.00060989941600093,0.000450516071063905,0.000402147315971413,0.000563393977292347,0.000367783603643485,0.00061985930725439,0.000536814365127305
"chr8",45150001,45250000,45200000.5,0.000381271158803986,0.000353981879963892,0.000313451046169315,0.000478311712183847,0.000382412165230022,0.000340410458671794,0.000479213321445871,0.000298388302343875,0.000494177686004035,0.000427795788386504
"chr8",45225001,45325000,45275000.5,0.000493913031674017,0.000465812422419536,0.000433448793337362,0.000751997059866073,0.000470263232290564,0.000433958832929137,0.000714351412916765,0.000388993873186023,0.000771829017735922,0.00068835072479124
"chr8",45300001,45400000,45350000.5,0.000422097838936296,0.000424986725600917,0.000382886894375725,0.000636886769025253,0.000423374748630428,0.000378028479498965,0.000558671409298799,0.000363997869192147,0.000664770292141927,0.000582476457062652
"chr8",45375001,45475000,45425000.5,0.000532671005180545,0.000514291852268861,0.000450830853840361,0.000818502639176945,0.000524343169303443,0.000456573231404904,0.000682489532702974,0.000426245995532227,0.000814397492834659,0.000693253614458588
"chr8",45450001,45550000,45500000.5,0.000481535487081517,0.000445634399976746,0.000398018287391992,0.000792564884225254,0.000455438570786273,0.000406581649511241,0.00070574555574837,0.000365050553690788,0.00077978175314317,0.000671370179449667
"chr8",45525001,45625000,45575000.5,0.000434978042233541,0.000402669356983005,0.000365999794279782,0.00059631017614462,0.000418584326085848,0.000378408715117366,0.000569581293396496,0.000343108453063289,0.00060889285238454,0.000539562114412129
"chr8",45600001,45700000,45650000.5,0.000545106486653097,0.000505477672738293,0.0004627491285546,0.000769555096122545,0.000508425030785035,0.00046278528061096,0.000676015068454278,0.000393821265145615,0.000754782343429069,0.000668804253030494
"chr8",45675001,45775000,45725000.5,0.000472017714150222,0.000460656123015491,0.000416840499647664,0.000717119060784615,0.00044378691703163,0.000399972571173506,0.000610835305578553,0.000371342541341154,0.000695238442640036,0.000610126573198331
"chr8",45750001,45850000,45800000.5,0.000475024518652743,0.000461446416258921,0.000411902084873971,0.000716556569598948,0.000447202956297185,0.000403208021698885,0.000613416817385618,0.000374652346217715,0.00069600297355592,0.000595141726832404
"chr8",45825001,45925000,45875000.5,0.000477867286112631,0.000468490170207195,0.000414817752047871,0.000662469114587787,0.00045703363398706,0.000416474143223035,0.000560975789552143,0.000373062164949035,0.000661909620500239,0.000575951088593823
"chr8",45900001,4.6e+07,45950000.5,0.000508748770376719,0.000504818852717721,0.000453786418409048,0.000665112117194114,0.000503059006571161,0.000438431218205709,0.000543687395866384,0.000423629924405548,0.000677497264378426,0.000572679488651897
"chr8",45975001,46075000,46025000.5,0.00136770637689137,0.00132448042447416,0.00134550620017177,0.00137847850257742,0.00132427834062873,0.00134500780564566,0.0013781739870362,0.00130112664880495,0.00133267705950722,0.00135203755033163
"chr8",46050001,46150000,46100000.5,0.000666204837988955,0.000625021633010643,0.000565485784193462,0.000985177680324388,0.000631521534385788,0.000567813701158258,0.000860105416457975,0.000526598293817623,0.000928288294251514,0.00083604781155261
"chr8",46125001,46225000,46175000.5,0.000588554661262027,0.000535481721500847,0.000503859280261838,0.000866984872664144,0.000558927268244217,0.000511341705509389,0.000721153255365611,0.000459032820587628,0.00084349002835412,0.000739797746764681
"chr8",46275001,46375000,46325000.5,0.000495065377103106,0.000458730494259865,0.000420606926380201,0.000743910050840475,0.00047377021292313,0.000425336301795832,0.000633052520803494,0.000381924989781864,0.000734922772678582,0.000643344389421448
"chr8",46350001,46450000,46400000.5,0.000726310469988959,0.00069236187274848,0.000620427725150518,0.000964422659532757,0.000684918167601991,0.000611407894285142,0.000870653004090826,0.000559269140359329,0.000988469570209408,0.000832208008771074
"chr8",46425001,46525000,46475000.5,0.00127426117231872,0.00123298776459505,0.00125190395251244,0.00128593733851942,0.00123949745889475,0.00125787897203113,0.00129243677331417,0.00121623047323738,0.0012475633246084,0.00126868371487487
"chr8",46500001,46600000,46550000.5,0.00131876517663929,0.00126409455867894,0.00129373812085941,0.00132326035939527,0.00128096346673458,0.00130915865859548,0.00133854011422277,0.00125414903516817,0.00128263400812031,0.00131147535693388
"chr8",46650001,46750000,46700000.5,0.000517683976594615,0.000504888994136034,0.000457377216168122,0.000772984127548742,0.000479924502410602,0.000441419130348498,0.000689625796457384,0.000415354221775551,0.000762423205400266,0.000672270631629876
"chr8",46725001,46825000,46775000.5,0.000544975660841865,0.000519836763198875,0.000480073580754455,0.000706051543944802,0.000513182970065821,0.000464187425281933,0.000596578516444309,0.000445223700311568,0.000685426370959391,0.000601040931439832
"chr8",46800001,46900000,46850000.5,0.000579136021860705,0.000576811697494061,0.00052888266716656,0.000827373719947511,0.000549340172636855,0.000492768734588073,0.000678616536333942,0.000449742356022398,0.000817002674104295,0.000711319096046122
"chr8",46875001,46975000,46925000.5,0.000658657547971285,0.000612811283797948,0.000546298866286804,0.000973891745700234,0.000628406812471729,0.00055095128446222,0.00081369112568116,0.000482397909049894,0.000971032972120324,0.000830884962175083
"chr8",46950001,47050000,47000000.5,0.00117027458390607,0.00112447555553152,0.00115835793257129,0.00118245332260904,0.00112855384489359,0.00116271005025596,0.00118591278577541,0.00111648467670556,0.00113985187806307,0.00117230990873106
"chr8",47025001,47125000,47075000.5,0.000592391722727517,0.000584224089860254,0.000519186296303572,0.000822864132045598,0.000554570417393068,0.000495070863835784,0.000705844147295156,0.000457999001095311,0.000811476464972007,0.000703358234252298
"chr8",47100001,47200000,47150000.5,0.000554086257666094,0.000503394623845729,0.00045845270972956,0.000832251888289715,0.000536382575798401,0.000479825559501105,0.000710621950585136,0.000419814225373043,0.000840049697683457,0.000723022290207047
"chr8",47175001,47275000,47225000.5,0.000569336864786781,0.000513220357866106,0.000475034509976036,0.000712240360514916,0.000549571831088517,0.000487203255529773,0.000622197121480367,0.000410087590910539,0.000714897442000158,0.0006283347609783
"chr8",47250001,47350000,47300000.5,0.000553450761401459,0.000520248932495607,0.000483955810591637,0.000818761605573145,0.000522454463943042,0.00047793975772117,0.000723701160338485,0.000416779129833501,0.000822766720181105,0.000704023211153659
"chr8",47325001,47425000,47375000.5,0.000529612196710471,0.000504662187730146,0.000460408365727071,0.000778263716867133,0.000512339296832518,0.00046324696959628,0.000665001651460262,0.000411408470943737,0.000724050014142844,0.000649736932672806
"chr8",47400001,47500000,47450000.5,0.000534057062161316,0.000513379675287237,0.000462371776631629,0.000719989875058752,0.00051796112122,0.000459327366662486,0.000582020680779883,0.000416242723391578,0.000699810869054549,0.000609978422714993
"chr8",47475001,47575000,47525000.5,0.000625732914265199,0.000651224508577396,0.000565574417788508,0.000936028287756898,0.000633570737455369,0.000550897375652462,0.00082494195649407,0.000521858299725317,0.000992379954411027,0.000831794391734118
"chr8",47550001,47650000,47600000.5,0.0012333603096319,0.00118132254799424,0.00120293010442726,0.00123107750166911,0.00118805667512947,0.00120898459590675,0.0012380453336098,0.00115662895186812,0.00118401984175008,0.00120361939380255
"chr8",47625001,47725000,47675000.5,0.000533949496469817,0.000497317591758252,0.000450971813678747,0.000792320602036027,0.000512834016650694,0.000447980542864124,0.000656802747419058,0.000394025463196816,0.000742331064064651,0.000644850833630314
"chr8",47700001,47800000,47750000.5,0.000544782228519278,0.000526722140389458,0.000475588465618655,0.000887561320022912,0.000517743133046114,0.000463256240194613,0.000781353041554079,0.000425407848178433,0.000845716053898717,0.000738291023983212
"chr8",47775001,47875000,47825000.5,0.00113867193121333,0.00109833471444104,0.00111475162062585,0.00114204663945951,0.00110450228861521,0.00112012081494448,0.00114692778957261,0.00107901719902513,0.00110657720672096,0.0011207192811269
"chr8",47850001,47950000,47900000.5,0.000650667833222672,0.000581588529679023,0.000535131987445345,0.000970791877126715,0.000605291785743598,0.000556295247153703,0.000832975959116038,0.000484883370295707,0.000960598550138174,0.000831302309287075
"chr8",47925001,48025000,47975000.5,0.00054072410453188,0.000533710521287353,0.000477485895549225,0.000841045490321245,0.000536661111915627,0.000470221079012009,0.000739037171571542,0.000436058481802026,0.000862114610518408,0.000737086177709759
"chr8",48000001,48100000,48050000.5,0.000537445026540304,0.000538796409406229,0.000474552395320283,0.000690137248073143,0.000544097812078583,0.000463370763707297,0.000595615892576637,0.000422987981636817,0.000719425018400559,0.00060506807414861
"chr8",48075001,48175000,48125000.5,0.000530462690589227,0.000528147313087494,0.000457637093999671,0.000688123793606341,0.000501345502233882,0.000452932470780227,0.00061971426851219,0.000416154950334346,0.000683963315987562,0.000598168417023228
"chr8",48150001,48250000,48200000.5,0.000554728267600511,0.000577398074445222,0.000485533637193598,0.000817266848681369,0.000503416766241849,0.000462395177965518,0.000704429700420329,0.000439444254397294,0.000759826375484694,0.000676001210883358
"chr8",48225001,48325000,48275000.5,0.000463797487195277,0.000450651383478161,0.000405829900867086,0.00062574780640367,0.000438476653291859,0.000400760474813413,0.000537198392342464,0.00034644312721747,0.000604131782085994,0.000537223931870888
"chr8",48300001,48400000,48350000.5,0.000413520329405912,0.000404598389868334,0.000366789920225897,0.000531969245866334,0.000411841154407139,0.000374746532840729,0.000484692464240256,0.000343776104710966,0.000567607969269656,0.000490661666483047
"chr8",48375001,48475000,48425000.5,0.00028084281703499,0.000260478687324925,0.000231061663050647,0.000419638583517155,0.000276059435934469,0.00024593179437218,0.000354234970911612,0.000210528737911962,0.0004293404127871,0.000374443283190993
"chr8",48450001,48550000,48500000.5,0.000235478592642508,0.000214633911999571,0.000196577548722488,0.000335838684154481,0.000227451181460659,0.000206368833295983,0.000298977067350529,0.000185296513933305,0.000339811329244587,0.000290343379269232
"chr8",48525001,48625000,48575000.5,0.000216271194835465,0.000223961905099655,0.000200805389779218,0.000308845020889285,0.000226641566815071,0.000204923684928514,0.000282437841300993,0.00020982147621232,0.000329922608142506,0.000284099251553457
"chr8",48600001,48700000,48650000.5,0.00015493478954293,0.000144052546261212,0.000134563614440827,0.000184873674252216,0.000164754660986298,0.000152153865324606,0.000194881209901159,0.000134019131713149,0.000198697638223301,0.000182528637708993
"chr8",48675001,48775000,48725000.5,9.76361713628664e-05,8.96862948969454e-05,8.32830532089506e-05,0.000126931512587766,0.00010774010205827,0.000100633586616176,0.000137380142551344,9.0770650626887e-05,0.000146421533692432,0.000129389858796035
"chr8",48825001,48925000,48875000.5,0.000413773088027767,0.000404238935872364,0.000402034732310502,0.000412412100947485,0.000400009469019817,0.000397766172277518,0.0004081432660214,0.000387920819756578,0.000398731857729548,0.000396362750917194
"chr8",48900001,4.9e+07,48950000.5,0.00020592414578088,0.000209201789203428,0.000176914649154437,0.000278155317566108,0.000232945040995817,0.000189007552404845,0.000259526211708697,0.000183382656482925,0.000306413406268821,0.000253282054278977
"chr8",48975001,49075000,49025000.5,0.000204267788987786,0.000188234749203044,0.000165928319706905,0.000300962156854157,0.000217309549115374,0.000190021872258835,0.000279124037177076,0.000165047708006752,0.000322885152648459,0.000277489315254107
"chr8",49050001,49150000,49100000.5,0.000220374712666628,0.000228006078657221,0.000199190956754467,0.000307431367598878,0.000246224955718012,0.000211304450999226,0.000274365537372148,0.000189480247852982,0.000330016096700855,0.000285456235183095
"chr8",49125001,49225000,49175000.5,0.000166637634497034,0.000164323190611791,0.000141770455985893,0.00026089933360667,0.00019041113355022,0.000159314865579929,0.000239545523856026,0.000129105696210852,0.000290567641448783,0.000241496879111739
"chr8",49200001,49300000,49250000.5,0.000260962939499031,0.000258232870163055,0.000236661029984805,0.000398275629129357,0.000272854990924281,0.000246359119985656,0.000360979533846789,0.000206506187004918,0.000389397541482644,0.000354643281138625
"chr8",49275001,49375000,49325000.5,0.000639645277675313,0.000615576193814656,0.00061848116953071,0.000646137568700801,0.000616653385833759,0.000619437987569618,0.00064688718570574,0.000594944243386225,0.000622776921100099,0.000625358561688393
"chr8",49350001,49450000,49400000.5,0.000201987522907616,0.000191560661266645,0.0001733806111677,0.000291332113257906,0.000223610195513261,0.000191212230001147,0.000266494135695936,0.000146737369061372,0.000316632434817617,0.000263777450853568
"chr8",49425001,49525000,49475000.5,0.000288688348306602,0.000281987252289245,0.000254197109050996,0.000478521510147031,0.000342434979810019,0.000292586360493709,0.000424883762437853,0.000191653322196186,0.000534209712634102,0.000458972429596616
"chr8",49500001,49600000,49550000.5,0.000250789300873295,0.000273494928552573,0.000235616070131219,0.000708039646103672,0.000343772521560089,0.000270226803665606,0.000668693866145049,0.000173455893169693,0.00071918997042233,0.00062030475095312
"chr8",49575001,49675000,49625000.5,0.00021683713438885,0.000260706863902479,0.00021988992558824,0.000654546544265104,0.000284823551369137,0.000224351881590039,0.000558743631469162,0.000161660889394801,0.000657518810372878,0.000565603173014617
"chr8",49650001,49693984,49671992.5,0.000174414485606283,0.000239904607823795,0.00019444823255389,0.000620444125304817,0.000251232212643813,0.000186652712834782,0.000536957564125329,0.000161294910765024,0.0006365132391874,0.00054507844832949
