"Chromosome","Start","End","Midpoint","House_vs_Bactrianus","House_vs_Spanish","House_vs_Italian","House_vs_Tree","Bactrianus_vs_Spanish","Bactrianus_vs_Italian","Bactrianus_vs_Tree","Spanish_vs_Italian","Spanish_vs_Tree","Italian_vs_Tree"
"chr8",1,1e+05,50000.5,0.101901651429797,0.0709313505895262,0.0013997257535972,0.469977817314252,0.231188580334958,0.113928849940699,0.486290989341462,0.0375402628880737,0.50658040240714,0.454316939822611
"chr8",75001,175000,125000.5,0.0388933737090039,0.107362594372734,0.0175891963313789,0.292421498648686,0.202854912458579,0.0701415878821265,0.35368203098754,0.0693678106455048,0.36811139682247,0.300189317643559
"chr8",150001,250000,200000.5,0.0760696059045603,0.0377443909037258,0.0197278575157359,0.524737381657065,0.159128438729064,0.135925498169228,0.514839622425251,0.0138271309450415,0.580594295235772,0.572254313080518
"chr8",225001,325000,275000.5,0.0832677911862216,0.0323350941208723,0.0102024970732927,0.460536488858282,0.159538722586718,0.133849414462707,0.405378520794774,0.0131754706199472,0.517449932974887,0.492403694008671
"chr8",300001,4e+05,350000.5,0.0771146704803434,0.0679807815633841,0.011473478770451,0.469911100316932,0.110100003085862,0.0953484970643362,0.377349426364129,0.0396245099439132,0.444640743814767,0.451979329628303
"chr8",375001,475000,425000.5,0.0578527416998398,0.0797091065387658,0.0393255061759339,0.457175480824732,0.12768591241058,0.0923451375411326,0.441474228919965,0.0290178903168313,0.488158632790662,0.493311955557603
"chr8",450001,550000,500000.5,0.0383699781979948,0.101890219183038,0.0228186630285015,0.393932782997964,0.134698754862608,0.0626773249264403,0.401440607407102,0.0370236876470255,0.47429993533289,0.428581219515707
"chr8",525001,625000,575000.5,0.0828270022520082,0.0684761149217571,0.0150176577688323,0.506229893752917,0.127311057459069,0.0866323772858385,0.445930232653787,0.0257069189378336,0.506342306115325,0.48815647222185
"chr8",675001,775000,725000.5,0.0533981221141456,0.0624812285720629,0.0287899894406848,0.424613670600252,0.114551230748445,0.084532918120212,0.420578014544495,0.0151274192288884,0.482285493270438,0.461196263050634
"chr8",750001,850000,800000.5,0.0475154879449597,0.0573893508761439,0.0171300405847346,0.48973045416018,0.113435934051673,0.083065488258069,0.482695088274165,0.01463869923045,0.516184486965639,0.516920235679575
"chr8",825001,925000,875000.5,0.0551251501563082,0.0667574292167252,0.0297545348309766,0.469526288312295,0.135338958839471,0.0745939286966517,0.424734940349941,0.0163752787182062,0.507966050372754,0.46642409434274
"chr8",975001,1075000,1025000.5,0.0611792013655325,0.0627725196619248,0.0222020041527067,0.47803709116894,0.118071228885099,0.0550112566965824,0.469789930115489,0.0197280811408542,0.521490075321666,0.491833265053296
"chr8",1050001,1150000,1100000.5,0.0890632331581653,0.019811751824887,0.00485127278782518,0.433479576651444,0.120971103803964,0.0921080099189048,0.379729142457432,0.0060287811657698,0.463268627481,0.465711393225744
"chr8",1125001,1225000,1175000.5,0.0661976820316715,0.0621149247885704,0.0258997398122792,0.441603111223087,0.117208601469815,0.0803656317710477,0.428232905838364,0.0140768710941485,0.484530721615056,0.487344511010362
"chr8",1200001,1300000,1250000.5,0.0471351122140927,0.0376519788348468,0.00894021026055998,0.532406926926485,0.0701021523635919,0.0340956091385507,0.504866273042391,0.0137587017936026,0.568350963677669,0.536588138745128
"chr8",1275001,1375000,1325000.5,0.0424775119482273,0.0311204656057213,0.00635689427332712,0.554761518927637,0.0508983809051693,0.0456369580469618,0.526322025598411,0.0141704956048168,0.585147387992355,0.568562565790322
"chr8",1350001,1450000,1400000.5,0.0623706072414728,0.0260830075920776,0.0146515513170639,0.539989351184063,0.0811511228998347,0.0528140395747913,0.497939200390953,0.0145818551789366,0.533859734586929,0.541923854926261
"chr8",1425001,1525000,1475000.5,0.0690769865840572,0.0318481578176905,0.0184275087016782,0.506126979547355,0.080558634575241,0.0661906320040469,0.493161784344245,0.0200535548631642,0.522691326909206,0.52860187293934
"chr8",1500001,1600000,1550000.5,0.076094575386845,0.0227929673955165,0.0139014763046564,0.500919162295118,0.0632812138975142,0.0585865195492868,0.506382453095067,0.0033001157435403,0.497542350844185,0.502724421250015
"chr8",1575001,1675000,1625000.5,0.0816839076498853,0.0772573542268208,0.0735838310671146,0.162585401268909,0.100500895364203,0.0847604954606985,0.192541376514183,0.076250269206714,0.176898009070962,0.162208188573431
"chr8",1650001,1750000,1700000.5,0.0449676140982208,0.0270885416352231,0.0168881639279164,0.513924937785257,0.065110778495041,0.0479340930096818,0.520176634700245,0.0092033152598169,0.525611833482684,0.524255405037304
"chr8",1725001,1825000,1775000.5,0.0466776706783694,0.0500131297190859,0.01562764044968,0.461862199427129,0.0607910509032653,0.0423227863855204,0.478691136840506,0.0181009048832152,0.500110266777253,0.479622166671085
"chr8",1800001,1900000,1850000.5,0.0534853529875824,0.0544743882935678,0.0160941220147623,0.489708736408923,0.0578966209208667,0.0339149468503115,0.503820480297722,0.0132447593354631,0.531776120299455,0.509187245812152
"chr8",1875001,1975000,1925000.5,0.0460151631768222,0.04700589238061,0.0132944412411494,0.513056837448644,0.0739211661602188,0.0497567945014811,0.507366919921441,0.023535694930436,0.556695011349405,0.530594131581126
"chr8",1950001,2050000,2000000.5,0.0631602093293392,0.0385086770772682,0.00839271494755984,0.537457693621036,0.101074081692901,0.0725245017492047,0.500772516182307,0.0185901502365921,0.569249374987538,0.552036643714606
"chr8",2025001,2125000,2075000.5,0.0590105114204188,0.0417774282297156,0.0147284165950673,0.529946134393339,0.0850781033804197,0.0686182122634031,0.479822338254308,0.0143741986290692,0.533814392265838,0.545119164317592
"chr8",2100001,2200000,2150000.5,0.0538244750891535,0.0539260505461396,0.0180587225479779,0.426807512368711,0.0935263132058979,0.0574059488774311,0.43798691096422,0.0106196334925819,0.464776527263721,0.456274419711626
"chr8",2175001,2275000,2225000.5,0.0467434121613367,0.0326740694329857,0.00878967506017524,0.547479161323662,0.0994788616989696,0.0605815040268675,0.544886757281307,0.0122131390161109,0.569843574266007,0.558574188254938
"chr8",2250001,2350000,2300000.5,0.0671377121647642,0.0407635116588441,0.0169239638188945,0.529241845150789,0.107464677183564,0.0758592728304186,0.524600705022844,0.0175724121044719,0.56697057359422,0.543054619342235
"chr8",2325001,2425000,2375000.5,0.0590748355370985,0.0446586846060986,0.0157232952236632,0.502843827179929,0.10084270208801,0.0760361637291398,0.497780219695816,0.012639035414127,0.534448100450472,0.512441193942452
"chr8",2400001,2500000,2450000.5,0.137773312912235,0.0306555315896527,0.00560627134394244,0.555580704573181,0.211202491794068,0.146827737609105,0.565512962762986,0.0118690873777498,0.61495062212707,0.567091038263776
"chr8",2475001,2575000,2525000.5,0.120127376537971,0.0469088298957923,0.00974361599215252,0.57010550203581,0.200118268926848,0.141340096464861,0.588859600374253,0.0109263417796781,0.630625157669497,0.593713891538488
"chr8",2550001,2650000,2600000.5,0.153596771177575,0.0442502863127262,0.0092969074121704,0.55174473883756,0.241847119775224,0.167132172953071,0.473691628207045,0.0157676679392677,0.619571392552082,0.57868119705581
"chr8",2625001,2725000,2675000.5,0.113304686064491,0.130486885100237,0.0445108562897039,0.515905246427922,0.191317690797192,0.111573281630119,0.554164311246923,0.0229859442154486,0.600498735809203,0.545081648755606
"chr8",2700001,2800000,2750000.5,0.0972149579854452,0.0923773744143594,0.0263824837126445,0.46999855668711,0.225101108056053,0.145672016832984,0.47624600349297,0.0347184590971074,0.582486012199175,0.507081788146483
"chr8",2775001,2875000,2825000.5,0.106624069946573,0.0465021755673476,0.00725494722217926,0.545119804725165,0.186648993454821,0.103373434174242,0.526784736321263,0.0322510330977272,0.587190780985661,0.533020075836416
"chr8",2850001,2950000,2900000.5,0.111679546145972,0.0513146186926202,0.00659276281810467,0.518277067818495,0.237132194678886,0.136115587020601,0.479836542255806,0.0312645834718712,0.597300473333992,0.523878201564086
"chr8",2925001,3025000,2975000.5,0.0885244679560687,0.116688872736538,0.0254137502534812,0.537737080337466,0.178876482314967,0.100690651905088,0.535920419276869,0.0405847514508486,0.588708821670522,0.54092846614521
"chr8",3000001,3100000,3050000.5,0.069853123556675,0.0993131981303056,0.0167204827634618,0.5633163110527,0.15474506074385,0.0726516560119325,0.534690520420811,0.053855330248814,0.622353259000853,0.569622087500141
"chr8",3075001,3175000,3125000.5,0.0833151024589837,0.0946399577619408,0.0323298309955809,0.525688277415478,0.139485960841732,0.0778759246777624,0.539990394765091,0.0266311070813866,0.585537912528594,0.541901811200106
"chr8",3150001,3250000,3200000.5,0.100133758951434,0.0977864699753287,0.0238483042774651,0.546758761228724,0.164541665727137,0.0875587469892863,0.507723582095364,0.0268706842038899,0.616380528147272,0.557162671570806
"chr8",3225001,3325000,3275000.5,0.0975083963702704,0.0545603552450962,0.00547631559147653,0.531439252716207,0.164045014620607,0.100670999597443,0.480956467962765,0.0201927141269092,0.581968995168331,0.549101044786528
"chr8",3300001,3400000,3350000.5,0.0553906112527432,0.0507139084242276,0.012769574079287,0.522343716422736,0.13669501382282,0.0845378521480026,0.501054336886792,0.0117179192870076,0.570295073393467,0.547583584957175
"chr8",3375001,3475000,3425000.5,0.080949986744278,0.0419121057370471,0.0130016035027401,0.501790012447449,0.146047769597228,0.0921989160314124,0.483071183717407,0.0159692389706978,0.548283137189236,0.519529566133391
"chr8",3450001,3550000,3500000.5,0.068903226026391,0.0527805384949903,0.0255838922942208,0.464176048105642,0.149032967646901,0.0965950029131194,0.438278022555649,0.0147507671502822,0.522832523224042,0.492916066626255
"chr8",3525001,3625000,3575000.5,0.0441656437705937,0.0837165319524322,0.0225123995072702,0.46031472489209,0.146357699301267,0.0604490707569779,0.451230478057067,0.0341933459697436,0.546126594463153,0.476214096154348
"chr8",3600001,3700000,3650000.5,0.0534154907726325,0.0869808603190781,0.0176017694136007,0.476210576757388,0.180934049591944,0.0876790473098788,0.45902535664284,0.0408619920306371,0.577730966313205,0.506473771068224
"chr8",3675001,3775000,3725000.5,0.064719226271178,0.0572585221921727,0.0322728480945523,0.53968612729227,0.121968230516713,0.0975567259363065,0.508713461687118,0.0109829139185331,0.587994000583782,0.577984202658753
"chr8",3750001,3850000,3800000.5,0.0636814806155913,0.0529900137027877,0.0206094272656024,0.51591943687596,0.124398308976653,0.0793991562415218,0.462983371201654,0.0126438108477676,0.568636963717567,0.537353894801534
"chr8",3825001,3925000,3875000.5,0.0546929111028988,0.0569266087261547,0.0206856636494252,0.490082070387976,0.120889010941859,0.0603887421319346,0.458793967144253,0.0193047629640296,0.54714314858982,0.514087597698885
"chr8",3900001,4e+06,3950000.5,0.0354143980485096,0.0490030584214411,0.0250326637979134,0.458070117277984,0.103111750694101,0.0635307041348762,0.478171470624895,0.0163765022504426,0.524052432080113,0.514055072012346
"chr8",3975001,4075000,4025000.5,0.0314522893159356,0.108244220563853,0.0359456695901579,0.440697688054176,0.168733403153985,0.0785941302123755,0.440648876225838,0.0285246469161809,0.543640029465691,0.485261164292621
"chr8",4050001,4150000,4100000.5,0.0734727283019714,0.10877999470894,0.0454537240404553,0.44801059396202,0.168375662071572,0.0891869972841993,0.449631153155606,0.0275439043902473,0.542522530065807,0.473348086853948
"chr8",4125001,4225000,4175000.5,0.0773836811333962,0.123024736098243,0.0377565673998541,0.525080294405613,0.198710653898327,0.0936837207105271,0.537080191969736,0.0346443754166163,0.558076938029141,0.506208611722029
"chr8",4200001,4300000,4250000.5,0.0751671758050761,0.151679188143244,0.0754737469277492,0.552169868825286,0.188298469155875,0.101269678575322,0.530471059619151,0.0201508732966769,0.618418840692848,0.580186311651797
"chr8",4275001,4375000,4325000.5,0.0827997388040941,0.0645918781593788,0.0272121599603037,0.539638970170518,0.207938620168111,0.149180895036114,0.49848482431525,0.0137553706566806,0.621843539573217,0.592515419313185
"chr8",4350001,4450000,4400000.5,0.0736126746239586,0.0670069914403326,0.00429948671358022,0.485138807176287,0.197757406361144,0.0985777276121177,0.47308910903561,0.0353863406187809,0.592731396425572,0.515892151317251
"chr8",4425001,4525000,4475000.5,0.06666503379497,0.0405029420582647,0.0110723454226662,0.533095851524677,0.116310762984365,0.0683109979553488,0.532386482685547,0.0211376681584671,0.572952355987715,0.527251403353481
"chr8",4500001,4600000,4550000.5,0.06806797576241,0.0543102524686287,0.0186247828575116,0.486714554819238,0.105876953456592,0.0543160371011829,0.485250873413846,0.0153660765296734,0.521758749561281,0.47121408917862
"chr8",4575001,4675000,4625000.5,0.0569825013864378,0.0380940973718025,0.0138233323432576,0.473056357829469,0.076353716389519,0.054981932062746,0.504507576143234,0.00839659233041533,0.475589969897172,0.476851867260992
"chr8",4650001,4750000,4700000.5,0.0737516636587318,0.0775836736073739,0.0263661062812086,0.510109937358297,0.12718609284904,0.0739564394121345,0.517225143391745,0.0210968964692649,0.566191579334204,0.528105499829224
"chr8",4725001,4825000,4775000.5,0.0657765688990706,0.0564310725124363,0.0203445610210642,0.522848679564634,0.126955975037907,0.0806586336592279,0.530644915238392,0.016407157879961,0.579556366527201,0.544625423858065
"chr8",4800001,4900000,4850000.5,0.0495107260171651,0.0486433188236855,0.0139155191727679,0.553331385781784,0.0971286140614686,0.0573071914297628,0.552044724661523,0.0215939620921294,0.592983881236826,0.558919140160221
"chr8",4875001,4975000,4925000.5,0.0462889250215515,0.0836563226712716,0.0237469260622769,0.540677901030405,0.123445941197212,0.0729523086185519,0.553371617653624,0.0273251443171027,0.600767020216436,0.574312993905261
"chr8",4950001,5050000,5000000.5,0.043123317684445,0.0665845244317114,0.0259947697675196,0.551147662653919,0.0928941645892504,0.0489604117238645,0.56506609604454,0.0159400321995212,0.590145879192372,0.566551641911812
"chr8",5025001,5125000,5075000.5,0.0539146403744901,0.0477684510620278,0.0200104281449702,0.463485440927599,0.0884022937580924,0.0496588617326928,0.454585126322981,0.0179525294505251,0.492351296154344,0.456561797756764
"chr8",5100001,5200000,5150000.5,0.106384318937489,0.0899810670112027,0.0216301387632856,0.511213613068806,0.0853980080582912,0.0700529146360474,0.500270628285702,0.0341492141966314,0.534244519358691,0.506463418067781
"chr8",5175001,5275000,5225000.5,0.0896704425793577,0.0842867325047825,0.0322556360310593,0.515799394558967,0.0689647285572436,0.0556639945307136,0.529466039109581,0.0273057410757579,0.546089157523384,0.520380200215757
"chr8",5250001,5350000,5300000.5,0.0663527705234949,0.0854696832770134,0.0206142900714362,0.572908631528055,0.0815449654028772,0.0470008750552191,0.560882356723973,0.0363112608302438,0.593921405057143,0.553264966407232
"chr8",5325001,5425000,5375000.5,0.0368594586173757,0.112057430637552,0.0321397652047685,0.56370296516995,0.102961202283524,0.042662129161048,0.562490199459471,0.0292553455573016,0.622799948458662,0.569820247043218
"chr8",5400001,5500000,5450000.5,0.0619663350694936,0.0956090311825602,0.0284827985820129,0.593552767836437,0.101706435269342,0.0628707611666297,0.60182688963677,0.0292138859877085,0.644350120229242,0.621071438818466
"chr8",5475001,5575000,5525000.5,0.053153253295994,0.124307479604859,0.0249313266423784,0.558799458978243,0.116665790572354,0.0459767162023831,0.560036613576886,0.0588135616618913,0.62258582554172,0.564233853361442
"chr8",5550001,5650000,5600000.5,0.0480113627279087,0.131169995329787,0.0313331716074159,0.506795583850702,0.110491483531724,0.0437383532141926,0.522377225418568,0.0487027528718078,0.59224304885111,0.520964006625278
"chr8",5625001,5725000,5675000.5,0.0721320555455197,0.0521070991484141,0.021929400631005,0.518295979687126,0.097286894054025,0.0718811914591328,0.498401292312787,0.0160930356822779,0.545153963758665,0.526038775364213
"chr8",5700001,5800000,5750000.5,0.059066801927172,0.0745737117346324,0.0260585938851777,0.497563915642646,0.0909143182778683,0.0596998932343314,0.490238284540698,0.026319722171629,0.529562001110658,0.510749003852441
"chr8",5775001,5875000,5825000.5,0.0798523399419558,0.103423974875571,0.0281770036725396,0.543837454971321,0.112695528603463,0.0805412331737828,0.545203036698523,0.0374485345086879,0.573631214158709,0.545131100911792
"chr8",5850001,5950000,5900000.5,0.0290217069274003,0.0703994223123257,0.0154683726797623,0.55546853408652,0.104374784432925,0.0466128331989985,0.562240739999615,0.0299706139955204,0.606115971588466,0.566803406787571
"chr8",5925001,6025000,5975000.5,0.0405887914702606,0.106070685396846,0.0337266321538236,0.545641231845274,0.131298405044423,0.0599720339929974,0.54999143939127,0.0333541655284789,0.606779191069733,0.555550584734902
"chr8",6000001,6100000,6050000.5,0.0333980314019245,0.0923750253066803,0.0344296415664164,0.507340765343515,0.121738494780899,0.0670998377561811,0.504657508835674,0.026235990491519,0.58248499761537,0.543281392819145
"chr8",6075001,6175000,6125000.5,0.0434159854619201,0.115107537103547,0.021698632456295,0.520010804476892,0.105165274753543,0.0396155061373865,0.525164379523163,0.0432291343189156,0.592656809824945,0.537281589901183
"chr8",6150001,6250000,6200000.5,0.0513275156591161,0.194089662185339,0.0349273425638583,0.47367937763793,0.188615594186571,0.0468804604026695,0.517931312263323,0.0922884147775786,0.616283391129449,0.489105303257585
"chr8",6225001,6325000,6275000.5,0.0570865571376127,0.111331330389938,0.0163558739600692,0.44803074737865,0.234562931035141,0.0936259478579199,0.478473794243634,0.0697713982572619,0.566825501907249,0.466927063547779
"chr8",6300001,6400000,6350000.5,0.0687561448564994,0.174910804438101,0.0342518359894413,0.523694305439873,0.29305874195784,0.109055085110373,0.533992845521969,0.0637461597846734,0.676366387594711,0.560377770681458
"chr8",6375001,6475000,6425000.5,0.0468348832846147,0.19390165078416,0.061779895665936,0.513903948256683,0.212056656227617,0.0818160779607516,0.535266191679046,0.0488292349668645,0.63935485483667,0.553042186003994
"chr8",6450001,6550000,6500000.5,0.0406078309412085,0.122695085305308,0.0376328403927468,0.526290394839838,0.174107691310663,0.0807836261040807,0.534645522465306,0.0296337977743137,0.614980803567184,0.56215973675793
"chr8",6525001,6625000,6575000.5,0.0607329269013725,0.156257210477992,0.0632933192080305,0.476327038864683,0.208114664813101,0.0953109025038499,0.517187352756432,0.0352489903300474,0.60819028155461,0.530051642826214
"chr8",6600001,6700000,6650000.5,0.060302720951423,0.140392634366763,0.0573273783159774,0.46707142166341,0.246013150567742,0.14133865883323,0.503876254431421,0.0266659480780001,0.584987286362657,0.526401120908527
"chr8",6675001,6775000,6725000.5,0.0833006243008063,0.106180996145956,0.0628128098513005,0.505564802542988,0.271396383198818,0.194925826471887,0.518472747631158,0.0119572598975984,0.618503418464591,0.574709340814175
"chr8",6750001,6850000,6800000.5,0.0812140396339866,0.0760804666126627,0.0459494912560553,0.542134621041603,0.193470873708243,0.136698730291635,0.558776001899759,0.0104231720501976,0.620040446337528,0.600084350307314
"chr8",6825001,6925000,6875000.5,0.0707186170411211,0.0842292403256703,0.0284523555537096,0.516935190496234,0.216117027146126,0.129346646025923,0.562999039873152,0.0278913479764076,0.616470444067038,0.562993833370301
"chr8",6900001,7e+06,6950000.5,0.0655524841549187,0.119378792424948,0.0298526978786229,0.558802934918906,0.262845462111477,0.117958616613281,0.581747027088658,0.0487228694860896,0.682827387284698,0.587574836323485
"chr8",6975001,7075000,7025000.5,0.0546914416880981,0.103288521391877,0.0243033309674195,0.524652674251842,0.217643268957144,0.109760439891912,0.566933811375665,0.0401727920189745,0.655290504048956,0.582646132359305
"chr8",7050001,7150000,7100000.5,0.0712834018274032,0.102528954585562,0.0191165366430834,0.473296394557974,0.255064148300072,0.122709117517485,0.534348902380794,0.0383198163815963,0.627164713587574,0.53688980909643
"chr8",7125001,7225000,7175000.5,0.0958656916587648,0.0917651312050745,0.0207476559289974,0.475551186515741,0.281216078364464,0.146210432429983,0.503500336581741,0.0335444688492322,0.636335250406208,0.548861682418782
"chr8",7200001,7300000,7250000.5,0.058746612207154,0.107944365105581,0.0446234665287111,0.513734633574891,0.205283182582402,0.117920556297831,0.550441494983212,0.0238150420999219,0.652540026514142,0.602990112961297
"chr8",7275001,7375000,7325000.5,0.0257520634863276,0.0755022209429796,0.028738812201143,0.496109695847864,0.125670534931638,0.0691484426258004,0.561031274791217,0.0158396955972562,0.588594891467753,0.558865977532959
"chr8",7350001,7450000,7400000.5,0.0359176934211014,0.122586161379775,0.0251724642986762,0.505932969055774,0.227147793543959,0.107705774924888,0.556379456454523,0.0355448828280733,0.653466810924678,0.58209558174226
"chr8",7425001,7525000,7475000.5,0.0368209533006883,0.106819993649981,0.0123417639821471,0.515448751547091,0.1549997529099,0.0483595601004192,0.515589079944938,0.0544568571545447,0.611794619043573,0.52674450262472
"chr8",7500001,7600000,7550000.5,0.0962509721244621,0.0429228006576597,0.0041276226467741,0.483017706230624,0.180205282497103,0.121923494237277,0.459478582176658,0.0173573360120798,0.544565588707755,0.508518292820638
"chr8",7575001,7675000,7625000.5,0.072587372614204,0.0956692553582667,0.0143991562155107,0.497712594672167,0.199662322682817,0.0982532200362793,0.520132668729366,0.0449186760747737,0.540512805894935,0.501513244362607
"chr8",7650001,7750000,7700000.5,0.095974584317464,0.0675820786893817,0.00757217435962761,0.509250364450722,0.235424222543757,0.118497386063735,0.491424906469018,0.0411718329678362,0.585502280641268,0.514287967805317
"chr8",7725001,7825000,7775000.5,0.117190793596252,0.0446731550208255,0.00599485878460618,0.520614118857444,0.216284363896554,0.145395129091304,0.491039493031372,0.0233246944099819,0.594887457927604,0.547299316070225
"chr8",7800001,7900000,7850000.5,0.150969873039409,0.0201239484713821,0.0102695048298804,0.528536572175104,0.194359276145883,0.154303232169183,0.487454695179382,0.0312116536101677,0.541878158107202,0.525190148940559
"chr8",7875001,7975000,7925000.5,0.0850646283052611,0.0680147040143354,0.0105835986923096,0.499898743087325,0.188929411403641,0.0911965718928513,0.514362437296575,0.0676664011328862,0.576881871087743,0.511302742203796
"chr8",7950001,8050000,8000000.5,0.068451535534262,0.0838502156358649,0.0152861904338991,0.491863393013609,0.208699527756226,0.0751290121257794,0.482455486688236,0.0863897685991,0.598743328926737,0.511884583438406
"chr8",8025001,8125000,8075000.5,0.0780166271909273,0.0472181139774389,0.0153685527742284,0.548097858020673,0.140410304704493,0.0800481419391051,0.560822539348876,0.0169028776446788,0.604709546747125,0.573952856497818
"chr8",8100001,8200000,8150000.5,0.064020907715511,0.0587210679799683,0.0215013679693694,0.480662680002266,0.153513634629174,0.0656403626425792,0.476340966183111,0.0313919711537485,0.548968415996196,0.490915004682521
"chr8",8175001,8275000,8225000.5,0.0552367676008986,0.072001724007924,0.0223271466126195,0.515028448889103,0.146618963988792,0.0675457106568705,0.50666065637688,0.0314798387670168,0.59149999217426,0.541133282059179
"chr8",8250001,8350000,8300000.5,0.0524254338760971,0.0516574474009426,0.0181823909227478,0.534308012408875,0.135944682508566,0.0811006631378015,0.519359305640831,0.0238819343741071,0.600766016423199,0.562569320519722
"chr8",8325001,8425000,8375000.5,0.0485984964809216,0.0329631919381164,0.02022200791924,0.493325193131422,0.0940865613699576,0.0812293942925537,0.478700760930665,0.012735223906315,0.51892267345288,0.518101994334366
"chr8",8400001,8500000,8450000.5,0.0769759946994686,0.0260826072167421,0.0150967577680425,0.502866520691707,0.11442752395024,0.0931185438267984,0.459559138989625,0.0170863374642067,0.51725531588496,0.511413768458745
"chr8",8475001,8575000,8525000.5,0.0522295124696392,0.0635647520344179,0.0154679688626653,0.51276587946268,0.157458661349714,0.0857479046788364,0.48538396572571,0.0227646926313183,0.591334764947779,0.538375450733316
"chr8",8550001,8650000,8600000.5,0.0450813424037412,0.0817819338448595,0.0241095898692529,0.443922513730193,0.152391347294896,0.089171956941556,0.449510433060464,0.0265449691694969,0.534066848923132,0.468502024861753
"chr8",8625001,8725000,8675000.5,0.041463415430937,0.0723595165411594,0.0215924557548061,0.420177517445153,0.123577042093558,0.0811964636730564,0.449661873012612,0.0280079249204593,0.503824853782722,0.461252057681759
"chr8",8700001,8800000,8750000.5,0.0553020269876787,0.0926395107652277,0.039562239535901,0.550938417521444,0.121704276241767,0.0757626976731103,0.584864785511763,0.0229909999897102,0.605943185819258,0.57668053869645
"chr8",8775001,8875000,8825000.5,0.0580202871010457,0.0471137329990462,0.0233077708750794,0.551013123639473,0.121390408396215,0.093012254357951,0.57551099079999,0.0117700575322036,0.593506029238871,0.58458440792872
"chr8",8850001,8950000,8900000.5,0.0636685299952296,0.0559051859465363,0.0219182652549474,0.557767960859664,0.131938916631689,0.0803810217636354,0.540041728363243,0.0178758358556029,0.591126417212886,0.574191209146578
"chr8",8925001,9025000,8975000.5,0.0540355497658498,0.0863486386070021,0.0356102295994441,0.534691927938333,0.160719302996489,0.0973692464683976,0.547359835881952,0.0177470984507069,0.602671602876038,0.579435246862477
"chr8",9000001,9100000,9050000.5,0.0726391279414027,0.0920880391090904,0.0395198689413555,0.562521701611268,0.132370999503599,0.0794106839138785,0.576150300216922,0.0205518096217614,0.61691814337951,0.578449324024231
"chr8",9075001,9175000,9125000.5,0.0861886438255709,0.0907381530157922,0.0520292535962681,0.512217314012801,0.156295714736393,0.115077513984243,0.49695922143792,0.0121810688767315,0.57950760341731,0.547063061887932
"chr8",9150001,9250000,9200000.5,0.0497084481386956,0.0919214577590016,0.026265293820277,0.481446190747315,0.119938677237438,0.0610596469867414,0.483251820474286,0.0595019047801651,0.547434060662393,0.487197892138824
"chr8",9225001,9325000,9275000.5,0.0330651111049267,0.0936665820116484,0.0236212866356106,0.458248104881754,0.122932863255119,0.0573286807955176,0.45992881172466,0.0491373916040465,0.548477769403565,0.497874321836116
"chr8",9300001,9400000,9350000.5,0.0549185703054677,0.0826695554443067,0.0182942957351184,0.502269311835662,0.154737880221115,0.085234301115901,0.476191170111065,0.0295602365149155,0.56647810838361,0.522289230192439
"chr8",9375001,9475000,9425000.5,0.0119403311156819,0.133959598891737,0.039873133520637,0.396487912110245,0.175048377927668,0.0683616106182256,0.402554792395779,0.0632053872014905,0.56797308511096,0.46669083570906
"chr8",9450001,9550000,9500000.5,0.058505709793259,0.162090962296038,0.0237998276867762,0.537727518245071,0.135064586807974,0.0354320700040217,0.570059354374849,0.0698273887091622,0.601302592063255,0.541395265485319
"chr8",9525001,9625000,9575000.5,0.0693060721975084,0.16475570096708,0.037032789234601,0.476576605391535,0.114444771087861,0.0428806120936952,0.483769544990863,0.0567812205286268,0.565917424124689,0.48497034104512
"chr8",9600001,9700000,9650000.5,0.039069932243353,0.056559287459508,0.0137734949938572,0.436291567599042,0.117650782467326,0.0798954977871994,0.451373708515622,0.0129311986191251,0.514869564474,0.484191010308721
"chr8",9675001,9775000,9725000.5,0.050304726074362,0.0581726676039376,0.0160712405739496,0.511165033298328,0.116268431056329,0.0764395223538336,0.521989741037914,0.0128095091446137,0.560847613494758,0.541310973003697
"chr8",9750001,9850000,9800000.5,0.0719068901891819,0.123646583376682,0.0199093253145534,0.538190748358523,0.216109773711491,0.105822567246413,0.545529247371693,0.0520750064720549,0.623782794826973,0.561290235894811
"chr8",9825001,9925000,9875000.5,0.0964580972154062,0.137463035607659,0.0497217636296164,0.482369635806371,0.263418484211398,0.172308078630168,0.543496121251811,0.0323102274866006,0.557513493316003,0.519302536264367
"chr8",9900001,1e+07,9950000.5,0.0582712199448587,0.0813169391270877,0.0202635911984651,0.449933078043555,0.179909297404483,0.0970747041520403,0.475953073469131,0.0201841089569413,0.542101491177007,0.482833355929744
"chr8",9975001,10075000,10025000.5,0.0596764407268138,0.0519291436784944,0.00605402091333282,0.489758484039219,0.155004015229089,0.0410734878317202,0.440949019475652,0.0389495527306751,0.564585588576296,0.456979635378011
"chr8",10050001,10150000,10100000.5,0.0605215430855557,0.0563852318178278,0.00986575390966937,0.60175603983531,0.138364994112773,0.0510260259574999,0.55130369518748,0.0286450977532955,0.642320732556053,0.580491915404401
"chr8",10125001,10225000,10175000.5,0.0367499125559443,0.0916493742734886,0.016724707399092,0.520722187206007,0.13992172957852,0.0592381482696774,0.531391970213555,0.0305671850541636,0.609367001896124,0.532805914466681
"chr8",10200001,10300000,10250000.5,0.047332712541779,0.147883299394528,0.0145969909456221,0.446442144213632,0.256993309570383,0.0804962454664059,0.470471502446219,0.0978817983733077,0.57663049958634,0.462227005153861
"chr8",10275001,10375000,10325000.5,0.0586181234520635,0.201665749079853,0.0161052565751888,0.468183751852789,0.308630619840196,0.0534008445415089,0.509521984527185,0.141423102960617,0.61360477368943,0.469841055390146
"chr8",10350001,10450000,10400000.5,0.0579317906459404,0.189415593945175,0.0195640650169625,0.467048240066749,0.285870546445785,0.0510909502909704,0.521449592080253,0.129586305747719,0.603471166675295,0.465520001949139
"chr8",10425001,10525000,10475000.5,0.0408481059715128,0.145736576751517,0.0141546626645664,0.419456317464663,0.236889667078234,0.0347769594074884,0.462944473590368,0.125353072628744,0.549859402211171,0.416135894865932
"chr8",10500001,10600000,10550000.5,0.048554953351348,0.215902570059501,0.0120478877361536,0.476830970222185,0.270070605991466,0.0469066543425377,0.538028513129565,0.158675808297463,0.653024161126436,0.46901128890823
"chr8",10575001,10675000,10625000.5,0.0594359874491627,0.129600265749018,0.0178966938451833,0.452754382422553,0.19543981248578,0.0630753958911642,0.485772172547456,0.0865770072897511,0.581150614006557,0.473241882005896
"chr8",10650001,10750000,10700000.5,0.0505586694798311,0.120196660774812,0.0201351414352012,0.398950904120533,0.202805668557474,0.0763369680246863,0.414874568002499,0.0504375737727274,0.524806229145194,0.428873405540326
"chr8",10725001,10825000,10775000.5,0.060224898778141,0.108567871783068,0.0166517486243745,0.432331692420139,0.21523894259105,0.0944102874912262,0.414989406969454,0.047954338797138,0.54234869626543,0.461595058047778
"chr8",10800001,10900000,10850000.5,0.0897209767898183,0.0539603218509932,0.0116009061915723,0.468885556958412,0.164772263193687,0.104479240540565,0.464957071462008,0.0263592202963953,0.522304316057324,0.475204625062064
"chr8",10875001,10975000,10925000.5,0.0923051829935817,0.06384146504769,0.0051761797579809,0.488821553821147,0.18626621654052,0.107335421134942,0.505139029797342,0.030544235378053,0.539057559644181,0.495466011044667
"chr8",10950001,11050000,11000000.5,0.133861851433057,0.129490103080403,0.122974289340385,0.24817198229639,0.174216367021933,0.149310620510632,0.290120639432543,0.132989476874195,0.292198635800871,0.243092983915234
"chr8",11025001,11125000,11075000.5,0.0875464488141164,0.100635119605252,0.00613329469495416,0.512515312972278,0.289102027332777,0.0914957977365686,0.540553230428443,0.0834305117318519,0.625773994294944,0.511929167874881
"chr8",11100001,11200000,11150000.5,0.0564398706710767,0.159678262017312,0.0281743893211937,0.473188155521928,0.248027458091996,0.0726986812862383,0.494296175806304,0.107912262622269,0.600093915364802,0.469517481007421
"chr8",11175001,11275000,11225000.5,0.0570814495093607,0.23727561906032,0.0459941210560821,0.410413593905457,0.314210852530936,0.106861585387734,0.442922939803961,0.0909905909494762,0.588705330440102,0.437111971683586
"chr8",11250001,11350000,11300000.5,0.0696067591980998,0.156201887758367,0.0264547988701056,0.515638823193077,0.276098876840273,0.106253643428924,0.518901182150245,0.0676927391941773,0.633560276931857,0.530376979347666
"chr8",11325001,11425000,11375000.5,0.0586278499252024,0.127463307684003,0.0156486509909262,0.52965297717446,0.209735306060527,0.0630908880399253,0.537700517640302,0.0657710020491367,0.613375283758959,0.517233418016371
"chr8",11400001,11500000,11450000.5,0.0627289202635928,0.0767388876556604,0.016902619221416,0.545968154530474,0.156842604507141,0.0727199160004341,0.554431412626739,0.0303862492537831,0.614386394379855,0.563116888411343
"chr8",11475001,11575000,11525000.5,0.0655134099495098,0.0850627728262908,0.0131915628795773,0.494745129376637,0.200769387008994,0.0724995030507648,0.519191115386078,0.0435797211024082,0.593900335413529,0.517065039572125
"chr8",11550001,11650000,11600000.5,0.064878961511058,0.138601364876929,0.0157695541002375,0.492261398338289,0.24502372172102,0.0772150253873553,0.502741320136449,0.0752274788428213,0.613551279083586,0.513865387159319
"chr8",11625001,11725000,11675000.5,0.0516894840058848,0.141295086931924,0.0132016787330589,0.525666296855079,0.238178329425332,0.0693577042042057,0.556682236380409,0.0823519907771517,0.629717698268598,0.535026955241561
"chr8",11700001,11800000,11750000.5,0.0648352540773426,0.16148403506347,0.0202919962387553,0.536253508180246,0.286267684789272,0.0942735378136455,0.560271045779335,0.0894700939766085,0.625665682414879,0.532741880685012
"chr8",11775001,11875000,11825000.5,0.124640773430894,0.191990271690777,0.0149787383642923,0.510762935913256,0.411937797760831,0.0981339610199796,0.566300931175587,0.163318958661817,0.655190889877582,0.487339659011704
"chr8",11850001,11950000,11900000.5,0.146034358598114,0.224095011823363,0.0255341801777954,0.513217312726665,0.484988814519747,0.138823591428746,0.595539597315509,0.209218013197313,0.691663585572942,0.511431191187899
"chr8",11925001,12025000,11975000.5,0.123117470040826,0.216974692866635,0.0117949304954096,0.529044034132264,0.4501528789875,0.127090557095621,0.607541601447315,0.17113764627492,0.710608160616288,0.529574995168776
"chr8",12000001,12100000,12050000.5,0.148518350634407,0.213253527784216,0.016592010338239,0.545475723658287,0.509307979123015,0.181993947333692,0.650762372035992,0.163914787100518,0.712216154527944,0.543980768901751
"chr8",12075001,12175000,12125000.5,0.311061589670646,0.186135034435976,0.0198342323022843,0.600242035292887,0.630069547857667,0.292185910755838,0.715021847146089,0.181097961977278,0.781080415188551,0.579972301042592
"chr8",12150001,12250000,12200000.5,0.229174462784607,0.235552379534008,0.0166132507223211,0.548738706743363,0.573012107080356,0.265803043978016,0.68294942932899,0.153768600422936,0.727962990315212,0.553460060270372
"chr8",12225001,12325000,12275000.5,0.144237299687183,0.314586221878097,0.0460686596262383,0.506213797944899,0.545136338488658,0.223798895434033,0.645611502515243,0.159421118463333,0.685467339596077,0.504589212202015
"chr8",12300001,12400000,12350000.5,0.0508358571205277,0.385527820390366,0.101981526542881,0.543845113010373,0.459433714909962,0.161131861661967,0.606200475151461,0.140929369508111,0.688072841218915,0.525135927619185
"chr8",12375001,12475000,12425000.5,0.0660071849537266,0.401282539838901,0.117238022447503,0.636353149498136,0.496950148021887,0.211218278990796,0.728712844191053,0.133757112250338,0.690099609080343,0.578812654151698
"chr8",12450001,12550000,12500000.5,0.0531026389999115,0.428748358025126,0.134227461556723,0.642023635293164,0.462595663383958,0.182389961509852,0.687724333865601,0.140846460194366,0.654601206600084,0.5496819569963
"chr8",12525001,12625000,12575000.5,0.089832465331151,0.306967380257122,0.0376781080563001,0.519161838536587,0.456761792556676,0.139625885806899,0.559515946206565,0.197860934322748,0.669293462491525,0.51696301945113
"chr8",12600001,12700000,12650000.5,0.214338237406586,0.469284594374739,0.0608214636527814,0.573550424280183,0.427384292687526,0.138175986503921,0.515742628600904,0.283431755649576,0.63304119600769,0.471463876999877
"chr8",12675001,12775000,12725000.5,0.0912269044305339,0.349586649908901,0.0493681792656834,0.493723324424696,0.408226357174594,0.155880685111624,0.563072667859125,0.18595685497525,0.550138525121209,0.445685973356945
"chr8",12750001,12850000,12800000.5,0.0975590472322707,0.405837633476484,0.0729863270439203,0.521520406820585,0.416439580069526,0.126440562949446,0.56175622619446,0.194367137148513,0.602022499811562,0.450471090221002
"chr8",12825001,12925000,12875000.5,0.07429237753832,0.350174246820407,0.0872623810433662,0.582218118211034,0.392591299854125,0.11750114375041,0.61346475135937,0.145981677050034,0.720163468460704,0.550059445082204
"chr8",12900001,1.3e+07,12950000.5,0.130912320069118,0.261132762683219,0.0369078808998852,0.531982527892502,0.507514350427381,0.16896207376991,0.65215122829706,0.16836376789417,0.691097165208813,0.50982947398982
"chr8",12975001,13075000,13025000.5,0.17491327748568,0.202450270482617,0.00974619872161371,0.494808280510205,0.521173126743831,0.19295830482526,0.592920311097534,0.172041639833356,0.704963835792261,0.505672505048751
"chr8",13050001,13150000,13100000.5,0.279330441765605,0.141313174448785,0.016450255250255,0.563440063560304,0.538987104030972,0.318612325295163,0.684774482808469,0.0898103079596271,0.673762936790242,0.556921677878042
"chr8",13125001,13225000,13175000.5,0.265604708802139,0.172389832707772,0.00549820846687641,0.558790064510627,0.607679256067227,0.265879450378738,0.617885432882358,0.174956479400644,0.770892106923841,0.559901444062177
"chr8",13200001,13300000,13250000.5,0.152123216006458,0.241113774958541,0.00157736206162328,0.560683844837275,0.525277220306203,0.155699777897938,0.635526704219235,0.248036272770643,0.762611749393969,0.555545593608586
"chr8",13275001,13375000,13325000.5,0.160402512068857,0.252125780650124,0.000742567142545988,0.558787236271979,0.553595933994045,0.196156137654292,0.696191944699618,0.211785251084919,0.758313160594164,0.558264508010058
"chr8",13350001,13450000,13400000.5,0.113767793700312,0.324142120542046,0.0149026101571925,0.579503838328598,0.520053288281927,0.131145726658432,0.669793680340708,0.226516988546471,0.741013740220788,0.560176224410188
"chr8",13425001,13525000,13475000.5,0.12706445844139,0.281484995607256,0.0140316105762002,0.529108105785704,0.493236722960404,0.138762459982742,0.651454689601745,0.213673271195611,0.676959316793636,0.52093011299197
"chr8",13500001,13600000,13550000.5,0.104535831290031,0.198000271380459,0.00288503597568246,0.441840372087197,0.408194074597426,0.116041924539074,0.536346554610868,0.157847824534489,0.625051620658011,0.44926784510616
"chr8",13575001,13675000,13625000.5,0.100347543530394,0.077806178353044,0.0112448672341236,0.50740309327394,0.225798385978796,0.0932731535981595,0.545379296094166,0.0513619087440763,0.582529542608105,0.507707312500793
"chr8",13650001,13750000,13700000.5,0.088843139209341,0.117682509187184,0.00577568744050176,0.485574526368853,0.300045630037171,0.131365978436957,0.53583484065654,0.067550564835562,0.62716691547152,0.516867092041273
"chr8",13725001,13825000,13775000.5,0.0589040000778562,0.0824027915902447,0.00547625308761523,0.458673048242601,0.193648968130644,0.0954099562154689,0.456572266227798,0.0592967915986664,0.557188544702227,0.473627491081152
"chr8",13800001,13900000,13850000.5,0.0860531189328392,0.213042341603789,0.0290078590449549,0.493322738602349,0.339899926701647,0.120238044394526,0.505424573521998,0.124556254739731,0.634909759057731,0.49544105519677
"chr8",13875001,13975000,13925000.5,0.0525667387999533,0.221517026741769,0.0355544622041058,0.457847589948108,0.291800874177818,0.0731321131163128,0.44384228987969,0.111062271296198,0.65625141221086,0.478136287059676
"chr8",13950001,14050000,14000000.5,0.0328046696114923,0.157248307473566,0.0309103171690672,0.479761033976869,0.186364342634878,0.0464770717441193,0.474327873309656,0.0765016891226179,0.575059121216206,0.472151806353868
"chr8",14025001,14125000,14075000.5,0.0561938159743268,0.114457670509719,0.0360356541447664,0.55552147644615,0.191360464485728,0.0872097322956445,0.591990731855047,0.0473339511057147,0.65411023093108,0.591036430121308
"chr8",14100001,14200000,14150000.5,0.0731188481339029,0.108334448717263,0.0240966287505592,0.550085032028453,0.212267193961571,0.0961635258047,0.556330210201388,0.0476843407502153,0.665571872122611,0.577840668780209
"chr8",14175001,14275000,14225000.5,0.0646065156328546,0.0831761590669187,0.0150308354716339,0.525393355660754,0.205049606591332,0.0871057506193741,0.543988926462556,0.0509824512734318,0.618677016420504,0.53242068784319
"chr8",14250001,14350000,14300000.5,0.0730551124671409,0.0734477346180873,0.0176143522696481,0.559147478691983,0.187434735411357,0.0943834565244238,0.570350198805409,0.0384694067543053,0.642440028562997,0.583718033301635
"chr8",14325001,14425000,14375000.5,0.0643937404764767,0.102318441179734,0.0237815357368736,0.519428792751405,0.202674460070206,0.0977189869622808,0.525711029929853,0.0393321781748427,0.642680803423657,0.562149374959376
"chr8",14400001,14500000,14450000.5,0.0672529750349788,0.0595312813578342,0.00665157108557815,0.533157823061413,0.188676664940923,0.0848220779455175,0.541212564971649,0.038737289730027,0.609218675524714,0.543776936762257
"chr8",14475001,14575000,14525000.5,0.0635157744099005,0.114009111450788,0.0241251066558147,0.433152061480335,0.212568281288474,0.0910894920748359,0.420766012023803,0.0501321213197166,0.540882775828269,0.455111753899836
"chr8",14550001,14650000,14600000.5,0.0793367556885531,0.249738538400179,0.0930461989253702,0.514116765815466,0.301889428233217,0.134450135062179,0.5505494395758,0.0537621653980863,0.65554798382929,0.5489228513855
"chr8",14625001,14725000,14675000.5,0.100499004269556,0.354495880005749,0.0896235842455263,0.527844660222393,0.459805271590624,0.17779117970006,0.591458924845649,0.124298942861884,0.694726749442389,0.53162208062336
"chr8",14700001,14800000,14750000.5,0.11676361466454,0.289058372058662,0.0667668791011405,0.562430669448968,0.438843272885819,0.16274982879484,0.6082821393594,0.129719882393418,0.71936725409145,0.56444818998933
"chr8",14775001,14875000,14825000.5,0.122713637762114,0.185634943752768,0.0392409893025378,0.532057984650313,0.413434386006146,0.200421984148494,0.62692655223686,0.0769595677494848,0.699159070656089,0.576503189412694
"chr8",14850001,14950000,14900000.5,0.0790023623868218,0.217655785854597,0.0414457378318232,0.495545937704973,0.429656564439071,0.169312949147248,0.58302430143566,0.104445065272092,0.662418081335893,0.516424825491323
"chr8",14925001,15025000,14975000.5,0.147475861243742,0.119243198326333,0.0057241665323788,0.479072421789076,0.389213096360779,0.16106772532669,0.512118685341874,0.0915556127422893,0.611605142226617,0.477672426681497
"chr8",15000001,15100000,15050000.5,0.106201631336046,0.0592892996568846,0.0125532485607528,0.444509532911709,0.234689782927239,0.125130679752986,0.454777069024746,0.0353014469204603,0.513482248218823,0.452036351005827
"chr8",15075001,15175000,15125000.5,0.107292675793226,0.0908969723343044,0.0971053293271031,0.192526186766874,0.124447825997529,0.12565690882113,0.239185692261972,0.0918940661350862,0.184617719937115,0.179004106311441
"chr8",15150001,15250000,15200000.5,0.0659483673054892,0.0756133731607045,0.0132389155056901,0.457898561232836,0.127764614179151,0.0762696736291007,0.460710716287513,0.0362259908566199,0.528501424970884,0.466989480271516
"chr8",15225001,15325000,15275000.5,0.0797603630489894,0.0407363000316124,0.00856104659975887,0.490786110888073,0.132610827632796,0.0957303358437658,0.463653473178588,0.024633255822887,0.526391718795428,0.483148530065171
"chr8",15300001,15400000,15350000.5,0.12354841393791,0.0397594013175409,0.0111401272947946,0.563109269744203,0.171255933957758,0.117299076786938,0.57973505548412,0.0179009086397888,0.570227713271352,0.542791721300307
"chr8",15375001,15475000,15425000.5,0.133797619000478,0.054562324301499,0.0185412703440667,0.502970372497131,0.229370036174451,0.176660003089307,0.508410593318479,0.023102999540613,0.557053113461025,0.52789368526886
"chr8",15450001,15550000,15500000.5,0.117635914274723,0.109582715977919,0.0267565343938943,0.520975677054704,0.307488886581674,0.179413002885069,0.557736823846289,0.0434570208785837,0.621436927493046,0.548461937026963
"chr8",15525001,15625000,15575000.5,0.136791031434814,0.133892934155646,0.0228675365358582,0.542387849006291,0.342903805252135,0.157592777365925,0.561187130493112,0.0788071090632919,0.667923700140166,0.54980469659177
"chr8",15600001,15700000,15650000.5,0.212370375757454,0.115042355723685,0.00908942081151282,0.622875411339158,0.3351974231701,0.181710030305725,0.525024159732512,0.0719814567958924,0.706903767269661,0.599473652103129
"chr8",15675001,15775000,15725000.5,0.124235336422297,0.0806152523800889,0.0237932112071927,0.543144306298373,0.270630954418644,0.195978545823656,0.507900170029274,0.0283680408828856,0.619624725685485,0.573528829170996
"chr8",15750001,15850000,15800000.5,0.0872727515556118,0.0685631950103696,0.021872874391432,0.526904425197759,0.18485803508548,0.113339410503513,0.508451552802755,0.0309511694998947,0.578357336595025,0.534596605116661
"chr8",15825001,15925000,15875000.5,0.113330796639907,0.0542720483767524,0.0111599599632778,0.527255314556587,0.15772834543255,0.108287837159795,0.482836010050295,0.0220094757828551,0.559601466375621,0.522289281923928
"chr8",15900001,1.6e+07,15950000.5,0.107518584044121,0.0658521235103768,0.0209754284404974,0.542827479591251,0.166976216607602,0.123735564206609,0.484746101972799,0.0214407044774942,0.572693778410093,0.548397903552866
"chr8",15975001,16075000,16025000.5,0.117905929731169,0.111968750914127,0.122982268003581,0.207044897808606,0.135117480584644,0.14361933484156,0.239125549745414,0.104397152639349,0.221597748386883,0.225442127785113
"chr8",16050001,16150000,16100000.5,0.0771043655323765,0.0537993327086047,0.0140533328057158,0.592476269415242,0.159026242708046,0.100199933344687,0.557808542798169,0.0172552486282465,0.64563858728367,0.610008827416102
"chr8",16125001,16225000,16175000.5,0.0847448736627281,0.0589321460560371,0.016352528815376,0.524808847184181,0.159210003610861,0.102785787930948,0.489845440738758,0.014224461869764,0.58290320587544,0.549563354091105
"chr8",16200001,16300000,16250000.5,0.11304417839757,0.113775109430524,0.107644467382333,0.202152417601006,0.151014576199776,0.13563425777327,0.24572685256043,0.11607584405466,0.227316407901266,0.21728783140637
"chr8",16275001,16375000,16325000.5,0.0612482614755062,0.0630057976342816,0.0175136398200233,0.538163395062485,0.131893114104343,0.0937510994991213,0.543969462296578,0.0237093312367503,0.569976370586487,0.548353891307176
"chr8",16350001,16450000,16400000.5,0.0644268652846329,0.055036451797829,0.0154374766195803,0.565307333200976,0.123554639450706,0.0781885607538564,0.545810465789654,0.02175525610296,0.612800702553503,0.583168792015968
"chr8",16425001,16525000,16475000.5,0.0992339764062131,0.0467322537356787,0.0110153548917837,0.57382829342102,0.15838846395916,0.102126978330634,0.547413079105653,0.0327807742997955,0.6045548833967,0.584313964827302
"chr8",16500001,16600000,16550000.5,0.108255913911217,0.0550988886647404,0.0170538712067693,0.602042938978812,0.157102834900316,0.15369081286252,0.562625393706362,0.0214315832491703,0.602709991203324,0.634942596849387
"chr8",16575001,16675000,16625000.5,0.0921736572833942,0.0818586738759083,0.0295246309695675,0.599994541965694,0.178598369426561,0.136349597565036,0.560232065061584,0.0268363869079483,0.639358277149787,0.631165136375085
"chr8",16650001,16750000,16700000.5,0.102772958459489,0.0687162118599919,0.023964825691952,0.567192314610546,0.224108906889457,0.140392781083091,0.505525141462233,0.0300658598034347,0.639747700146703,0.591794613593942
"chr8",16725001,16825000,16775000.5,0.131852422450098,0.0462943233497204,0.0129140410414413,0.556375327007049,0.201354381984911,0.127075510315844,0.490661526378428,0.0252718473998429,0.591418300047025,0.546016958911157
"chr8",16800001,16900000,16850000.5,0.104909665042322,0.0362336052033328,0.00584339085692816,0.528855705925431,0.139026415264558,0.11368520527633,0.552253373965973,0.0220146212105218,0.533448714220404,0.514416252515376
"chr8",16875001,16975000,16925000.5,0.101234970435075,0.0435900603754087,0.0127579265240891,0.551386026474836,0.150339555325779,0.119747337745458,0.54733966690392,0.0205611118505257,0.57611166189482,0.553832331109468
"chr8",16950001,17050000,17000000.5,0.130756616814336,0.0585687170813895,0.0123931536452703,0.643324443329705,0.213461123303135,0.157070657859144,0.611926302109567,0.0257008079772559,0.679323907145026,0.653214383419116
"chr8",17025001,17125000,17075000.5,0.102336179949178,0.103749392874596,0.0278240018988442,0.476121185031588,0.213606527383274,0.102313970178871,0.510803178386347,0.0761360083845565,0.547250462092935,0.47594198266074
"chr8",17100001,17200000,17150000.5,0.147543647529707,0.134439666952217,0.0408337866006617,0.537133988686125,0.301487415534901,0.0639360031871697,0.541213812707503,0.153983557097532,0.620739224523334,0.497010296768047
"chr8",17175001,17275000,17225000.5,0.0522835281588444,0.283527767297157,0.043413280834363,0.510138811967259,0.339226186604902,0.0584253883687504,0.555023045366341,0.169176146287536,0.636111005863376,0.490691120104049
"chr8",17250001,17350000,17300000.5,0.0246492037695726,0.441343821262501,0.0683263825176128,0.480009501743116,0.426915308998334,0.0456960017191244,0.515504414916419,0.26256043129637,0.664522920681311,0.442759157678807
"chr8",17325001,17425000,17375000.5,0.0706364963692098,0.280720001336761,0.0492755988809016,0.492013017239362,0.283732699014702,0.0649000204241156,0.506020508266151,0.146953124089133,0.557981389072934,0.449997720267083
"chr8",17400001,17500000,17450000.5,0.0634052621994397,0.231060974784042,0.0296806350916436,0.47090606396306,0.281829731388465,0.0784182987969562,0.503263185613597,0.134119722287172,0.603744098520845,0.479645700556947
"chr8",17475001,17575000,17525000.5,0.0724177198980729,0.230944412421002,0.0130555592569901,0.506583995602543,0.349305077663695,0.0769336196406021,0.559814311846433,0.219169357795476,0.648794302596699,0.51646389432009
"chr8",17550001,17650000,17600000.5,0.126648914680491,0.169157863065078,-0.000370982432457936,0.465868610372539,0.416482943361165,0.126908672809146,0.527677796530618,0.200591850138254,0.643514128939884,0.471197217916878
"chr8",17625001,17725000,17675000.5,0.13874770751592,0.130168039388231,0.114985425291508,0.201510356240594,0.139230926910979,0.135246257933411,0.256854747343389,0.108260614218928,0.252162755691623,0.213642901525625
"chr8",17700001,17800000,17750000.5,0.0721840691378222,0.284920461622813,0.041843793799335,0.532799868140163,0.370108711071943,0.109665230006074,0.604149464739543,0.140951531543049,0.647429977378265,0.520851228563675
"chr8",17775001,17875000,17825000.5,0.0612805771062969,0.256128480247639,0.0373537037131273,0.486292851032962,0.314452896544755,0.0862261542623421,0.551882829049055,0.119035491617222,0.585200131607443,0.473051780099915
"chr8",17850001,17950000,17900000.5,0.0621236764040955,0.275652940236759,0.0254661868217161,0.506812819522374,0.264488214969058,0.0571003296196127,0.527321233383337,0.140311416089214,0.588735854574752,0.469964480461022
"chr8",17925001,18025000,17975000.5,0.122347640197297,0.142974710006735,0.115598995277382,0.207223303171024,0.17011425120226,0.138759264685324,0.242973447603872,0.121118363934063,0.237931702425159,0.221469524125327
"chr8",18000001,18100000,18050000.5,0.0687068832068413,0.163833709635786,0.0153588949918992,0.467258078074967,0.226511623414074,0.0568701686248808,0.487182721926574,0.130253820740385,0.573285936642254,0.464943868222204
"chr8",18075001,18175000,18125000.5,0.0522731712415153,0.249209096940067,0.0197565189133073,0.487559969031533,0.256296207953029,0.0424612394484852,0.542724794617315,0.169568342629741,0.621491385954025,0.475195206780996
"chr8",18150001,18250000,18200000.5,0.0523223227489603,0.251420529889288,0.0276398059845752,0.533632105431499,0.191874713428806,0.0333271019641098,0.557109664118414,0.145415917316616,0.6522821622029,0.53080585726128
"chr8",18225001,18325000,18275000.5,0.0975176543393503,0.169911748586966,0.00310966678395663,0.50342355518348,0.206110867689548,0.0996357072640152,0.515048524878924,0.154309933837487,0.575474447318819,0.503099530520649
"chr8",18300001,18400000,18350000.5,0.113799607113335,0.204237263646681,0.0133264801287541,0.539288255963883,0.205981469290768,0.109407930515426,0.526373088724988,0.159718401071638,0.588534431313289,0.532097020675583
"chr8",18375001,18475000,18425000.5,0.0688212160277589,0.259251165722431,0.0245475385707828,0.500241079530153,0.252637737834957,0.0322544987181726,0.481595930556047,0.16737002885863,0.626368476505259,0.474789526031008
"chr8",18450001,18550000,18500000.5,0.0618566932023219,0.153343821757811,0.0326987992050337,0.507655464661212,0.207316500482144,0.0670547635755091,0.53338600260128,0.0684752792217545,0.621076986204999,0.527213809262811
"chr8",18525001,18625000,18575000.5,0.0731671597090818,0.135999571989814,0.0317295353185983,0.481301481515187,0.155008340785072,0.0650733383251648,0.493737824877931,0.0641138448341953,0.521544473084415,0.468005826882654
"chr8",18600001,18700000,18650000.5,0.074565014121263,0.182975830008294,0.0261976390744796,0.442639559472347,0.17287173732933,0.0649973577023537,0.444458963842257,0.0943812468887819,0.501052455689913,0.423435607847205
"chr8",18675001,18775000,18725000.5,0.0444453634144169,0.165001248858931,0.0214611946307713,0.462996344075144,0.160459499762849,0.0492816148296404,0.488783834047608,0.0884968081343222,0.528777402858804,0.454380969782664
"chr8",18750001,18850000,18800000.5,0.0613820289863996,0.268562447880084,0.0268506208874133,0.474602598750916,0.183301009907654,0.0368846855105906,0.484477911979497,0.16323845473695,0.550918139509534,0.454811822410914
"chr8",18825001,18925000,18875000.5,0.0610787408230451,0.242840641709631,0.0194979921621085,0.506142792227679,0.198640712092231,0.0460348318031264,0.508526183555971,0.172462862926717,0.551838484468054,0.472790462920652
"chr8",18900001,1.9e+07,18950000.5,0.136382483987241,0.267906704740233,0.0141665031135913,0.582295643385746,0.185846861336186,0.0826181605801724,0.527227234293751,0.182662939631416,0.530385890801369,0.534661066859255
"chr8",18975001,19075000,19025000.5,0.11629946131155,0.28268881584329,0.043198843194175,0.660855534029814,0.18336195320702,0.0640618561249237,0.577462286073269,0.150413484556186,0.534338703482209,0.57693782795806
"chr8",19050001,19150000,19100000.5,0.169305558775253,0.324362578768444,0.0562046029005455,0.6844715551685,0.175278670955397,0.0741792867883016,0.564927189379637,0.166613458557028,0.49567795621301,0.556810961407138
"chr8",19125001,19225000,19175000.5,0.219689732720557,0.250032189561786,0.0234547865374324,0.666258197748489,0.159967737913533,0.156568528988742,0.534932002274187,0.162926052170319,0.506744578488764,0.599534994960826
"chr8",19200001,19300000,19250000.5,0.119730226558849,0.145116287082735,0.00112312333747467,0.590876771273689,0.0930993736030705,0.117376642890801,0.49856529921196,0.118882370416626,0.468412739249124,0.572987608883945
"chr8",19275001,19375000,19325000.5,0.0947890799597088,0.125165665295689,0.029598615837167,0.646962077691526,0.0962861540794116,0.0761295256376078,0.642244759884137,0.0780056178006971,0.566702709647297,0.606921744332728
"chr8",19350001,19450000,19400000.5,0.105989359260866,0.222166338270921,0.0772951901191713,0.564355473555063,0.212944011272942,0.0833926339117867,0.578416096198007,0.0913648759319148,0.492362004692701,0.472803229456547
"chr8",19425001,19525000,19475000.5,0.122566796985909,0.294315908051247,0.0840561574200641,0.576877180256737,0.301068016887906,0.0879611501960521,0.575965759804527,0.130236226972804,0.54423405256586,0.483371407752409
"chr8",19500001,19600000,19550000.5,0.074547808410159,0.270520172026652,0.0202430905213955,0.49233882921458,0.324722966920568,0.070522168215097,0.495594414654418,0.224081987239978,0.555719485764772,0.462562662489866
"chr8",19575001,19675000,19625000.5,0.117956048178745,0.345408962151362,-0.000361951697192165,0.578649943777388,0.340250292171908,0.110793993729533,0.543301024563604,0.346770249825108,0.536142290889734,0.576598221063301
"chr8",19650001,19750000,19700000.5,0.106663071822664,0.367328869217031,0.048187085495431,0.531999171141965,0.372680066252344,0.0660972234723797,0.550152740428704,0.262805156912476,0.538051251400413,0.474418032829144
"chr8",19725001,19825000,19775000.5,0.0915310692966964,0.418775483859195,0.0680306284233632,0.568482310471247,0.445077432896478,0.125489461690382,0.592417088299716,0.240661486042834,0.641584823658491,0.513517558298255
"chr8",19800001,19900000,19850000.5,0.089761106643219,0.433141957975954,0.0443340115716255,0.669685271786365,0.365864026168842,0.0840765868497995,0.645672004981897,0.327262564591069,0.666771196321804,0.597337804895531
"chr8",19875001,19975000,19925000.5,0.05865988853157,0.349488951393374,0.00523414031185855,0.568994670380969,0.346266243935588,0.0930496595247715,0.600894345969958,0.364462430770744,0.645487182404185,0.577178884029974
"chr8",19950001,20050000,20000000.5,0.0843695845309701,0.332923900757851,0.0170098475505665,0.546039849885146,0.364056631170691,0.0989165864636967,0.577899308374532,0.305796389075861,0.670420349041014,0.535826472959531
"chr8",20025001,20125000,20075000.5,0.0743140600497018,0.292746712303119,0.0668051787159491,0.536197368760786,0.380092042851561,0.124188435566192,0.609039778747626,0.180379165984652,0.647584605401381,0.523342128551058
"chr8",20100001,20200000,20150000.5,0.050141642651435,0.229920270659203,0.0541008946627681,0.533596341287852,0.292709858702193,0.094656928704744,0.577526076392112,0.106347953130293,0.632497186408815,0.549258206588247
"chr8",20175001,20275000,20225000.5,0.0730504910831723,0.250747907411427,0.0307603475830062,0.539345973807521,0.377748459021912,0.0870205762877224,0.61227789788142,0.198048678248558,0.643354519327488,0.545135096876435
"chr8",20250001,20350000,20300000.5,0.0624479174160733,0.243175403978288,0.0209449250177358,0.511663467645565,0.386124317663439,0.0581040543757767,0.588000487298693,0.218353653196488,0.641764276252087,0.50789787276269
"chr8",20325001,20425000,20375000.5,0.0394997786280294,0.260153781830524,0.0575325791183315,0.454301187034447,0.31858216111499,0.0769984015790221,0.507905294694536,0.131249790838742,0.612090618040586,0.480607463574941
"chr8",20400001,20500000,20450000.5,0.0504274017487722,0.162904527084259,0.0279128380965373,0.479698114415078,0.247621772238396,0.0737901951412215,0.498084026239191,0.0923075181784231,0.584479307447369,0.49205106845714
"chr8",20475001,20575000,20525000.5,0.0367740018804997,0.135648033603277,0.00993322540764092,0.460821314620831,0.170115339687747,0.0414053761684196,0.45737067344877,0.0824150593815074,0.544741065542463,0.45988512022085
"chr8",20550001,20650000,20600000.5,0.0262375085335833,0.152350017284365,0.0191669875504186,0.522393619480553,0.17767417849031,0.0349127213199613,0.514998449351922,0.105140727121232,0.632411605839508,0.519449970894047
"chr8",20625001,20725000,20675000.5,0.051027246442327,0.128692963221591,0.0287045868197717,0.512909756461243,0.177245845966264,0.0459240366714567,0.510419226576839,0.0752911975188234,0.616073273879264,0.507348923717288
"chr8",20700001,20800000,20750000.5,0.0617749930217357,0.0871621165441434,0.00952674619240639,0.538889954160178,0.19506976215831,0.0603600063295359,0.565762527207014,0.0588399936508958,0.613162838401998,0.544290258273693
"chr8",20850001,20950000,20900000.5,0.04078686617548,0.233898538412448,0.0432383448162093,0.492820842070455,0.251532325315049,0.0644891887865239,0.51237518800262,0.115906316746387,0.64128402578174,0.484562076108144
"chr8",20925001,21025000,20975000.5,0.0517156066349202,0.277047198386908,0.0450967003016312,0.492738088199404,0.332382955589561,0.0902299434990595,0.509475590053073,0.115506327804859,0.658430661548627,0.50200111235903
"chr8",21000001,21100000,21050000.5,0.0838013981242037,0.214547855061724,0.0117000624952046,0.51951768892418,0.354407025832345,0.0903199922854166,0.555585510902187,0.150055459997128,0.629105114110109,0.502367100782191
"chr8",21075001,21175000,21125000.5,0.088786039381825,0.178211334087754,0.0102093452962455,0.515899177083581,0.339959427391328,0.0824388668701669,0.571281625053969,0.147025006140897,0.620098833455814,0.503773395293023
"chr8",21150001,21250000,21200000.5,0.148592606844059,0.114852787216653,0.0157171323784669,0.547201231328141,0.343371684124355,0.176142890279021,0.60000709498463,0.0556536205871842,0.631603989532243,0.557330350074581
"chr8",21225001,21325000,21275000.5,0.260699527947423,0.090365569465225,0.019643213509255,0.568851257997941,0.409285303830716,0.283829797298008,0.603197021863428,0.0307435773424789,0.630425056905322,0.568577629841835
"chr8",21300001,21400000,21350000.5,0.147410302953217,0.101309613112051,0.00818085610220456,0.469834986563837,0.380386284423668,0.203232827569264,0.507292616882568,0.0515844780646124,0.61576071958692,0.504928847300728
"chr8",21375001,21475000,21425000.5,0.136380338173557,0.0761759274489327,0.0208371120562972,0.498133457909091,0.290717394867273,0.175456043599289,0.472259012890957,0.029288641055218,0.623116529094889,0.525782550504618
"chr8",21450001,21550000,21500000.5,0.12077946773244,0.14428539778436,0.0220289644127877,0.531974764492454,0.342736268436792,0.119751791595794,0.53119282737545,0.11739332552764,0.672629264938759,0.532769572307096
"chr8",21525001,21625000,21575000.5,0.084858490211685,0.140032917414231,0.01153281333223,0.500094600907891,0.307339045404985,0.100203790677594,0.536637574056206,0.10678899645637,0.648186598511948,0.505707100282394
"chr8",21600001,21700000,21650000.5,0.134242385699005,0.11345245041674,0.0136578260008551,0.462746331032666,0.352012340820124,0.162798047888784,0.532912784792965,0.0785100505699685,0.609660530770701,0.48746969676325
"chr8",21675001,21775000,21725000.5,0.201623632693126,0.0496990868776327,0.00189508295839879,0.468910789893194,0.367826965292415,0.192451703266886,0.60417851338451,0.0694537149928035,0.548088253328977,0.462174922664089
"chr8",21750001,21850000,21800000.5,0.128362431607377,0.089969915407486,0.0124072117296243,0.532969230364759,0.35785124838277,0.18731380047367,0.58833602990956,0.0638376975096279,0.647522181489088,0.559581558387423
"chr8",21825001,21925000,21875000.5,0.0958370087336325,0.0937307366368194,0.0100615524907431,0.534381621998266,0.291335072190559,0.139794658002705,0.558802486723074,0.0667769921555936,0.627631385414469,0.54666566863169
"chr8",21900001,2.2e+07,21950000.5,0.0706696865662201,0.101231957840893,0.0288426627953531,0.537516198577352,0.253872314008358,0.14296131041265,0.596161195188061,0.0394586975155657,0.612467342993186,0.55886387833859
"chr8",22050001,22150000,22100000.5,0.0810293771217095,0.261344256085849,0.0604492028942334,0.495546783550252,0.403728745183638,0.150618619212058,0.532163447226073,0.107966454763633,0.682849781225511,0.524429550897809
"chr8",22125001,22225000,22175000.5,0.141576809326131,0.170805838036272,0.0117723604091394,0.590107114491492,0.447234674152529,0.176433270149696,0.61785721256691,0.124477074657824,0.750486393133649,0.603223859729457
"chr8",22200001,22300000,22250000.5,0.121141869371803,0.163003717301492,0.0140865745124011,0.497111547744231,0.408674276888758,0.165335839784048,0.538832913439541,0.0914498998281898,0.661521744772523,0.516595761505943
"chr8",22275001,22375000,22325000.5,0.0898319985816251,0.230728864214428,0.0259623856168693,0.455080283117348,0.457798654565268,0.169219479150055,0.556055315000067,0.115507874460633,0.637411097126443,0.47215233737822
"chr8",22350001,22450000,22400000.5,0.138194505382656,0.240640313903132,0.0339075903211419,0.464034370621417,0.545947346082654,0.265825626374467,0.606404715119606,0.119999203692987,0.681738524202774,0.510558304368514
"chr8",22425001,22525000,22475000.5,0.128019170108619,0.191415873500275,0.0251917778241869,0.44494681836152,0.460219551495325,0.241931736745214,0.548520201959348,0.0790654465146003,0.633664818828099,0.491641201908868
"chr8",22500001,22600000,22550000.5,0.0854594855073767,0.210208157713523,0.0148026752460678,0.506283404208828,0.408212235789573,0.168383518731923,0.571573345906316,0.117229566841626,0.66121832281689,0.518976076770336
"chr8",22575001,22675000,22625000.5,0.0925650258941074,0.110759498784395,0.0740713028392629,0.151309695801699,0.113692775836423,0.101287648404945,0.199061109844624,0.109263082937354,0.226127673310354,0.156148842070553
"chr8",22650001,22750000,22700000.5,0.100763068401218,0.176354516536806,0.0540851669718974,0.450442450639545,0.40469812582039,0.232557961232193,0.541675899951929,0.0455509921814302,0.623067053042636,0.513779082571877
"chr8",22725001,22825000,22775000.5,0.117014676341532,0.139643518373662,0.0332555512141522,0.469777413922428,0.39230250223174,0.233495536040659,0.511799638441129,0.0409569048290243,0.641080432723417,0.535522507347254
"chr8",22800001,22900000,22850000.5,0.116021403133001,0.104266504997416,0.0165861748161192,0.534845105232384,0.30449239492643,0.144672947261442,0.491974385188912,0.0484829144649262,0.667182692275251,0.557193842408687
"chr8",22875001,22975000,22925000.5,0.0810682180408525,0.08221346536441,0.0151527159444644,0.507819631139817,0.227914452206584,0.108081924501635,0.474786424387306,0.0456327913419443,0.610904427417867,0.522211884751328
"chr8",22950001,23050000,23000000.5,0.106202457099173,0.0826080305166876,0.0937077866468,0.173913265168725,0.11590666447346,0.110229665171946,0.211984497172102,0.0976095991647748,0.187749802054386,0.18372393168701
"chr8",23025001,23125000,23075000.5,0.0643218057295046,0.120532783014407,0.0415089406853485,0.466016620974262,0.231968442470002,0.113121286282569,0.480467816361578,0.0464557523945881,0.582542324172827,0.506115267712865
"chr8",23100001,23200000,23150000.5,0.0625366366279027,0.130187055850957,0.016728564264534,0.511606875167895,0.28058946381213,0.0853238605696561,0.545443012378567,0.0932030603499856,0.618753762528411,0.524790948844931
"chr8",23175001,23275000,23225000.5,0.0920334564764356,0.0864163325808258,0.0915189658911712,0.168068974370637,0.117969544346548,0.115823313790556,0.191124626224978,0.0951941068094036,0.19774834723322,0.18076388047295
"chr8",23250001,23350000,23300000.5,0.0809281527528013,0.150124378593187,0.0300023502575733,0.441658295065211,0.315986575024811,0.135681125384945,0.472910864777717,0.0505906681608834,0.590321894324296,0.467766092854655
"chr8",23325001,23425000,23375000.5,0.0702605860475308,0.0702277821155058,0.0785348993490551,0.131676242380443,0.0803255506372272,0.0855017303231308,0.145308012730892,0.0722533974570912,0.13621242461227,0.131814890239788
"chr8",23400001,23500000,23450000.5,0.0272163471224426,0.249066966219779,0.0114329489875021,0.418844852595969,0.283500221688242,0.042616762700401,0.444149553933632,0.171342204214173,0.623892001828775,0.423419144053362
"chr8",23475001,23575000,23525000.5,0.0445871997734238,0.244036558185435,0.0178182300203189,0.441936946251336,0.313614558981054,0.0728770381033615,0.476417607476437,0.142292443431721,0.611088606168853,0.451662325759219
"chr8",23550001,23650000,23600000.5,0.0710712520015876,0.240374559728579,0.0197628287336132,0.488964043406899,0.326781356182254,0.0680988779968665,0.495712315154287,0.159121815841183,0.612483784325565,0.465421884671859
"chr8",23625001,23725000,23675000.5,0.0862558108839929,0.080034335221295,0.0839959942974401,0.164972806675494,0.10309770508653,0.0983399123581401,0.191195332505799,0.0918444923501391,0.18788315802203,0.161096365927858
"chr8",23700001,23800000,23750000.5,0.0753191847708466,0.254630500201786,0.0206137589840511,0.506407327093823,0.320387747278083,0.0987269877761659,0.520986700430401,0.1485469220028,0.652371808755436,0.514104443915863
"chr8",23775001,23875000,23825000.5,0.055792532432415,0.307514933244637,0.00815138847581302,0.462143548183551,0.350882808698115,0.05393127539561,0.492665935974514,0.242945820324118,0.609412164767809,0.44961385150971
"chr8",23850001,23950000,23900000.5,0.0352290347234968,0.391395294238741,0.0752910769133755,0.582503401729685,0.395459454877288,0.0865330478688644,0.608314819707392,0.172402101117792,0.579219154850337,0.488917829194871
"chr8",23925001,24025000,23975000.5,0.0246491323708134,0.403045337660286,0.0839753092365762,0.566205829531852,0.426545064695251,0.0983807083969228,0.596889383656588,0.17042632964285,0.626622008571116,0.488861938567245
"chr8",24000001,24100000,24050000.5,0.057477226997561,0.284149199867821,0.051215236885951,0.480657157020255,0.365696537555632,0.116965923218852,0.490390686241173,0.120324811970434,0.59942177199988,0.456228022147179
"chr8",24075001,24175000,24125000.5,0.0995959105033633,0.265153102993829,0.056718960802072,0.476499778594206,0.452515533139751,0.212002088580621,0.55586824261914,0.0894282848195344,0.592142094204311,0.459415185669157
"chr8",24150001,24250000,24200000.5,0.11429602310558,0.438132720947148,0.122906650327241,0.503276404281637,0.605305618285195,0.288159629446096,0.618324784324637,0.154424415806701,0.67570824778141,0.475140995821648
"chr8",24300001,24400000,24350000.5,0.100548006211663,0.558236149727926,0.172549272101269,0.533836913786733,0.580023802398037,0.191755068353292,0.533940988848104,0.213320920216566,0.760379865393729,0.487819022646817
"chr8",24375001,24475000,24425000.5,0.0540279235651492,0.573439273102423,0.162157217986771,0.438749799936471,0.609269443721749,0.211347593034375,0.476378406338219,0.250182559890804,0.721034898897826,0.398560200931176
"chr8",24450001,24550000,24500000.5,0.0378455135555919,0.425959475204252,0.127502811869244,0.465297222803263,0.508884345380856,0.211419995418066,0.539599914467816,0.142868876400032,0.658819117275925,0.452137720158676
"chr8",24525001,24625000,24575000.5,0.0452521308371732,0.426892523058016,0.1084656125613,0.458211576401028,0.527296698988795,0.199998046435939,0.545005761570367,0.157863084148415,0.618882351595613,0.409939644078097
"chr8",24600001,24700000,24650000.5,0.0959232014477601,0.56322466304558,0.221763724230816,0.574213169384732,0.630387432997288,0.283224618624911,0.655273631548258,0.173504020627317,0.664444116745274,0.442429492441425
"chr8",24675001,24775000,24725000.5,0.0960365367442126,0.612630154941445,0.261743737806819,0.592126708754758,0.642736903174657,0.298812538890851,0.628448279107031,0.183490046968164,0.633632385573384,0.3981804750386
"chr8",24750001,24850000,24800000.5,0.0534342677013831,0.60820965419535,0.232990091468404,0.659842298789192,0.649492140999337,0.284995345453805,0.72047789147858,0.215905930817161,0.674611232668491,0.482510205349478
"chr8",24825001,24925000,24875000.5,0.0712593468874425,0.638853983800876,0.23094476732174,0.703434908193956,0.617642357469233,0.203056591314666,0.690100393729446,0.241127584377734,0.63702955475382,0.461985504503662
"chr8",24900001,2.5e+07,24950000.5,0.10898226672481,0.614187948199238,0.233485869771197,0.664226912002199,0.590586984681407,0.189086845431898,0.650853331808621,0.21297166376876,0.690641070222688,0.478628480601479
"chr8",24975001,25075000,25025000.5,0.11303289356078,0.661016566107599,0.275443470829341,0.697237514137172,0.642736854752115,0.243986606543095,0.655529340290941,0.215257644135356,0.702315795978891,0.465449877047391
"chr8",25050001,25150000,25100000.5,0.13026085229935,0.687937757399717,0.312763392104051,0.726146816098122,0.698052510965802,0.313314329074004,0.745567103319567,0.208688881418629,0.729270582990005,0.504625817635662
"chr8",25125001,25225000,25175000.5,0.0712122907623048,0.57386523435816,0.166054703784036,0.606588301336171,0.646300536125285,0.234091834069445,0.683983846054994,0.239313573682367,0.735267786625934,0.501254694581869
"chr8",25200001,25300000,25250000.5,0.0853697969013441,0.549989388164277,0.107322255575851,0.552827682738597,0.620416563245026,0.176976500015106,0.576928510830286,0.27821570790159,0.758438919192586,0.476397267048675
"chr8",25275001,25375000,25325000.5,0.042751675202966,0.485299238366611,0.106051867392011,0.578225287467208,0.549833915312657,0.168979015482794,0.629899099091539,0.207384723054191,0.73228849896059,0.525654890458877
"chr8",25350001,25450000,25400000.5,0.0612292344855287,0.575399585838348,0.141876611514452,0.596195676169741,0.65377299283046,0.214627894207518,0.676033211430631,0.256504536279487,0.726903569769832,0.481361460069886
"chr8",25425001,25525000,25475000.5,0.0558482710211756,0.490871956140502,0.0854554914612854,0.545657763803352,0.529581417912685,0.12283802049623,0.604694191476474,0.238238585260246,0.705833751692093,0.473555392640612
"chr8",25500001,25600000,25550000.5,0.0905286416030493,0.34503579178025,0.0514346354896764,0.515282363755996,0.390888178568543,0.116671365104086,0.553374345715118,0.175819653560782,0.601715443680033,0.464082026656384
"chr8",25575001,25675000,25625000.5,0.0975733628929966,0.361052247469151,0.0645068350074827,0.506612887194093,0.3271731093161,0.103910078994644,0.50739951177425,0.170911719133637,0.598026230748733,0.475392365378261
"chr8",25650001,25750000,25700000.5,0.0686499378934424,0.281207339311931,0.0234023184056083,0.504508822711785,0.386227799789008,0.0849053536720868,0.560335135234717,0.231873027955143,0.638373831813967,0.511596303990464
"chr8",25725001,25825000,25775000.5,0.0859168253475079,0.250979364387265,0.00699635987014866,0.495383118293445,0.399222892246367,0.104292588705258,0.570155350280796,0.221745463213638,0.609861375746435,0.492061889216665
"chr8",25800001,25900000,25850000.5,0.11120404631554,0.176786151536686,0.00760027573981958,0.481864151511079,0.396009753656343,0.14622652545305,0.52519237081558,0.117421399594182,0.638314041702457,0.488736561372824
"chr8",25875001,25975000,25925000.5,0.158289155028103,0.22511187227101,-0.00276110532551065,0.472285283490291,0.510995015514822,0.166112718392574,0.578780406359774,0.179772430883507,0.680717682904264,0.476188348087736
"chr8",25950001,26050000,26000000.5,0.0440081568773803,0.187931559304885,0.00687581092217983,0.46451151478719,0.295375362065893,0.0635829197713632,0.487170790986553,0.127018206336169,0.594057400486062,0.479107255775641
"chr8",26025001,26125000,26075000.5,0.0405657504300105,0.293949801896001,0.0440113172914536,0.41331388451135,0.392174555538624,0.0906150538247264,0.447312452338202,0.157666595073672,0.639287839230125,0.412433981112662
"chr8",26100001,26200000,26150000.5,0.0949081648679693,0.262640382199939,0.0207147995561268,0.468770144510546,0.358603649110775,0.0927505915314869,0.511117148741091,0.178987072149485,0.602490188776403,0.45049102272596
"chr8",26175001,26275000,26225000.5,0.101202227465304,0.230010313006455,0.0194309379089076,0.543931177087188,0.384157366749306,0.127953173042104,0.61360677557179,0.174420092438712,0.672475122985606,0.532926424225973
"chr8",26250001,26350000,26300000.5,0.093330684980174,0.190984742999437,0.0239524638833991,0.521654286609001,0.32768639832672,0.139568514521085,0.556540093562085,0.117709858659875,0.620415913315861,0.505491304220771
"chr8",26325001,26425000,26375000.5,0.0898652682086,0.183527787158418,0.0181639985736299,0.474978241878751,0.374799274947157,0.141677391675823,0.489874360663583,0.0981247845195745,0.66933484435293,0.510903302123586
"chr8",26475001,26575000,26525000.5,0.0674486695550152,0.172608772698509,0.0392965588576332,0.498412716244179,0.280820711927581,0.121241113373668,0.52159338045466,0.0764593508474521,0.621518304379043,0.514117317266432
"chr8",26625001,26725000,26675000.5,0.136504446922125,0.108255541600552,0.0128182160854077,0.453997334148526,0.3373965647887,0.171068762926872,0.460953765392507,0.0654675329672132,0.56516021922977,0.461339546750628
"chr8",26775001,26875000,26825000.5,0.0682038270628921,0.259362949146172,0.0250332690435966,0.471067760170648,0.3302643265401,0.0837194700407882,0.501053407996974,0.153162110556603,0.606512411201271,0.458281276069914
"chr8",26850001,26950000,26900000.5,0.0589039570371583,0.371381175719907,0.0579575219719819,0.529052531442172,0.329000226186047,0.0490560000721444,0.512914048157644,0.195976048225194,0.677581774883897,0.497537632746765
"chr8",27000001,27100000,27050000.5,0.111450277763113,0.198809704360884,0.001418725487274,0.505132443928243,0.341200388013115,0.112796322798079,0.52008512369075,0.141228615139466,0.631634850572305,0.482757835090178
"chr8",27075001,27175000,27125000.5,0.10203775346391,0.222731860005563,0.0394627902756851,0.520520900907713,0.386348760907249,0.167247072242558,0.545843363622935,0.08041403252367,0.653410904830423,0.519200095483098
"chr8",27150001,27250000,27200000.5,0.186071946859026,0.103731637014717,0.0132226142037654,0.485987893780552,0.41234498636738,0.241197950099111,0.511494662764833,0.0393846491493993,0.605123155948566,0.500290131484602
"chr8",27225001,27325000,27275000.5,0.237344419557499,0.0986156519082394,0.00199136698046719,0.463483177020688,0.350575617490846,0.199143503212605,0.395560765522667,0.0728827398005118,0.544162256985678,0.449003604784893
"chr8",27300001,27400000,27350000.5,0.273556123570513,0.108420305033302,0.00350431660404008,0.406627712311818,0.519195307306,0.315189488837635,0.440663047826003,0.0675155104584682,0.610233659421556,0.453938299735507
"chr8",27375001,27475000,27425000.5,0.119890353643571,0.162546475612976,0.014753992593392,0.400067097070779,0.435499457155529,0.199626122769551,0.485224014546473,0.0750384438942052,0.574117992184593,0.415448919736784
"chr8",27450001,27550000,27500000.5,0.16239302822964,0.195408747320242,0.0195993441224404,0.508671217223151,0.490129260810491,0.246706075716353,0.62074833553861,0.119693958011747,0.653609588677391,0.519100956212689
"chr8",27525001,27625000,27575000.5,0.0967703531147655,0.293324251210144,0.0685332535192926,0.491600082511843,0.440426224687058,0.159904289410601,0.570309725095239,0.163491760243851,0.644451102798913,0.491032586450268
"chr8",27600001,27700000,27650000.5,0.0845800759279074,0.409652718146908,0.152090645346134,0.477108000007256,0.500083626550653,0.21502765125571,0.527469380942622,0.116940375008815,0.69724520253419,0.511853063933243
"chr8",27675001,27775000,27725000.5,0.0376705687654643,0.109767285854159,0.0636859950829143,0.0903779153062571,0.119358518306574,0.0795096942318005,0.122539327817822,0.0521678727512265,0.205552015813938,0.138393524900121
"chr8",27750001,27850000,27800000.5,0.0673171020959317,0.0507626240293813,0.057763109612578,0.0835000761342121,0.0609122257471127,0.0727453338323749,0.121341256468475,0.0503313631711384,0.106153759054008,0.126803710006305
"chr8",27825001,27925000,27875000.5,0.0597245514315475,0.541264215757118,0.107689980199737,0.53408743687293,0.6167240660471,0.185276232052173,0.577072606028756,0.256812634223574,0.722338487957696,0.436400671474136
"chr8",27900001,2.8e+07,27950000.5,0.10361049984358,0.541840531239947,0.120539691069692,0.475745681315241,0.750043348422773,0.339105105834331,0.640367844201341,0.251828969779015,0.793661755738499,0.479737167985965
"chr8",27975001,28075000,28025000.5,0.203196348532442,0.255933457339534,0.0803787919089218,0.538788639826539,0.545987725034272,0.357767093758864,0.670990000252768,0.0644636676703495,0.655090150050624,0.555872599513847
"chr8",28050001,28150000,28100000.5,0.165786865951154,0.299840551573744,0.0768713765624387,0.60791423659064,0.593547332150577,0.331153480216329,0.652176625728665,0.106269721623317,0.817697473637148,0.66847645104743
"chr8",28125001,28225000,28175000.5,0.0874021218703143,0.48488287254126,0.151916304363942,0.597753745524095,0.591954686447189,0.256243958777421,0.631342361018999,0.162497620271976,0.801684026651498,0.602462114558688
"chr8",28200001,28300000,28250000.5,0.127993630534412,0.644370351927454,0.19512969903071,0.626727992032634,0.74468612296122,0.293496489095499,0.700046256124107,0.302612348567118,0.86001211861151,0.571748954610935
"chr8",28275001,28375000,28325000.5,0.138111102618219,0.683186616163693,0.139708329924539,0.640916264612044,0.78824077348832,0.294587883520859,0.747111029274669,0.386742984929683,0.847903458855207,0.536233512804102
"chr8",28350001,28450000,28400000.5,0.164871659875156,0.757187699976319,0.108618736966293,0.647626684308349,0.806033245922163,0.206820327266208,0.687517068534242,0.499157033035158,0.890925449326523,0.50954796293788
"chr8",28425001,28525000,28475000.5,0.250779466214144,0.616840065131462,0.153541525915555,0.575972185410995,0.803522418884644,0.40625522960271,0.730193453987442,0.289822377093702,0.824644741932443,0.5303983589588
"chr8",28500001,28600000,28550000.5,0.196909482548625,0.50234041267408,0.0842285114402543,0.554482021920452,0.814690989175542,0.415026556117092,0.783035041774789,0.246079745771465,0.855523220491287,0.577611200023306
"chr8",28575001,28675000,28625000.5,0.233306215020839,0.426177451655404,0.0627125505820073,0.573362415612254,0.810514379418989,0.447718558682225,0.803628399122597,0.209009845270473,0.864795577197403,0.61413145750285
"chr8",28650001,28750000,28700000.5,0.286239966874566,0.43107931763593,0.0644245264709253,0.545076323929643,0.845354827431249,0.503774563023786,0.811618673995537,0.210507776152188,0.862369628170046,0.592999290081074
"chr8",28725001,28825000,28775000.5,0.248498102624618,0.45222483575495,0.0406260344884522,0.586546224570826,0.82764781761964,0.418486484504392,0.800186569537626,0.271933807805534,0.874681401765651,0.606028415745635
"chr8",28800001,28900000,28850000.5,0.127283103987862,0.464953327223747,-0.0034289782947831,0.780142139342136,0.705696458511098,0.170248214851983,0.882978488911911,0.414505867305057,0.883998772212494,0.773159846379723
"chr8",28875001,28975000,28925000.5,0.159186619833157,0.515755659893449,-0.000832849101474018,0.721991926050207,0.766231371842758,0.214196867755899,0.907715419996848,0.458770608043351,0.827391949558579,0.7024878175564
"chr8",28950001,29050000,29000000.5,0.191712436972619,0.515849810931453,0.0600124774613755,0.594175579426484,0.796232754214372,0.352886283301934,0.828695651032647,0.299715103787035,0.788467604998055,0.538479099120321
"chr8",29025001,29125000,29075000.5,0.228357233627595,0.488810604477445,0.109915433795897,0.65659225016124,0.810005187759693,0.446876097098026,0.877551361567246,0.214300373754853,0.866478745608494,0.663270215994015
"chr8",29100001,29200000,29150000.5,0.178744321325581,0.608403248719059,0.281438018188939,0.69687514150598,0.837617277137029,0.560102426856781,0.89726268985098,0.147047475728925,0.874043052247222,0.689465260782398
"chr8",29175001,29275000,29225000.5,0.262355216494716,0.61823697882924,0.352583179425416,0.639769981857179,0.897860384056293,0.715976202413553,0.920202003316364,0.0950729609326912,0.884119690523258,0.705009836126879
"chr8",29250001,29350000,29300000.5,0.426339657902539,0.379040870487569,0.236372839210963,0.693150293412692,0.896375703803794,0.82300527381052,0.942822607752021,0.0232679612826199,0.915528524902837,0.85536327654897
"chr8",29325001,29425000,29375000.5,0.419460472449614,0.397709433410372,0.253641567913848,0.670113937868451,0.892807194597351,0.822908605803388,0.958383090814852,0.0232044425038558,0.901073395166581,0.838674632647165
"chr8",29400001,29500000,29450000.5,0.398704642071913,0.440820122902906,0.279746090173743,0.604865599487476,0.895720297601397,0.816629843641963,0.961632950045324,0.0274442101045581,0.876915620015629,0.792224999112774
"chr8",29475001,29575000,29525000.5,0.376926654800058,0.543192041049308,0.295234062867274,0.497990770232792,0.936942796042254,0.802491947049858,0.969372467534385,0.0861218062063613,0.905704785278668,0.717297333580851
"chr8",29550001,29650000,29600000.5,0.353823836281361,0.550608722573417,0.300983158049566,0.670680707384941,0.925673029427951,0.780655462878275,0.985112462812456,0.0829157539612181,0.916606778492162,0.775517307207177
"chr8",29625001,29725000,29675000.5,0.337928409012307,0.587191065863728,0.413262099023437,0.789267771606081,0.935038104411246,0.850239353497125,0.98533492051563,0.0303927227732361,0.946275902477473,0.883161261640834
"chr8",29700001,29800000,29750000.5,0.316217218662866,0.577462824286753,0.401576364822725,0.846540964954241,0.936987243852096,0.845966652615305,0.98761921099709,0.0464976007795946,0.966002939503878,0.920685179693655
"chr8",29775001,29875000,29825000.5,0.318940739009935,0.618821372008586,0.422656207879622,0.896693403569217,0.954526749271425,0.855874953170353,1,0.0584088233552804,0.984191352596593,0.951152535641359
"chr8",29850001,29950000,29900000.5,0.192733750773298,0.640059355423862,0.517306972620802,0.892765352214267,0.902001210615049,0.834438843314627,0.980229469461593,0.0156403297646799,0.975841521825396,0.95496434863016
"chr8",29925001,30025000,29975000.5,0.204186849727508,0.623089504621186,0.583037760799165,0.87430484365544,0.898207802944885,0.906766121291011,0.9877706568182,0.0189436149885183,0.959607619549313,0.961418857968719
"chr8",30075001,30175000,30125000.5,0.194330377000456,0.61360512599438,0.633724627102615,0.892591460304027,0.871142483981683,0.918563550233038,0.985019721340439,0.0127655635801756,0.954816763296898,0.970987372685914
"chr8",30150001,30250000,30200000.5,0.241293114750573,0.688193554598323,0.68933572101151,0.868430002062104,0.945079594786902,0.986277854339395,0.998304657696798,0.00179727547210154,0.977114728446383,0.994640902010465
"chr8",30225001,30325000,30275000.5,0.234268766496335,0.716572509622107,0.616293755714496,0.693172271906579,0.946199176406772,0.913472646244381,0.97353497232357,0.00170064624214619,0.934668410547476,0.89157282564235
"chr8",30300001,30400000,30350000.5,0.215213684456989,0.680132812229951,0.403857136218228,0.602326380135963,0.925217371921077,0.74227595987102,0.964128669577031,0.124639653095101,0.907000487112394,0.714849960880723
"chr8",30375001,30475000,30425000.5,0.253213223845903,0.693384937110898,0.3719901531431,0.690319490080939,0.93214708308611,0.70921464813765,0.992692690015061,0.160137771420073,0.915572385963485,0.701361509978837
"chr8",30450001,30550000,30500000.5,0.304699523392447,0.630141553938071,0.218268037653307,0.598162329097735,0.923054262275457,0.622120704789001,0.948828412276602,0.222828508470476,0.898979327703265,0.59840277569475
"chr8",30525001,30625000,30575000.5,0.257921610030403,0.607383570619212,0.185377248828469,0.49707965556882,0.888874719903061,0.563880880616535,0.844331830705635,0.239802072606672,0.878446183747283,0.549686432968527
"chr8",30600001,30700000,30650000.5,0.0997796894699821,0.836472258276116,0.216046604607769,0.84796362360266,0.884637894677377,0.310809753619008,0.934845520703372,0.520759912725316,0.867048340250163,0.603244959184705
"chr8",30675001,30775000,30725000.5,0.0297798923399506,0.83057617003338,0.166418188086225,0.877765912420838,0.866781746773802,0.224737146323218,0.944340739998657,0.573448239623787,0.850889980431114,0.660049569148562
"chr8",30750001,30850000,30800000.5,0.140494267877804,0.780845378751011,0.191988895421364,0.683387430916102,0.826699385017105,0.249171447035879,0.743450669825443,0.471169008351162,0.788504169772748,0.438358097368898
"chr8",30825001,30925000,30875000.5,0.135497798901771,0.710820420186513,0.16120349098504,0.506344957991887,0.818212078281554,0.316206400786537,0.678296879905978,0.39134511407166,0.796890570353863,0.348576206747414
"chr8",30900001,3.1e+07,30950000.5,0.0827289914442375,0.594361462970835,0.174737171522124,0.50185377199455,0.712824561950086,0.275903351631823,0.583109146990726,0.251557215837721,0.847633710044059,0.517089228745603
"chr8",30975001,31075000,31025000.5,0.11233794315106,0.522920321442886,0.136295263136615,0.449206476860532,0.703486664867299,0.289474242400529,0.563464689814386,0.216212387389805,0.845737254206488,0.508905012759208
"chr8",31050001,31150000,31100000.5,0.165690075091289,0.492130874073048,0.0827128986029588,0.532406376646652,0.679434613829125,0.259522549259875,0.629403777164222,0.236259711556338,0.807156348732979,0.527387639032388
"chr8",31125001,31225000,31175000.5,0.152017561560344,0.582406225564624,0.117521983299575,0.362970610403634,0.45952298642247,0.079154442070056,0.333720652677089,0.277301782529758,0.741775800089671,0.349516992192313
"chr8",31200001,31300000,31250000.5,0.07660840013165,0.32238983319559,0.0207976320662966,0.451573809304909,0.48721056174937,0.142068509958142,0.511466772367646,0.191711869774306,0.690873456293772,0.464189172816563
"chr8",31275001,31375000,31325000.5,0.0927191960674309,0.340813062060604,0.0285794582182439,0.449352499111365,0.497266187601054,0.149260079962158,0.48607985140874,0.19987018067196,0.696721604016964,0.461887593624438
"chr8",31350001,31450000,31400000.5,0.0461646001520379,0.405037279211603,0.0469512683062573,0.486746579402404,0.515888724274255,0.130029430176749,0.532895877641616,0.246774755410401,0.732229386856879,0.500060842923876
"chr8",31425001,31525000,31475000.5,0.0650958274821477,0.36003884888425,0.0324209156197952,0.492645347459147,0.495151490448922,0.119579496529577,0.563112375614989,0.249424163933147,0.697094084666916,0.488768631023121
"chr8",31500001,31600000,31550000.5,0.062148974813109,0.417758978200284,0.0688928109773535,0.41924511691251,0.53763488843329,0.15992678668552,0.45219338654488,0.192220635024697,0.71455788070185,0.416492842212005
"chr8",31575001,31675000,31625000.5,0.140465402263084,0.446997397879618,0.103421767707553,0.445025328683869,0.61060937173144,0.280255725113463,0.512014203210851,0.171051505724091,0.741556743409285,0.45983659658573
"chr8",31650001,31750000,31700000.5,0.133786062898096,0.253124491873513,0.0483037992892158,0.539260206764931,0.426495812615589,0.21049199083537,0.538946765255563,0.0913697402888742,0.728527759990513,0.581515157502153
"chr8",31725001,31825000,31775000.5,0.219710113127779,0.236615309269507,0.0475831366041262,0.507046420729059,0.587743462303935,0.345362603498727,0.501251959306744,0.0933207449567605,0.798645101689187,0.61754119370833
"chr8",31800001,31900000,31850000.5,0.245884467578616,0.108967104428966,0.0120924115775982,0.545827885054426,0.475799876591015,0.276983297479458,0.541240173341824,0.0641482723856052,0.711089945732605,0.573912603582417
"chr8",31875001,31975000,31925000.5,0.160094159368203,0.20856161699756,0.0570311653567407,0.52130072530266,0.454026959919819,0.253033479700749,0.563874822456402,0.067714112148519,0.705863383049036,0.570344978027259
"chr8",32025001,32125000,32075000.5,0.0521852967328773,0.378523068687302,0.0543669379877436,0.516992582358415,0.533007997823602,0.153471776319247,0.552580145282866,0.200612957527746,0.801085511536896,0.559444539087968
"chr8",32100001,32200000,32150000.5,0.0666714210516407,0.466797565523239,0.11526700849775,0.553999845862648,0.498519125838358,0.153999272785215,0.580412392753256,0.19237360651399,0.694980532752976,0.50936269993807
"chr8",32175001,32275000,32225000.5,0.0458931779808901,0.443534069344126,0.172359753101435,0.440633121071401,0.486298209689679,0.201301441698857,0.502795520899419,0.1290457296732,0.700393036990549,0.505598110374959
"chr8",32400001,32500000,32450000.5,0.0799640519784501,0.29641873838873,0.0851330105802163,0.534548431366431,0.467500424714488,0.216488913024472,0.576991839368148,0.0843967424828983,0.746104698305626,0.588382103803403
"chr8",32475001,32575000,32525000.5,0.121818359278981,0.328726456015222,0.113500057657138,0.549886234930099,0.459574650469424,0.212563569291934,0.526149243559983,0.0892749288202076,0.754220238852522,0.585628751149007
"chr8",32550001,32650000,32600000.5,0.333547122543746,0.139207542781807,0.0842651181002571,0.696901675401743,0.375023221886203,0.322586991909314,0.555034853253179,0.0276792325638504,0.696795742617023,0.675389999397005
"chr8",32625001,32725000,32675000.5,0.0850838312433241,0.0939109611177451,0.0920676662161621,0.152343623418844,0.121666488545272,0.117322169254454,0.172937121512814,0.0931768074931896,0.204426003863545,0.188268565744719
"chr8",32700001,32800000,32750000.5,0.247988951813255,0.0726134993972374,0.0216297597059915,0.607173480419492,0.298888569413985,0.254295424703735,0.510435579148703,0.032275769606953,0.640160911046038,0.624175874057132
"chr8",32775001,32875000,32825000.5,0.174187406041556,0.0627276159192539,0.00596588011239414,0.490361093518053,0.275829629771248,0.20377573670468,0.450996528372441,0.0318794258487503,0.565782538550355,0.510902312212967
"chr8",32850001,32950000,32900000.5,0.143005207117609,0.128429159236314,-0.00329530167742388,0.567604457975042,0.415888762093588,0.162782495402323,0.540585772025039,0.107717595510385,0.738983012589903,0.582368728616607
"chr8",33000001,33100000,33050000.5,0.0808260601822369,0.207028623434477,0.0489442220759519,0.4297236460453,0.350976554018608,0.157652284194195,0.483043757343879,0.0713764967666709,0.62802434566646,0.489364457109319
"chr8",33150001,33250000,33200000.5,0.0596202772654589,0.23812109252917,0.0238840863336441,0.478958375528303,0.307467291660575,0.0794053099847824,0.496046904893823,0.124296139092339,0.634404707809795,0.472382740899463
"chr8",33225001,33325000,33275000.5,0.0684743872659349,0.122598965964222,0.0155470295592616,0.503558761600899,0.222114313893194,0.0819885749996042,0.491516468884456,0.0626841775909932,0.607156259234814,0.516767640323179
"chr8",33300001,33400000,33350000.5,0.122119729208246,0.124766257518223,0.0153550041225003,0.513404119362057,0.292843703643969,0.116973212913291,0.522686629569204,0.0954861103949633,0.587487280757283,0.500600972713262
"chr8",33375001,33475000,33425000.5,0.098994251425345,0.198769745883992,0.0251024439940505,0.464068922875708,0.400777876599966,0.164574306018768,0.489667129919945,0.0945051205119135,0.655104554246936,0.49626462629892
"chr8",33450001,33550000,33500000.5,0.0646676658267603,0.246147362102773,0.0536487795211073,0.453697530007342,0.355829963637354,0.134435821431567,0.433457565854807,0.0801505329889706,0.695141408891978,0.522469850165562
"chr8",33525001,33625000,33575000.5,0.153311801867032,0.192490362671472,0.0458001455194989,0.490125079510483,0.457470145350213,0.26327720010943,0.503412803854976,0.0614875793790453,0.693819907962415,0.556287216448501
"chr8",33600001,33700000,33650000.5,0.142366643067365,0.11487090543201,0.0408911741312658,0.585116177088925,0.311329817336893,0.190638079288598,0.568544487051877,0.025571740367874,0.66980265777009,0.613382279738491
"chr8",33675001,33775000,33725000.5,0.0605565051268788,0.190501089116775,0.0526205474405504,0.464688770780215,0.319012821180939,0.159675455578529,0.536502087768679,0.0465842779017505,0.581743552595839,0.480838863065068
"chr8",33750001,33850000,33800000.5,0.0415321729448619,0.143453579266167,0.0438480420082859,0.362710670890844,0.174713366269578,0.0833822642029646,0.415091392482288,0.0314468551206377,0.428551322283561,0.35694417561405
"chr8",33825001,33925000,33875000.5,0.0752468409543076,0.110280121726495,0.0287495758169056,0.294841519221439,0.196468526383877,0.101308842809128,0.326776661502826,0.0354643825947804,0.396395347722468,0.329143657752357
"chr8",33900001,3.4e+07,33950000.5,0.0902647351906526,0.177072822313332,0.044119262276474,0.533132337894862,0.30060496908589,0.13697956280645,0.556489676228436,0.0586128787488518,0.658634327962158,0.582015200246563
"chr8",33975001,34075000,34025000.5,0.0796079414281476,0.12769725043147,0.0269856336222853,0.405476469928926,0.238554849196017,0.102705062175154,0.357620214710962,0.0411052586315526,0.496226048702713,0.403063464223853
"chr8",34050001,34150000,34100000.5,0.132765483791893,0.0843739114424747,0.0102874745789662,0.539374723268024,0.290435000788949,0.158248462567431,0.571425100942424,0.0421517819659694,0.612675568861623,0.54043600476089
"chr8",34125001,34225000,34175000.5,0.0579792907573005,0.0881205990584872,0.00873791396431172,0.450023923563671,0.193246867958206,0.0817666229238613,0.460977719616338,0.0542593163659573,0.526199956838236,0.439867700486271
"chr8",34200001,34300000,34250000.5,0.0427599123285115,0.0838081034379483,0.0125058348175512,0.520861974597657,0.16991753564515,0.0762082761191504,0.546522304746295,0.0430259132359317,0.614058025266373,0.536678087269101
"chr8",34275001,34375000,34325000.5,0.118046624968132,0.092580802198248,0.0154932519627505,0.517838771477737,0.329121845115255,0.182914510764847,0.537326227854672,0.0464303569322902,0.653361302279468,0.561983654053864
"chr8",34425001,34525000,34475000.5,0.165701428396988,0.0578349194209389,0.00926633341982636,0.57330997337669,0.305954960568459,0.185793459435765,0.532666164084761,0.0359776707754675,0.649192413015548,0.573532877352259
"chr8",34500001,34600000,34550000.5,0.136081136528695,0.111416239140769,0.0155065218740265,0.526289781289744,0.332291911540599,0.149373866281707,0.499898910725378,0.0696177342332536,0.656135704740676,0.518933144927787
"chr8",34575001,34675000,34625000.5,0.0943811284667893,0.0955265353757619,0.0823847212719424,0.16963149172254,0.139528901787037,0.113025453768845,0.198218671658394,0.0907937612362583,0.205618758879418,0.175878072230095
"chr8",34650001,34750000,34700000.5,0.118079790514755,0.202075044745088,0.0209819599742673,0.549614727935721,0.378213963040653,0.167349872431058,0.53938511347402,0.146945131166358,0.705146148248259,0.56454131359296
"chr8",34725001,34825000,34775000.5,0.0762411247068307,0.281418426766447,0.0176190975346482,0.441784706916713,0.331330113606493,0.0882084008991438,0.479485701252048,0.195058590015642,0.575839378927229,0.420630823483632
"chr8",34800001,34900000,34850000.5,0.0913778113278534,0.198283251589444,0.0226972486626077,0.474195626281998,0.289574142719848,0.109650889223218,0.536345207587065,0.176963020979225,0.534738078863576,0.464210796601442
"chr8",34875001,34975000,34925000.5,0.102224434839608,0.140237932076754,0.0071017571389634,0.515382137113646,0.337173028457408,0.114744892181114,0.554808228312066,0.126746200477755,0.651771651031719,0.520568907124974
"chr8",34950001,35050000,35000000.5,0.0984145430240073,0.194847044666469,0.00607633443190086,0.520977232723573,0.347863343780028,0.116730818592204,0.551517227956545,0.151728751772474,0.65381217774405,0.525609501722635
"chr8",35025001,35125000,35075000.5,0.154024649705975,0.181721172307498,0.0228031485271874,0.589846129901943,0.354070972705224,0.17094742462048,0.629829346163351,0.0845796147205866,0.694085340430283,0.595762708509075
"chr8",35175001,35275000,35225000.5,0.0977010544231892,0.233731181091212,0.0822151258221596,0.540650955493734,0.343617570378028,0.152583754347453,0.549137585185255,0.0729815200959404,0.682740495949093,0.560809128529994
"chr8",35250001,35350000,35300000.5,0.102468580015543,0.185845444559039,0.038455546317924,0.51311212546316,0.368128515134093,0.177655953314386,0.549244015172311,0.0923065382896247,0.656141789034437,0.544836835747308
"chr8",35325001,35425000,35375000.5,0.0484434904120934,0.243351587211772,0.0279768336859523,0.538605421664704,0.349644217067125,0.122046642898016,0.570966224647658,0.14540153367364,0.685053761486444,0.562594207304788
"chr8",35400001,35500000,35450000.5,0.0403760656298485,0.278683208101102,0.0167640649730986,0.553108829442712,0.410045722963052,0.10104274505438,0.622839579040331,0.256331697155595,0.70386642613116,0.578813844828369
"chr8",35475001,35575000,35525000.5,0.0785470407197673,0.231303131273346,0.00940797581246472,0.536971311140799,0.39773924399167,0.0946103779318033,0.644611276880257,0.261656167999065,0.627348904336559,0.535084413060836
"chr8",35550001,35650000,35600000.5,0.107105481584619,0.162774267574863,0.016628009967393,0.503664796387331,0.3546862365809,0.113123825990976,0.565584203700932,0.210635377860604,0.641926447327462,0.513855753713025
"chr8",35625001,35725000,35675000.5,0.144574738975072,0.0896723946242875,0.0080999084875721,0.474470668399383,0.357325537630624,0.198439965125563,0.492335360918906,0.0929989233119205,0.595226942696679,0.500589623990072
"chr8",35700001,35800000,35750000.5,0.282583602123222,0.0554551320111504,0.0106489477034062,0.546986888101939,0.410253393180324,0.346899225525616,0.488379251735578,0.032389947524381,0.623298072739548,0.593288846109468
"chr8",35775001,35875000,35825000.5,0.371475650989289,0.0757600300557515,0.00343192976476098,0.612326231118849,0.488548294337016,0.387407032249308,0.509731197661767,0.0476741626615108,0.683621886122599,0.620941192719526
"chr8",35850001,35950000,35900000.5,0.190292201765016,0.176294021828658,0.00725591037410986,0.522160378289099,0.447751851358928,0.207596038438948,0.590701045992291,0.136498226980033,0.64220328101817,0.524678038056824
"chr8",35925001,36025000,35975000.5,0.0861511904163645,0.279725816906485,0.0311807283431918,0.513392011309614,0.423168759733508,0.152630553573283,0.601057590963866,0.141838104790399,0.684493128255009,0.527255155122545
"chr8",36000001,36100000,36050000.5,0.102551827252457,0.44165895017265,0.0709732250140406,0.558154979074178,0.469505372674068,0.125247720572901,0.611202230227706,0.218336090207779,0.666073377709515,0.49571477346144
"chr8",36075001,36175000,36125000.5,0.102080054698218,0.119705321964878,0.0903989753696418,0.19178119106583,0.1765550241944,0.139783108203166,0.240860050277448,0.0841336570267118,0.20258734127966,0.183530764926711
"chr8",36150001,36250000,36200000.5,0.116837211778602,0.433965747559689,0.0760166883964536,0.477559296373389,0.479069043982231,0.0896855581315675,0.516242198838028,0.249220477741499,0.605113040138841,0.408036237392772
"chr8",36225001,36325000,36275000.5,0.144804654670717,0.442725287291005,0.0857644939843014,0.524539378783424,0.479220160858616,0.121270633549221,0.561644940765506,0.247840531834391,0.623588090858759,0.44642387694779
"chr8",36300001,36400000,36350000.5,0.118971325550784,0.320656545928629,0.0294091536178405,0.516348652096126,0.439591826572784,0.143767171751993,0.579015296764924,0.191550755249547,0.634039513532191,0.483342188088736
"chr8",36375001,36475000,36425000.5,0.117718488707286,0.28552198116922,0.0322943364655555,0.509212535074466,0.391388853276968,0.138763904892122,0.572230055894599,0.15635685654074,0.613196712715065,0.482135800477274
"chr8",36450001,36550000,36500000.5,0.0802458651915803,0.10173859699227,0.0801999774969603,0.134320827142777,0.107571967516895,0.0893899270353255,0.164083431424273,0.0798092231616942,0.188949535428986,0.156849922063672
"chr8",36525001,36625000,36575000.5,0.146170028250243,0.313448464496914,0.0649323962387135,0.61557745709933,0.438340471900009,0.200282319310924,0.663089422786937,0.117519507216583,0.718999982841346,0.598295767692157
"chr8",36600001,36700000,36650000.5,0.147572067193652,0.353299553716944,0.0445430063753319,0.538599177144097,0.455663299509598,0.176812904580125,0.548746946495184,0.187311116716243,0.75745036037155,0.546659392387737
"chr8",36675001,36775000,36725000.5,0.0841225781213613,0.355167348532273,0.0216742417887658,0.51385217728356,0.453051146467136,0.119872180956907,0.564739068674774,0.247438414919146,0.750630269669668,0.517318462991593
"chr8",36750001,36850000,36800000.5,0.0625816420243936,0.266420513242299,0.0256196315099399,0.482854696503876,0.43187163260103,0.139024342215849,0.540565769025927,0.187086369111951,0.6651570411024,0.49951540829647
"chr8",36825001,36925000,36875000.5,0.0500510671304324,0.207161277616037,0.0518983859490574,0.524353024545547,0.285562691787173,0.121595973264155,0.587462062124456,0.0848593368133621,0.622760656750155,0.544307015435392
"chr8",36900001,3.7e+07,36950000.5,0.0715974146643277,0.214458315787274,0.076055075019825,0.550125562056781,0.248777413520548,0.107349855376108,0.575684093892352,0.0555233280677388,0.66156466564246,0.579074869721814
"chr8",36975001,37075000,37025000.5,0.088310095768438,0.160611229296863,0.0261668253442235,0.526112509454585,0.329625352768174,0.134318075523241,0.526767875696185,0.0723469528647991,0.678430065856655,0.556146780870007
"chr8",37050001,37150000,37100000.5,0.151905947315214,0.164572853784628,0.0292993351694122,0.537977882956963,0.403352793028604,0.215345433713089,0.526109014182091,0.0590067453851261,0.675101555083709,0.553822716902232
"chr8",37125001,37225000,37175000.5,0.0807265393431703,0.153773496186811,0.0320875781680916,0.440678520503908,0.319899611163137,0.149930524564471,0.464607664755979,0.0596304931513268,0.599042375282933,0.471879069434818
"chr8",37200001,37300000,37250000.5,0.0704608333575637,0.109458244105201,0.014931973947879,0.545726554830115,0.242583740367013,0.0860125206012153,0.521418965662967,0.0824821348749473,0.654268511705514,0.542264108969011
"chr8",37275001,37375000,37325000.5,0.0713805455225517,0.130479802276164,0.0342761617511064,0.502199066288234,0.23498029721551,0.104923836939665,0.494415496096456,0.041330780806625,0.603673786301199,0.518621955191439
"chr8",37425001,37525000,37475000.5,0.0997362583387654,0.229159101199457,0.0207623444108601,0.455727881595191,0.211807625813844,0.0638925658468758,0.477210951932801,0.160401108195593,0.560515580462486,0.432741700330209
"chr8",37500001,37600000,37550000.5,0.107560281933308,0.234170522466476,0.00654343024733102,0.511536318600814,0.19072877247406,0.113104012815147,0.526415962631415,0.22728220080017,0.556144310855614,0.504398058156988
"chr8",37575001,37675000,37625000.5,0.0527361542144492,0.141419054805947,0.00627595310015823,0.477230680931302,0.205863889268511,0.0603614590670231,0.502470426399183,0.146364244343832,0.529103374331613,0.481100907141338
"chr8",37650001,37750000,37700000.5,0.0673996152424048,0.0973853822221678,0.0119959389166558,0.523315432000328,0.188865720958382,0.0877273603133035,0.500940265651835,0.0769687349121551,0.590278961759129,0.524722936378481
"chr8",37725001,37825000,37775000.5,0.0942522128250068,0.0611828383451686,0.0189045664209288,0.513869637027776,0.196680704632305,0.112346346222908,0.528183607700335,0.045415785210956,0.582054309737729,0.52832438846471
"chr8",37875001,37975000,37925000.5,0.0772406604885976,0.0843266870317538,0.0318174500984628,0.541072960469771,0.190042293158394,0.11347433886263,0.548108429002011,0.0185638012559644,0.607197322760076,0.576597207250961
"chr8",37950001,38050000,38000000.5,0.0870789734873346,0.156302529268899,0.0424111333244155,0.532490458583147,0.195508798175659,0.102771887065953,0.529497093867453,0.0426485226434151,0.629002718293551,0.556978842644744
"chr8",38100001,38200000,38150000.5,0.0735193443861592,0.0878559877481708,0.0156086096056764,0.569194121115097,0.157932614753073,0.0822742120121867,0.585937123432756,0.0410509593103943,0.645803234585419,0.584208947278289
"chr8",38175001,38275000,38225000.5,0.0649566935681236,0.0792709685860253,0.0163990064250246,0.522506107341597,0.175736936441652,0.0983347685466405,0.51645603672207,0.0287601453498608,0.611824272515383,0.554715664520551
"chr8",38250001,38350000,38300000.5,0.0561737519740033,0.0310999227312759,0.0104965801852456,0.515302292665033,0.0991167296112675,0.0756931659953972,0.503347205475867,0.00878990770821994,0.54777598796547,0.526306712676161
"chr8",38400001,38500000,38450000.5,0.0760898413837893,0.0274540820243968,0.00890310651906715,0.6105551256745,0.129790284926682,0.0738045079821446,0.553330832778283,0.0170911461063183,0.645711946488337,0.611352265359969
"chr8",38475001,38575000,38525000.5,0.0681204085006077,0.046943366727574,0.00923623254907895,0.607655781250968,0.13075340343786,0.077590869592725,0.566802683826375,0.0211022847856855,0.631243896613731,0.609140965276519
"chr8",38550001,38650000,38600000.5,0.108662499171392,0.052806194760374,0.0147633981930077,0.564442885714119,0.188798586976228,0.119491007711819,0.514124057773312,0.029176493499691,0.608231187347569,0.573314573662671
"chr8",38625001,38725000,38675000.5,0.117818829362711,0.0977771952179,0.0201398071462271,0.525204467474374,0.209610238951799,0.137000078330176,0.491655798037125,0.0421305632982523,0.589213000746196,0.53567444174721
"chr8",38700001,38800000,38750000.5,0.154189438148718,0.210853266057197,0.0236466289202093,0.549710685747298,0.218320479999069,0.131111659647719,0.517788659422291,0.108275906258759,0.605286122116108,0.535732289384951
"chr8",38775001,38875000,38825000.5,0.15253976276172,0.196250086271737,0.0466911362803006,0.542454449337445,0.287929641847632,0.182448531537562,0.521493799325124,0.0703132313211412,0.593361109858079,0.527511172489178
"chr8",38850001,38950000,38900000.5,0.0886817237971045,0.223567405046567,0.0415798338112399,0.562004453427619,0.289445812620537,0.119082393666404,0.571816818058067,0.0936088996156369,0.649013578355477,0.558527721530432
"chr8",38925001,39025000,38975000.5,0.062336929929021,0.218108320962209,0.0896295304932316,0.526553792799739,0.292401231129354,0.160882602296006,0.532543006658111,0.0417401393294801,0.646114287165946,0.567009056548632
"chr8",39000001,39100000,39050000.5,0.119149761442352,0.152545055009296,0.0720811115443736,0.563184831459776,0.371468323822428,0.257377985552581,0.588184263613815,0.0229993733079146,0.689359261305489,0.62719304315134
"chr8",39075001,39175000,39125000.5,0.162229931912858,0.0865312866718824,0.0245131143103164,0.495948142360351,0.379836540159974,0.277028441758489,0.540238502303258,0.0275436581901411,0.615180387364311,0.553193996994912
"chr8",39150001,39250000,39200000.5,0.155895936222415,0.120668573349754,0.0350823399173353,0.592240671100382,0.350900395926221,0.235431695749761,0.607671027562617,0.0463166884430149,0.698963445719345,0.629402639074595
"chr8",39225001,39325000,39275000.5,0.158336784776646,0.134810965011041,0.0485950904727325,0.510290706901321,0.378941023648464,0.249716183320112,0.529692499099509,0.0415260039885118,0.621755064956377,0.548851450473479
"chr8",39300001,39400000,39350000.5,0.13515339082215,0.184807026949184,0.029814910244262,0.511245467219665,0.371015910419262,0.208132053705454,0.59026029630131,0.0740681711097605,0.593085687818069,0.52348715709928
"chr8",39375001,39475000,39425000.5,0.108544591206327,0.208321001847838,0.0542292460223031,0.511940628881666,0.32982090980291,0.153891639430735,0.587929158186736,0.0845959417311056,0.598827361300041,0.519514743573719
"chr8",39450001,39550000,39500000.5,0.102305755566089,0.180364215202968,0.0550215941651389,0.526210757065802,0.326663438401316,0.165775316473432,0.575168686878893,0.0536350525459884,0.628857469714564,0.534703409092969
"chr8",39525001,39625000,39575000.5,0.0975164565881836,0.215642502232802,0.0595974832022506,0.495308279178832,0.374861809296285,0.194996854136838,0.559253870890793,0.0566840450453716,0.629872804159505,0.52030987086722
"chr8",39600001,39700000,39650000.5,0.087846257957231,0.240996573009118,0.0396472489626514,0.527855891641698,0.360031335293785,0.138670591728565,0.586857289589724,0.12514001012522,0.639588990493248,0.529095723806543
"chr8",39675001,39775000,39725000.5,0.0656666937624877,0.236652446374545,0.00297639759349955,0.585815661623384,0.328880630973522,0.0638901977453545,0.642117162937629,0.224495655027394,0.690924509321224,0.597095426053963
"chr8",39750001,39850000,39800000.5,0.111590215701435,0.217025782797511,0.0166528905478343,0.543875708026455,0.234909306375768,0.115219957935121,0.573184749352438,0.185635695785381,0.623563200007405,0.555732225921958
"chr8",39825001,39925000,39875000.5,0.101142032234382,0.134003733572002,0.0302705097514624,0.478713377113399,0.229891048879915,0.0996695248411804,0.500064731630222,0.115471537276732,0.586245406613783,0.474770108180769
"chr8",39900001,4e+07,39950000.5,0.0863852646143187,0.164847593201008,0.042516959600357,0.508001402492347,0.204799737783889,0.0755973068034208,0.532138408234124,0.098130844050106,0.603278069937175,0.501699947126992
"chr8",39975001,40075000,40025000.5,0.110302006483836,0.229164237016321,0.0504126695266939,0.525549631361423,0.185607284659557,0.0749487049300826,0.522022224555317,0.0808726822551923,0.60496073700962,0.513927101347096
"chr8",40050001,40150000,40100000.5,0.0744426533590328,0.252319175265656,0.0601940906394666,0.485554906483082,0.238985807979331,0.0686470903164963,0.513929029910923,0.0854645937152803,0.602984961314407,0.489391126768136
"chr8",40125001,40225000,40175000.5,0.0888396896053038,0.324140561281711,0.069074619424237,0.486309144008089,0.309290868117162,0.0800530404063709,0.504202859623078,0.124714371451693,0.633091048183291,0.475256910378444
"chr8",40200001,40300000,40250000.5,0.0791685585170147,0.242637297792412,0.0149433718039657,0.535532538830065,0.34504160174458,0.0890638488680328,0.612591323534522,0.153356516884001,0.675164223639454,0.535456609425419
"chr8",40275001,40375000,40325000.5,0.147921203079584,0.309883276688595,0.0581220215051606,0.589730172788242,0.263535997145028,0.0774886202046531,0.5776842398897,0.148445109464819,0.636869515293897,0.541100904808272
"chr8",40350001,40450000,40400000.5,0.170021443064772,0.289940818225738,0.0544138537063772,0.56783833551858,0.179150118036945,0.0917002911384554,0.497722632781627,0.135385440640957,0.549175024761904,0.497930379904819
"chr8",40425001,40525000,40475000.5,0.161821663328861,0.267504983229609,0.047736698299755,0.554075682072291,0.202727256814034,0.0937191283013559,0.535537559031618,0.118602402871915,0.603650060172841,0.511583704819469
"chr8",40500001,40600000,40550000.5,0.10462695685485,0.216913750742057,0.048697798684664,0.484338124233278,0.202518703747938,0.0823971534511881,0.499628846221364,0.0799608996188275,0.572755952652976,0.472329007691934
"chr8",40575001,40675000,40625000.5,0.079107601509019,0.138058717301507,0.0272270522786247,0.48092632764975,0.166205665359934,0.0691150559567069,0.457855975841469,0.0744133179533044,0.570957616337938,0.486303563245295
"chr8",40650001,40750000,40700000.5,0.100667575713949,0.0927258411996568,0.0110752385099542,0.564912123477061,0.187215882346311,0.115071897340597,0.511013396582903,0.0412997985039919,0.615881932248645,0.569395038735473
"chr8",40725001,40825000,40775000.5,0.0368196985341333,0.0859503191396465,0.0179602695302855,0.516385678130967,0.119279596201579,0.0476472920896113,0.497670584794415,0.0291297818382432,0.541410117359162,0.505179397684202
"chr8",40800001,40900000,40850000.5,0.0487666695808839,0.110711585294795,0.0296765889072367,0.484164244643566,0.12686737457657,0.0517854193916706,0.4810047539174,0.0332738082035994,0.539544679475597,0.481071091396411
"chr8",40875001,40975000,40925000.5,0.0689894582484626,0.0939527234161185,0.0246160907798648,0.496305304777016,0.14054296345643,0.0771557385267987,0.493396570094796,0.0269185301961459,0.547536239268337,0.499615956000372
"chr8",40950001,41050000,41000000.5,0.0728141568936166,0.0804404440425736,0.0146595903347399,0.477905631778032,0.154741516870789,0.08269763312408,0.468253063895999,0.0307920778487334,0.538559690405924,0.478534471829996
"chr8",41025001,41125000,41075000.5,0.0697502973570015,0.14714939390219,0.0319489866414165,0.439383293324238,0.12846420476178,0.0465386192474093,0.463509895714505,0.0554214287922388,0.545739483690953,0.447914936165275
"chr8",41100001,41200000,41150000.5,0.0888996308114341,0.191597929144116,0.020904316575245,0.539787161412821,0.165321779872263,0.0663511713691832,0.524644618251761,0.0968742290755414,0.601869573353283,0.532984481043332
"chr8",41175001,41275000,41225000.5,0.159708418234477,0.323290272372421,0.0227894886941385,0.601525397222451,0.183444125599741,0.113774771535103,0.543049888039931,0.230619733335731,0.605899990835821,0.556682289937716
"chr8",41250001,41350000,41300000.5,0.167288095679399,0.338234060008337,0.0365734491891966,0.64683256029159,0.235614027970939,0.112294172413637,0.564475966826262,0.201516480355174,0.662987346724034,0.593938745027592
"chr8",41325001,41425000,41375000.5,0.0905090650827026,0.228205049528988,0.0185047605410556,0.504385315633215,0.172672942498125,0.063197306351303,0.480766628563383,0.136550306869346,0.575030419565708,0.484704956192177
"chr8",41400001,41500000,41450000.5,0.152123369657336,0.228104757212848,0.0319038126562532,0.50801004339908,0.164060674871314,0.111403664195377,0.437130435821572,0.116215729494222,0.539768411190441,0.483591498089765
"chr8",41475001,41575000,41525000.5,0.204103887939773,0.0715863133234613,0.0092298107276647,0.61382108571659,0.236111063639881,0.186071271855851,0.519187809653363,0.0372904124824001,0.622931070124108,0.595617972146187
"chr8",41550001,41650000,41600000.5,0.122194448063439,0.0487635407435304,0.0219144319542063,0.551425577644745,0.199468060049105,0.168268324627493,0.546338671512573,0.0180294169668925,0.584927575530431,0.57220591928185
"chr8",41625001,41725000,41675000.5,0.0721473149406085,0.0696848078978304,0.015860015260184,0.527982983839194,0.144932878305494,0.086067525497675,0.549343815253484,0.0316290779380076,0.578302715410259,0.546443438380998
"chr8",41700001,41800000,41750000.5,0.0524100489441174,0.0799374361169821,0.0190780323037788,0.535374169077741,0.132326459325382,0.0474474882341769,0.545841318457452,0.0516025544564865,0.603495326800472,0.540169294817984
"chr8",41775001,41875000,41825000.5,0.0549523199538617,0.116806017649513,0.0201496402684866,0.534688333149263,0.147700398926913,0.0361121960967906,0.545043107647251,0.065537346310134,0.618252728205369,0.52963982835644
"chr8",41850001,41950000,41900000.5,0.0950134854198947,0.157997121242369,0.0363327438614733,0.50916549027983,0.155679719261559,0.070397020911016,0.50279933484253,0.0641000444590406,0.545315764451184,0.489782609732875
"chr8",41925001,42025000,41975000.5,0.0571547405669186,0.111769897900619,0.021585627748445,0.539184706725015,0.131635885154469,0.0640362085949253,0.569271781587756,0.0431691693213094,0.595566453616895,0.541173392340675
"chr8",42000001,42100000,42050000.5,0.0418871871547727,0.0602684702479002,0.0178352734806141,0.50056968614498,0.0953160606078135,0.0587645730695552,0.526947449858682,0.0201411405751143,0.558764398219574,0.522250648126936
"chr8",42075001,42175000,42125000.5,0.0604368411293953,0.0785448210612624,0.022684556930812,0.54164060093414,0.121530913718882,0.0660925513252669,0.531183192151684,0.0355948965988606,0.592159831116121,0.544234335680355
"chr8",42150001,42250000,42200000.5,0.0696651584500952,0.0695567307203864,0.0116094908022631,0.517933665212996,0.123665619880372,0.0680676272508348,0.527222482572041,0.0305748335621125,0.577264430482661,0.523011769379154
"chr8",42225001,42325000,42275000.5,0.0723524378406861,0.134677117542445,0.0539949590803063,0.536293395457561,0.153772181241344,0.0915040265470968,0.544199652176873,0.038881665969281,0.596378310202919,0.548499167104096
"chr8",42300001,42400000,42350000.5,0.0935980081024068,0.100961597815267,0.0169367630446915,0.486269502618902,0.17254865194962,0.0975186007492107,0.459879099243017,0.0508822463673054,0.534505998500532,0.478344431190544
"chr8",42375001,42475000,42425000.5,0.119049005944592,0.0839901077324787,0.0289023068986402,0.522814349040583,0.157549496193114,0.112030736604071,0.511441067176738,0.0179789000459248,0.564913633964349,0.537731815174807
"chr8",42450001,42550000,42500000.5,0.0691590136540746,0.153017115541768,0.0360916261064256,0.51124125003198,0.145050815837223,0.053019580478173,0.526928649931991,0.0593086015438924,0.582887967077683,0.513193783637556
"chr8",42525001,42625000,42575000.5,0.0418673964430514,0.13110756997982,0.0270478460060753,0.462166882814197,0.134568045412917,0.040085485912505,0.500076084194163,0.0472096359401115,0.558831761295731,0.49677866344214
"chr8",42600001,42700000,42650000.5,0.0447265233435014,0.106526546411285,0.0295416640172255,0.502697281018337,0.141211928997276,0.0594740254345151,0.515697823187115,0.0454541684247302,0.613842962232524,0.531859506744969
"chr8",42675001,42775000,42725000.5,0.0622435079610611,0.0914210634841512,0.0253738178038151,0.544241692479223,0.163973080231262,0.0835800920431391,0.539387749908319,0.0369492944398832,0.641293063996167,0.571652302666682
"chr8",42750001,42850000,42800000.5,0.0748601432118492,0.0799044319761607,0.0283487864017924,0.536808134493344,0.125225647958711,0.0632760390762333,0.513486105139069,0.0256039991504364,0.58787130005115,0.545637026395311
"chr8",42825001,42925000,42875000.5,0.0676287301073427,0.0597090269406571,0.0195164928812301,0.532181164421198,0.121563766827483,0.073981886895067,0.528097711445562,0.0167659743101014,0.546981483119487,0.526706460726737
"chr8",42900001,4.3e+07,42950000.5,0.0552182240115865,0.0692931520792265,0.0145725590631581,0.497144901892624,0.130807119654323,0.0699468293206335,0.511372443937413,0.0188358335921558,0.533077418797504,0.508919973268283
"chr8",42975001,43075000,43025000.5,0.0315560210695216,0.0955535743880231,0.0276251311121508,0.487398138934483,0.108738750141704,0.0365067104807997,0.491054822429895,0.0325806858063036,0.548436436827912,0.505456045521871
"chr8",43050001,43150000,43100000.5,0.0801651925941925,0.0837199633210869,0.0232988378879086,0.53749418032039,0.0897873824408042,0.0638151565882918,0.499607150441459,0.0315872603032572,0.547876872757367,0.532234928960177
"chr8",43125001,43225000,43175000.5,0.0853207703785353,0.111808443100744,0.0392048400181405,0.532686023414567,0.0825793520239382,0.057807328656013,0.526399311223938,0.0263377263206508,0.569352113146445,0.54106793734023
"chr8",43200001,43300000,43250000.5,0.0500733958790649,0.0714482559617863,0.0292176135951977,0.480145038986803,0.124000564040482,0.081750930469747,0.465000850010571,0.0215248180256112,0.544461073531335,0.51781608556156
"chr8",43275001,43375000,43325000.5,0.0518721144249368,0.0731263973319016,0.0260819618771251,0.449432058829885,0.110400011416893,0.0602958031162758,0.449059065844522,0.0273401977174488,0.513453686198709,0.468324182768393
"chr8",43350001,43450000,43400000.5,0.0999099864220969,0.0791034409460836,0.029935684937389,0.537318758051733,0.162711887707134,0.107289017089126,0.531236532169517,0.0234871274404975,0.582465911136065,0.540876141507217
"chr8",43425001,43525000,43475000.5,0.114989942209451,0.0615252633253343,0.0192677424902695,0.545790302179146,0.173956359890457,0.138008998283524,0.53986338614554,0.0139376293971813,0.594763981752908,0.577466743720804
"chr8",43500001,43600000,43550000.5,0.0657947444974776,0.102449380822585,0.019810224049959,0.458650187853269,0.165664823603532,0.0800394620332477,0.494700557171977,0.0509265061456025,0.529955152528664,0.472089075103562
"chr8",43575001,43675000,43625000.5,0.0745224050479362,0.0831040050502078,0.0125892468498907,0.42566601659238,0.151262184525686,0.0657745737589607,0.431257588480326,0.0502086167244675,0.494088722702114,0.4184379379056
"chr8",43650001,43750000,43700000.5,0.0591022228381397,0.04067696682728,0.00858870821717016,0.422987953348575,0.0865855716769133,0.0593806134592833,0.384108137813893,0.0151898151861088,0.440905449740847,0.42489809771876
"chr8",43725001,43825000,43775000.5,0.0181961017081843,0.046917667197579,0.0114122433066865,0.335205177497678,0.0708684536720113,0.04955181957262,0.368293117572986,-0.00105100502002468,0.360372316771961,0.352396067653056
"chr8",43800001,43900000,43850000.5,0.045105823427247,0.0676298315069207,0.0225794564534699,0.479107434980218,0.0929438343504965,0.0635222136812336,0.392925762904766,0.00465434455530019,0.457153733436712,0.449818769251084
"chr8",43875001,43975000,43925000.5,0.0417355407796494,0.0781003515477379,0.0157483175262004,0.445824952507682,0.117822350814486,0.0492970140456095,0.421137965943506,0.017155089634387,0.49286074118186,0.456700574047855
"chr8",43950001,44050000,44000000.5,0.0759201211503951,0.108993500179905,0.034310337317214,0.398784046214433,0.158130701234261,0.0949366931957514,0.335848692590778,0.0203707282179011,0.520416521073908,0.457603210570684
"chr8",44025001,44125000,44075000.5,0.0561014686181391,0.0515534474824903,0.0322634186238608,0.402775852140246,0.053342178423214,0.0449168009387549,0.387766107305226,0.0166069121194502,0.449849490182912,0.425037414323707
"chr8",44100001,44200000,44150000.5,0.0962242967760173,0.0203663201964704,0.0184374993494919,0.530255562153101,0.131875904315051,0.074122061371481,0.551167298185256,0.0213012812384721,0.568299511433802,0.553372935523408
"chr8",44175001,44275000,44225000.5,0.0846028576912046,0.0554458010178962,0.0516969442511829,0.433912505492039,0.105251249950059,0.0883449078834131,0.444963357260152,0.0126097156002341,0.494524164971427,0.515806570556134
"chr8",44250001,44350000,44300000.5,0.0502165044961682,0.0591713785989901,0.0295465704613602,0.44201818873033,0.0832616975001449,0.0556355074484968,0.470417627629491,0.0125453098286577,0.51438501723801,0.499533310157552
"chr8",44325001,44425000,44375000.5,0.0775524051134577,0.0637105721584988,0.0205498272274627,0.471471168902562,0.102721647734,0.0662589041994208,0.505595349955491,0.0212902357146594,0.497985745427131,0.501878165192031
"chr8",44400001,44500000,44450000.5,0.0617047069955642,0.0575365605943634,0.020146309501896,0.469077487730065,0.0718779307588967,0.0539669706454173,0.46326284928308,0.0157507542120785,0.476942554428233,0.471906877768538
"chr8",44475001,44575000,44525000.5,0.0699979611086945,0.0298951331873577,0.00494426677623277,0.473697524326602,0.112498466194991,0.078057420743329,0.506274210735004,0.0074320023874529,0.503405712258214,0.491414223703067
"chr8",44550001,44650000,44600000.5,0.0732376015660513,0.028483269188362,0.00960424928687936,0.404694538390151,0.098473385006998,0.0830114778388833,0.409043431468258,0.00357229953644041,0.42996737650613,0.413025072260066
"chr8",44625001,44725000,44675000.5,0.0458978848361844,0.0427047464680054,0.013472473853462,0.453473709360239,0.096515352563524,0.0691967461703131,0.475709654680506,0.0101111506573038,0.479962099675676,0.469156024587786
"chr8",44700001,44800000,44750000.5,0.0515040084171738,0.0437187479711554,0.0110064560252964,0.523334100446608,0.0707625484239432,0.038956596418291,0.515927920464507,0.0191291651499704,0.522887139555766,0.51538250002193
"chr8",44775001,44875000,44825000.5,0.0504362917490746,0.0289950369677495,0.0149467801375399,0.549018688954735,0.0480081835669324,0.0455644755083047,0.51853151256439,0.0145692095609931,0.541198073206608,0.550881132649837
"chr8",44850001,44950000,44900000.5,0.0676991267559469,0.0211159152671079,0.0135650629816871,0.573051128390219,0.090737792723869,0.0700188357448064,0.57432553920943,0.0118354307661809,0.585648612034816,0.575088033262216
"chr8",44925001,45025000,44975000.5,0.046822296827985,0.0762237199844021,0.0253309824006272,0.504006176837718,0.129877666584308,0.0708732921835448,0.527502130500013,0.0178245562704582,0.583696239022427,0.524409058024338
"chr8",45000001,45100000,45050000.5,0.0670867686156435,0.0767859001054608,0.0186306453502332,0.520807478374746,0.134164044778708,0.0653137993722786,0.513909686135062,0.0210594493871555,0.573321418517467,0.530622959613687
"chr8",45075001,45175000,45125000.5,0.0690255782795949,0.0700652523517465,0.0150978937641098,0.506776857491688,0.132073768226337,0.0760587766633087,0.504205057156629,0.0334097610986068,0.549732265291548,0.509448379790816
"chr8",45150001,45250000,45200000.5,0.0749664323991746,0.0787416534496943,0.0261101198960751,0.467531557842559,0.129785065998048,0.0912853072107804,0.475782238594126,0.0283018149351848,0.516601571924408,0.486000835166105
"chr8",45225001,45325000,45275000.5,0.0445258975837537,0.0553556875695061,0.0254027608480921,0.536653351418972,0.0996842036355152,0.0624820567255822,0.553770146636762,0.0169578975459756,0.593070494530487,0.564989285504507
"chr8",45300001,45400000,45350000.5,0.0530986128678645,0.0557085839887285,0.0191225692452824,0.520020638514065,0.107450362730124,0.0571767545188607,0.519216054892025,0.0195485560645202,0.555822251681644,0.528728533947866
"chr8",45375001,45475000,45425000.5,0.0600985377193603,0.038047593885504,0.0126270015506953,0.541085330494517,0.105153364709895,0.0721196779823751,0.525152480072461,0.0141473004563195,0.561520127180627,0.552633982223955
"chr8",45450001,45550000,45500000.5,0.0561428432199312,0.059113885867676,0.0268764365840345,0.561522578816822,0.0795957555428987,0.0496986430215612,0.535043210092198,0.0104876656122779,0.584542613011902,0.563341367895571
"chr8",45525001,45625000,45575000.5,0.0385477185093268,0.0454083805866456,0.0123158805019308,0.492801829889753,0.0734106403993034,0.0398088364406162,0.486602351141135,0.0214753134942543,0.538016056849385,0.518217620422881
"chr8",45600001,45700000,45650000.5,0.0424472290124693,0.0848505998919218,0.0190715603429017,0.502922994603436,0.141475528301875,0.0669356300341755,0.50161810633213,0.0268191205208074,0.600580304172593,0.539845075754716
"chr8",45675001,45775000,45725000.5,0.0505079592878556,0.0620229427975573,0.0214502557170066,0.5350605769908,0.107375488340908,0.0607310503779157,0.536777596413146,0.0212509575459896,0.58207853816315,0.550776651916273
"chr8",45750001,45850000,45800000.5,0.0454433727730515,0.076971598308038,0.0244422125764736,0.531424771267198,0.0896771179751593,0.0506368398058826,0.51873527170919,0.0329290040874754,0.577222167277674,0.543432967085643
"chr8",45825001,45925000,45875000.5,0.0884195560681846,0.143133294681378,0.0461161074344441,0.519142281531031,0.144529736025907,0.0762422274673733,0.485351465692118,0.0382453370015043,0.577412722854191,0.515768617546972
"chr8",45900001,4.6e+07,45950000.5,0.0636882880986064,0.0706703742621196,0.0215684364263166,0.474205899421673,0.133739401905307,0.0583990561627634,0.451891005990996,0.0335619382536472,0.52241118850341,0.472830675858954
"chr8",45975001,46075000,46025000.5,0.105626456982306,0.0903900046438071,0.0961539089928138,0.189083544434361,0.120274517167976,0.123453315199917,0.229242704211532,0.096657409654943,0.192236841900851,0.191222515246621
"chr8",46050001,46150000,46100000.5,0.0555949987199123,0.0651307701921292,0.00641303063834104,0.52763278973585,0.111028271038771,0.0467072522551214,0.506195881872092,0.0417176204845685,0.562405478253092,0.528254994012883
"chr8",46125001,46225000,46175000.5,0.0782127501355226,0.0479734308593753,0.00896699945756632,0.534693326928084,0.144818135662566,0.0806198158807697,0.501644186083755,0.0339276603870402,0.578710017324488,0.527025662288333
"chr8",46275001,46375000,46325000.5,0.0787623359908324,0.0431302960760736,0.0160174755453573,0.543537057720164,0.137457590613287,0.0889020667233806,0.52763115685106,0.0221573429734876,0.588319968617319,0.5591955627219
"chr8",46350001,46450000,46400000.5,0.046379836849557,0.0683323603977013,0.0145134549485996,0.478566301707211,0.100470678957463,0.0401776485286361,0.480504616121494,0.0260600585386174,0.556409773169723,0.499520996746305
"chr8",46425001,46525000,46475000.5,0.0868852504822216,0.0845237279497309,0.0799349624094522,0.175241434862696,0.107843729118412,0.0970322371073937,0.204094241580543,0.0871175232456578,0.177287513785038,0.177420638752371
"chr8",46500001,46600000,46550000.5,0.100460455080001,0.0963501155155257,0.0938631532272749,0.190090072861181,0.130254153029306,0.110670243330165,0.212122424186437,0.100820114831809,0.201994814292333,0.184152790582449
"chr8",46650001,46750000,46700000.5,0.0598279250218946,0.0938116859073127,0.0126290321263334,0.514754614936973,0.132568054802107,0.0664174166283583,0.531072678367181,0.0645077433003931,0.589970356602905,0.530344386404838
"chr8",46725001,46825000,46775000.5,0.0649811112285602,0.100561344636596,0.00832803617344093,0.472855418597582,0.169215459630311,0.0572399702236886,0.459050408073714,0.0896649841303787,0.560720530817928,0.461780129409489
"chr8",46800001,46900000,46850000.5,0.0455914719342708,0.0811371658840063,0.0239958952941044,0.47233266632384,0.16518048245591,0.0832437678975094,0.490483670713832,0.029510324999238,0.57185424200623,0.511153543005466
"chr8",46875001,46975000,46925000.5,0.0829510878626524,0.0700182546343602,0.021478159894589,0.511587253915761,0.163733042195761,0.102235211376676,0.487854145280693,0.0253882235402145,0.585679800176893,0.547718397003837
"chr8",46950001,47050000,47000000.5,0.0954357207295964,0.0905414930966231,0.0892344607754721,0.177359913375371,0.109080749766663,0.105657486422539,0.194757672197067,0.0913000250472778,0.193858337870188,0.167817687219628
"chr8",47025001,47125000,47075000.5,0.0443136289798932,0.0943873582816911,0.0189703838204779,0.474083592741286,0.125935230780383,0.054034738717115,0.472618211385006,0.038403102895984,0.557217981638121,0.495279722790584
"chr8",47100001,47200000,47150000.5,0.097732617253465,0.0465882181557107,0.0120331187228031,0.532418492521617,0.158022518414414,0.1072622735203,0.515833639664582,0.0151589215357698,0.583976966735061,0.541245822372476
"chr8",47175001,47275000,47225000.5,0.0984209701028853,0.0957869021165544,0.017974413870879,0.46684155518295,0.229040583625136,0.115273339640212,0.465300427806103,0.0472209461851169,0.579159616037854,0.500107128071353
"chr8",47250001,47350000,47300000.5,0.057857347771065,0.121884948895218,0.0136472391262292,0.520675459368439,0.197383637216557,0.0751016753903234,0.535396441029967,0.0655307445755821,0.641945162303187,0.539855589004579
"chr8",47325001,47425000,47375000.5,0.0656708991412606,0.14773368128709,0.0198700806092519,0.512775360446272,0.23364016391016,0.0937264628995373,0.507193844374659,0.109210970514042,0.616345214835186,0.508316321478386
"chr8",47400001,47500000,47450000.5,0.0824745360727143,0.10480569560352,0.0132381025525336,0.477524935157882,0.203209018226368,0.0950648637723604,0.460725702813482,0.06205604116121,0.563546347230541,0.480822289990405
"chr8",47475001,47575000,47525000.5,0.0691542609909144,0.16642341324345,0.0262971377031273,0.515135154644571,0.20949213566331,0.071514189485134,0.516534301055076,0.0816760512272849,0.614147486572184,0.519796644033399
"chr8",47550001,47650000,47600000.5,0.112241592365205,0.107531798122721,0.102299900113777,0.205736807593406,0.146249867770409,0.12948053278345,0.252362453218647,0.115723671193876,0.234939666557661,0.199993680234426
"chr8",47625001,47725000,47675000.5,0.0575792806284419,0.0872532948837,0.0140623707144377,0.520556099083622,0.181355139351958,0.073366820858408,0.494853723485653,0.0484525492951803,0.591558678112861,0.521632206812143
"chr8",47700001,47800000,47750000.5,0.0874265304696118,0.0649244295526635,0.0168857107406125,0.540188831852715,0.160465980955285,0.0980704284029784,0.572332507866851,0.02449722482646,0.585928181835187,0.5391198358944
"chr8",47775001,47875000,47825000.5,0.0958276286879616,0.0937394447476673,0.0935967191688392,0.178916654871856,0.129553738135275,0.117402301772573,0.202359779433114,0.10236235057868,0.203808071444159,0.179131418996102
"chr8",47850001,47950000,47900000.5,0.0705247617338963,0.0849870469603321,0.00893010854531965,0.543969262729546,0.137370988163943,0.0640374336733511,0.501202668711402,0.0493207201440186,0.615886861634433,0.547294747960897
"chr8",47925001,48025000,47975000.5,0.0458714566883622,0.0833922552708558,0.0209562922519821,0.518317874727158,0.145757748175273,0.064550416661494,0.517045589884612,0.0405890783553079,0.588828981241412,0.542774799470471
"chr8",48000001,48100000,48050000.5,0.0749231919628619,0.133581965890892,0.0383922276089657,0.454154572339526,0.198320179544159,0.0812777775758778,0.457640318173376,0.0458771350669316,0.550321425551194,0.477952183463073
"chr8",48075001,48175000,48125000.5,0.087604939341613,0.178334512613657,0.042193499101251,0.475338972071665,0.166005012618514,0.0691295977799109,0.480866876667764,0.0852149962084684,0.56328665963603,0.481715664517193
"chr8",48150001,48250000,48200000.5,0.0810086096037474,0.226776808422351,0.0370010663128083,0.516964192180455,0.186374196514301,0.0663135445018258,0.515200267849813,0.131390542059826,0.619442959499652,0.518184099872679
"chr8",48225001,48325000,48275000.5,0.0676898389918796,0.161265859262844,0.0435057858981202,0.494000985181402,0.1868711309972,0.0748117582918151,0.477041665617341,0.0639942404066103,0.60156663494271,0.507591403306793
"chr8",48300001,48400000,48350000.5,0.0636046429889444,0.0915203373308086,0.0177293492577582,0.44156414910375,0.161753295542597,0.08875479638631,0.464975505748363,0.0488191188525554,0.538636509631707,0.458513013381515
"chr8",48375001,48475000,48425000.5,0.0880702937526951,0.098671073072102,0.0111251499328989,0.526342321555237,0.195944268931029,0.112023431331189,0.52524117105085,0.044481511766084,0.613555709016897,0.552828742930548
"chr8",48450001,48550000,48500000.5,0.0888133813264627,0.0407892728779151,0.00638622836329267,0.511631033935961,0.141189153960649,0.0901422243613659,0.531207450277158,0.0260753368989632,0.566925387097924,0.510836226273041
"chr8",48525001,48625000,48575000.5,0.0804973245468688,0.0489252992713184,0.0156309112792322,0.461876770925151,0.101931155007516,0.0656004124952769,0.518954946294992,0.022288781654017,0.492478138733531,0.451275873517784
"chr8",48600001,48700000,48650000.5,0.04048987844192,0.0776403735745612,0.0159431177212625,0.441624370602295,0.118562873355187,0.0449247221544534,0.452213462155575,0.0319350949744365,0.518461919410896,0.452688962433092
"chr8",48675001,48775000,48725000.5,0.0569282371463678,0.0342533454758032,0.0117746808751578,0.486770044727795,0.0871631093185723,0.0691546165877134,0.498579251600592,0.0203498436800329,0.517452266366864,0.489985933857644
"chr8",48825001,48925000,48875000.5,0.0856230160224437,0.0863917555223924,0.0796434109933398,0.163434369835529,0.107307047205734,0.0968765650728441,0.185868413321349,0.0837248382167335,0.189356964779183,0.178889141811314
"chr8",48900001,4.9e+07,48950000.5,0.0665448995675529,0.100784672389228,0.0086329775225697,0.470280273528995,0.184707783679037,0.0660266777090906,0.473475997432327,0.0529890291376447,0.529857553886488,0.472701637915375
"chr8",48975001,49075000,49025000.5,0.0729429459331515,0.0579304724105122,0.0112673259500818,0.521771684381408,0.142909485245268,0.0907069635907252,0.48752116668997,0.0164142615961403,0.574040811661604,0.540241662017982
"chr8",49050001,49150000,49100000.5,0.0766702746625954,0.10651440668552,0.0302131239271056,0.493205798734732,0.23137468021724,0.133020159121519,0.51161974890834,0.0276076046835496,0.571518742192461,0.519647831290922
"chr8",49125001,49225000,49175000.5,0.0908037782499767,0.130585255435487,0.039479547804458,0.550867383212328,0.281399812746914,0.1631312022988,0.562161520352821,0.0307913126370171,0.639870264572081,0.577814096175365
"chr8",49200001,49300000,49250000.5,0.0824436975740793,0.11510750967017,0.0546836101934365,0.514369594479285,0.220293267045212,0.144392337026756,0.554660816127802,0.0206442691785831,0.576956666410847,0.529844473658096
"chr8",49275001,49375000,49325000.5,0.11613448572707,0.108978138905816,0.107915595876915,0.209276019747333,0.136131363146078,0.132467653132132,0.227578729983811,0.1037173760604,0.239403543665917,0.217468668385295
"chr8",49350001,49450000,49400000.5,0.0880873909386424,0.151034176308115,0.0542825226605643,0.51677351722687,0.310300126958789,0.172320492333921,0.531588105001747,0.0321765070025567,0.651902895145562,0.564322397121392
"chr8",49425001,49525000,49475000.5,0.113009883350423,0.230309901712251,0.0812446696812112,0.597511167076439,0.436978931919809,0.26494091077313,0.640027411360491,0.0463840774974748,0.767197013955066,0.673584153270912
"chr8",49500001,49600000,49550000.5,0.14450121223495,0.325058610528107,0.0941194923655684,0.731962801412246,0.579385838058565,0.336381105434615,0.81204578682756,0.0975607068091542,0.854041966828932,0.765923853781212
"chr8",49575001,49675000,49625000.5,0.185508489554475,0.365046696577646,0.0956843510261829,0.739724646972365,0.611889573280718,0.33927052612049,0.846499112387683,0.115930089756087,0.861854968466643,0.762014321386564
"chr8",49650001,49693984,49671992.5,0.134784147973696,0.303682884205601,0.0845542462852737,0.768736903890284,0.525273635702106,0.293144825285331,0.87057961618577,0.0953348820722237,0.83209807373739,0.774010068714006
